# EGAF thermal-capture cascade for Al27(n,g)Al28; Sn_keV=7725.174 sigma_th_b=0.231 primary_coverage=0.8104 Egamma_over_Sn=0.861
S,7725.1740,49
L,0,0.0000
L,1,30.6383
L,2,972.4000
L,3,1013.6080
L,4,1372.9930
L,5,1620.3000
L,6,1622.9270
L,7,2138.9210
L,8,2201.4300
L,9,2271.7850
L,10,2486.1620
L,11,2565.6900
L,12,2581.9800
L,13,2656.0800
L,14,2987.8200
L,15,3296.3800
L,16,3347.1850
L,17,3465.2880
L,18,3591.4360
L,19,3670.7800
L,20,3709.2030
L,21,3875.7750
L,22,3900.9810
L,23,3935.5690
L,24,4244.4100
L,25,4461.9100
L,26,4596.5200
L,27,4691.0970
L,28,4764.9120
L,29,4903.5740
L,30,5015.4100
L,31,5134.8490
L,32,5176.9700
L,33,5377.8200
L,34,5442.2760
L,35,5741.1160
L,36,5797.5720
L,37,5860.7800
L,38,6019.6050
L,39,6198.8790
L,40,6316.7890
L,41,6419.9200
L,42,6441.4450
L,43,6623.0900
L,44,6651.2000
L,45,6756.6800
L,46,6893.7310
L,47,7176.4700
L,48,7269.3900
L,49,7725.1700
T,1,0,30.6383,0.345455
T,2,1,941.7500,0.0106494
T,3,1,982.9510,0.0390476
T,3,0,1013.5880,0.024026
T,4,2,400.5890,0.0061039
T,4,1,1342.3200,0.00904762
T,4,0,1372.9570,0.00125541
T,5,2,647.9000,0.000238095
T,5,1,1589.6200,0.0106926
T,5,0,1620.2600,0.000692641
T,6,1,1592.2400,0.00307359
T,6,0,1622.8770,0.0428139
T,7,3,1125.2890,0.00359307
T,7,1,2108.1970,0.0237662
T,7,0,2138.8330,0.018355
T,8,6,578.5600,0.00030303
T,8,2,1229.0100,0.000692641
T,8,1,2170.7000,0.00354978
T,9,0,2271.6860,0.0171429
T,10,6,863.2200,0.000484848
T,10,5,865.8400,0.00376623
T,10,1,2455.4080,0.00030303
T,10,0,2486.0440,0.00112554
T,11,5,945.3700,0.00203463
T,11,1,2534.9300,0.00103896
T,12,9,310.2000,2.25108e-05
T,12,0,2581.8500,0.000424242
T,13,3,1642.4200,0.00294372
T,14,6,1364.8600,0.00285714
T,14,3,1974.1400,0.000212121
T,14,0,2987.6500,0.00341991
T,15,6,1673.4000,0.00190476
T,15,1,3265.5380,0.00354978
T,16,1,3316.3360,0.000212121
T,16,0,3346.9700,0.00480519
T,17,9,1193.4760,0.00419913
T,17,3,2451.5650,0.00458874
T,17,0,3465.0580,0.0632035
T,18,6,1968.4350,0.000735931
T,18,3,2577.7010,0.0178355
T,18,1,3560.5550,0.00891775
T,18,0,3591.1890,0.04329
T,19,6,2047.7700,0.000593074
T,19,1,3639.8900,0.000865801
T,20,9,1437.4000,0.00225108
T,20,7,1570.2400,0.00164502
T,20,1,3678.3050,0.00264069
T,20,0,3708.9390,0.00380952
T,21,5,2255.3700,0.00471861
T,21,4,2502.6620,0.00125541
T,21,3,2862.0100,0.000320346
T,21,2,2903.2100,9.52381e-05
T,21,0,3875.4870,0.0267532
T,22,6,2277.9500,0.00034632
T,22,3,2887.2140,0.00164502
T,22,0,3900.6900,0.00212121
T,23,6,2312.5390,0.000298701
T,23,3,2921.7970,0.00229437
T,23,1,3904.6380,0.0017316
T,23,0,3935.2720,0.00272727
T,24,3,3230.6000,0.000229437
T,24,1,4213.4300,0.00047619
T,25,3,3448.0700,0.000272727
T,25,0,4461.5300,0.000354978
T,26,6,2973.4200,0.000203463
T,26,2,3623.8700,0.000727273
T,26,1,4565.4800,0.000229437
T,26,0,4596.1200,0.00121212
T,27,9,2419.2000,0.00118615
T,27,7,2552.0520,0.000606061
T,27,6,3067.9900,0.000822511
T,27,1,4660.0430,0.0261905
T,27,0,4690.6760,0.047013
T,28,18,1173.4500,0.00285714
T,28,8,2563.3500,0.000909091
T,28,7,2625.8590,0.0114286
T,28,4,3391.6990,0.00506494
T,28,3,3751.0350,0.000298701
T,28,1,4733.8440,0.0545455
T,28,0,4764.4770,0.00909091
T,29,13,2247.4000,0.000337662
T,29,3,3889.6760,0.00203463
T,29,0,4903.1130,0.0309957
T,30,15,1718.9700,0.000692641
T,30,9,2743.4800,0.000380952
T,30,3,4001.4900,0.00155844
T,30,1,4984.2900,0.00103896
T,30,0,5014.9200,2.55411e-05
T,31,3,4120.9150,0.000337662
T,31,2,4162.1200,0.000160173
T,31,1,5103.7110,0.00419913
T,31,0,5134.3430,0.0312554
T,32,10,2690.6700,0.000246753
T,32,4,3803.7000,9.52381e-05
T,32,0,5176.4500,0.000735931
T,33,6,3754.6300,0.000363636
T,33,0,5377.2700,0.000779221
T,34,11,2876.4300,0.000606061
T,34,7,3303.1460,0.0104329
T,34,5,3821.6900,0.000281385
T,34,4,4068.9660,0.00212121
T,34,1,5411.0770,0.0208225
T,34,0,5441.7090,0.000125541
T,35,10,3254.7510,0.000186147
T,35,1,5709.8530,0.00640693
T,36,4,4424.2000,0.00290043
T,36,3,4783.5300,9.52381e-05
T,36,1,5766.2960,0.00393939
T,36,0,5796.9280,0.0012987
T,37,8,3659.0900,0.000735931
T,37,7,3721.5900,0.000606061
T,37,6,4237.5100,0.000506494
T,37,1,5829.4900,0.000109957
T,37,0,5860.1200,0.00164502
T,38,6,4396.3100,0.000493506
T,38,3,5005.5170,0.000406926
T,38,1,5988.2790,0.000194805
T,38,0,6018.9110,0.00158442
T,39,9,3926.7990,0.000194805
T,39,7,4059.6430,0.000255411
T,39,6,4575.5510,0.00307359
T,39,3,5184.7560,0.000255411
T,39,0,6198.1430,0.00909091
T,40,18,2725.2100,0.000177489
T,40,15,3020.2330,0.000606061
T,40,9,4044.6900,0.000194805
T,40,3,5302.6420,0.00536797
T,40,2,5343.8400,0.000144156
T,40,0,6316.0240,0.021645
T,41,17,2954.4700,0.00424242
T,41,8,4218.1500,0.000229437
T,41,7,4280.6500,0.00160173
T,41,2,5446.9500,0.000298701
T,41,0,6419.1300,0.000909091
T,42,12,3859.1800,0.00038961
T,42,9,4169.3270,0.00121212
T,42,3,5427.2730,0.000735931
T,42,0,6440.6500,0.00636364
T,43,14,3635.0100,8.65801e-05
T,43,1,6591.6200,0.00186147
T,43,0,6622.2500,0.00160173
T,44,11,4085.1900,6.92641e-05
T,44,7,4511.8900,0.000709957
T,44,4,5277.6800,0.000177922
T,44,1,6619.7300,0.00402597
T,45,21,2880.7400,0.000229437
T,45,16,3409.2700,0.000194805
T,45,14,3768.5800,0.000108225
T,45,13,4100.2800,0.000134199
T,45,10,4270.1600,0.000458874
T,45,9,4484.5100,0.000601732
T,45,1,6725.1700,0.00116883
T,46,28,2128.7320,0.00272727
T,46,21,3017.7810,0.000519481
T,46,19,3222.7500,0.000415584
T,46,9,4621.5400,0.00161039
T,46,7,4754.3770,0.0034632
T,46,3,5879.4600,0.000220779
T,46,1,6862.1900,0.00155844
T,47,4,5802.8300,0.000298701
T,47,3,6162.1400,0.000108225
T,47,0,7175.4900,0.00112554
T,48,24,3024.8100,0.0004329
T,48,19,3598.3600,0.00103896
T,48,13,4612.9100,0.000134199
T,48,7,5129.9700,0.000904762
T,48,3,6255.0300,0.000118615
T,48,1,7237.7500,0.000735931
T,48,0,7268.3800,0.000320346
T,49,48,455.7700,0.00335065
T,49,47,548.6900,0.00230736
T,49,46,831.4260,0.011645
T,49,45,968.4800,0.00341991
T,49,44,1073.9400,0.004329
T,49,43,1102.0600,0.00445887
T,49,42,1283.6930,0.00961039
T,49,41,1305.2100,0.00186147
T,49,40,1408.3440,0.0277056
T,49,39,1526.2460,0.0146753
T,49,38,1705.5090,0.0034632
T,49,37,1864.3300,0.00393939
T,49,36,1927.5270,0.011342
T,49,35,1983.9780,0.00896104
T,49,34,2282.7940,0.0385281
T,49,33,2347.2400,0.00147186
T,49,32,2548.0800,0.00112554
T,49,31,2590.1930,0.0349351
T,49,30,2709.6200,0.00606061
T,49,29,2821.4440,0.0325541
T,49,27,3033.8960,0.0774892
T,49,26,3128.4600,0.00233766
T,49,25,3263.0600,0.000848485
T,49,24,3480.5300,0.000779221
T,49,23,3789.3260,0.0082684
T,49,22,3823.9090,0.00493506
T,49,21,3849.1110,0.0302597
T,49,20,4015.6580,0.00718615
T,49,19,4054.0700,0.00160173
T,49,18,4133.4070,0.0645022
T,49,17,4259.5340,0.0662338
T,49,16,4377.6180,0.00445887
T,49,15,4428.4140,0.00800866
T,49,14,4736.9200,0.004329
T,49,13,5068.6000,0.00160173
T,49,12,5142.6900,0.000125541
T,49,10,5238.4820,0.00233766
T,49,9,5452.8150,0.00199134
T,49,8,5523.1500,0.000735931
T,49,7,5585.6510,0.0120779
T,49,6,6101.5290,0.0246753
T,49,4,6351.4040,0.00138528
T,49,3,6710.6990,0.00952381
T,49,2,6751.9000,0.000493506
T,49,1,7693.3970,0.0350649
T,49,0,7724.0270,0.21342
