# EGAF thermal-capture cascade for Ca43(n,g)Ca44; Sn_keV=11131.175 sigma_th_b=6.2 primary_coverage=0.5363 Egamma_over_Sn=0.697
S,11131.1752,45
L,0,0.0000
L,1,1156.9500
L,2,1883.7000
L,3,2283.0800
L,4,2656.3100
L,5,3044.3200
L,6,3285.0000
L,7,3301.7000
L,8,3307.6600
L,9,3357.2300
L,10,3661.5000
L,11,3676.2500
L,12,3711.9500
L,13,3776.3000
L,14,3913.7200
L,15,3922.5900
L,16,4011.4000
L,17,4092.0100
L,18,4195.7000
L,19,4358.3000
L,20,4399.1000
L,21,4479.8000
L,22,4564.8000
L,23,4584.0600
L,24,4651.0000
L,25,4689.9000
L,26,4801.1000
L,27,4904.4000
L,28,5005.7000
L,29,5096.8000
L,30,5130.0900
L,31,5230.2900
L,32,5289.2000
L,33,5300.4000
L,34,5342.1000
L,35,5374.7000
L,36,5458.8000
L,37,5548.8000
L,38,5733.3000
L,39,5775.7000
L,40,5866.7000
L,41,6039.9000
L,42,6146.1000
L,43,6211.3000
L,44,6673.0000
L,45,11131.5400
T,1,0,1156.9400,1.05174
T,2,1,726.7000,0.00430258
T,2,0,1883.6000,0.0920274
T,3,1,1126.1200,0.562921
T,4,1,1499.3300,0.0597581
T,4,0,2656.2300,0.00836613
T,5,3,761.2300,0.0776855
T,5,1,1887.3300,0.0621484
T,6,3,1001.9000,0.0764903
T,7,1,2144.7000,0.0191226
T,7,0,3301.6000,0.00717097
T,8,3,1024.5600,0.0215129
T,8,1,2150.6500,0.0693194
T,9,3,1074.1400,0.112345
T,9,1,2200.2200,0.0179274
T,10,8,353.8000,7.64903e-06
T,10,4,1005.2000,1.0876e-05
T,10,2,1777.8000,0.000872468
T,10,1,2504.5000,0.000322694
T,10,0,3661.3000,0.00239032
T,11,8,368.5900,0.00573677
T,11,1,2519.2200,0.0191226
T,12,8,404.2800,0.0490016
T,12,3,1428.8400,0.0215129
T,13,1,2619.2000,0.0155371
T,14,6,628.7200,0.0262935
T,14,5,869.3900,0.0262935
T,15,6,637.5900,0.0179274
T,15,5,878.2600,0.0155371
T,15,3,1639.4800,0.00788806
T,16,12,299.5000,0.00119516
T,17,6,807.0100,0.0155371
T,17,3,1808.8900,0.00741
T,18,1,3038.7000,0.0215129
T,19,8,1050.5900,0.0066929
T,20,1,3242.1000,0.00609532
T,21,1,3322.7000,0.00681242
T,22,14,651.0800,0.0203177
T,22,3,2281.6600,0.00490016
T,22,0,4564.5500,0.00478065
T,23,8,1276.3800,0.00191226
T,23,5,1539.7100,0.00836613
T,23,3,2300.9100,0.00860516
T,23,1,3426.9700,0.0215129
T,24,4,1994.6000,0.00824661
T,24,0,4650.7000,0.0119516
T,25,1,3532.8000,0.0081271
T,26,1,3644.0000,0.00609532
T,27,4,2248.1000,0.00561726
T,27,1,3747.3000,0.00884419
T,28,14,1091.9300,0.00179274
T,28,9,1648.4000,0.0179274
T,28,3,2722.4900,0.0262935
T,28,1,3848.5300,0.00310742
T,29,14,1183.1000,0.0066929
T,30,9,1772.8200,0.00705145
T,30,3,2846.9100,0.0215129
T,30,1,3972.9500,0.0179274
T,31,9,1873.0200,0.0310742
T,31,5,2185.9100,0.0029879
T,31,3,2947.1000,0.0430258
T,32,3,3006.0000,0.0123102
T,33,12,1588.5000,0.00573677
T,34,1,4185.0000,0.00141029
T,35,4,2718.3000,0.0227081
T,35,1,4217.6000,0.00752952
T,36,3,3175.6000,0.00478065
T,36,1,4301.6000,0.00239032
T,37,4,2892.4000,0.003705
T,37,3,3265.6000,0.00585629
T,37,1,4391.7000,0.00418306
T,38,9,2375.9800,0.00310742
T,38,5,2688.8700,0.00406355
T,38,3,3450.0500,0.0191226
T,39,11,2099.4000,0.00573677
T,39,7,2474.0000,0.0029879
T,39,5,2731.3300,0.00394403
T,39,4,3119.3000,0.00155371
T,39,3,3492.5000,0.0118321
T,39,1,4618.5300,0.00430258
T,40,9,2509.3000,0.00167323
T,40,3,3583.4000,0.00705145
T,41,9,2682.6000,0.00262935
T,42,17,2054.1000,0.00621484
T,42,3,3862.9000,0.00717097
T,42,0,6145.7000,0.000537823
T,43,14,2297.5000,0.00215129
T,44,23,2088.9000,0.00944177
T,44,13,2896.6000,0.00179274
T,44,5,3628.5000,0.00322694
T,45,44,4458.3000,0.0203177
T,45,43,4919.9000,0.00980032
T,45,42,4985.1000,0.0121906
T,45,41,5091.3000,0.00430258
T,45,40,5264.5000,0.0129077
T,45,39,5355.4500,0.0310742
T,45,38,5397.9000,0.0406355
T,45,37,5582.3000,0.0107565
T,45,36,5672.3000,0.00537823
T,45,35,5756.4000,0.00920274
T,45,34,5789.0000,0.00382452
T,45,33,5830.7000,0.010876
T,45,32,5841.9000,0.0126687
T,45,31,5900.8200,0.0752952
T,45,30,6001.0100,0.03705
T,45,29,6034.3000,0.0127882
T,45,28,6125.4200,0.0406355
T,45,27,6226.6000,0.00908323
T,45,26,6329.9000,0.00645387
T,45,25,6441.1000,0.00418306
T,45,24,6480.0000,0.0250984
T,45,23,6546.9600,0.0250984
T,45,22,6566.2100,0.00609532
T,45,21,6651.2000,0.00454161
T,45,20,6731.8000,0.00155371
T,45,19,6772.7200,0.0081271
T,45,18,6935.2000,0.00956129
T,45,16,7119.5000,0.000872468
T,45,15,7208.3100,0.0167323
T,45,13,7354.6000,0.00525871
T,45,12,7418.9300,0.00800758
T,45,11,7454.6100,0.000872468
T,45,9,7773.5700,0.0334645
T,45,8,7823.1400,0.00179274
T,45,7,7829.1000,0.00645387
T,45,5,8086.4200,0.00729048
T,45,4,8474.3500,0.000764903
T,45,3,8847.5000,0.00406355
T,45,1,9973.3800,0.00119516
