# EGAF thermal-capture cascade for Cd113(n,g)Cd114; Sn_keV=9042.966 sigma_th_b=20600 primary_coverage=0.0956 Egamma_over_Sn=0.255
S,9042.9656,52
L,0,0.0000
L,1,558.4110
L,2,1134.5000
L,3,1209.6210
L,4,1283.6000
L,5,1305.5400
L,6,1364.2870
L,7,1732.0600
L,8,1841.8900
L,9,1859.4500
L,10,1864.0900
L,11,1932.4700
L,12,1957.8400
L,13,2047.9400
L,14,2152.0100
L,15,2204.3400
L,16,2218.8100
L,17,2298.2700
L,18,2384.5700
L,19,2391.1000
L,20,2437.4900
L,21,2455.8300
L,22,2460.4800
L,23,2525.2400
L,24,2553.8600
L,25,2580.1900
L,26,2636.5400
L,27,2650.0300
L,28,2660.8100
L,29,2700.0300
L,30,2749.5100
L,31,2757.5000
L,32,2767.5400
L,33,2788.5400
L,34,2800.0500
L,35,2806.4900
L,36,2811.5600
L,37,2820.0600
L,38,2935.5900
L,39,2953.1000
L,40,2956.7100
L,41,2999.6900
L,42,3002.2660
L,43,3052.2600
L,44,3077.7000
L,45,3098.6300
L,46,3108.8400
L,47,3110.4000
L,48,3157.0200
L,49,3205.6900
L,50,3218.6000
L,51,3258.6600
L,52,9043.1800
T,1,0,558.3200,0.739774
T,2,1,576.0400,0.0423295
T,3,2,74.9500,0.00488417
T,3,1,651.1900,0.142157
T,3,0,1209.6500,0.048405
T,4,1,725.1900,0.0423692
T,5,3,95.8800,0.00841825
T,5,1,746.4700,0.00377233
T,6,2,229.8900,0.00115552
T,6,1,805.8500,0.0530112
T,6,0,1364.3000,0.0487226
T,7,6,367.8000,0.00198544
T,7,4,448.5100,0.00123097
T,7,3,522.4400,0.00420913
T,8,6,477.5600,0.00480476
T,8,5,536.2600,0.00305757
T,8,3,632.1700,0.000754466
T,8,2,707.3900,0.0116347
T,8,1,1283.4500,0.0188617
T,9,6,495.3500,0.000567835
T,9,1,1300.9800,0.0123494
T,10,4,580.4500,0.00250165
T,10,3,654.4700,0.0135407
T,11,7,200.7000,0.00013501
T,11,4,648.7900,0.0135407
T,11,3,722.9200,0.00607544
T,12,7,225.7700,0.000218398
T,12,6,593.4500,0.000873592
T,12,3,748.0400,0.0146922
T,12,1,1399.5400,0.0387954
T,13,12,90.1000,0.000516214
T,13,8,205.0400,0.00036135
T,13,5,742.5400,0.00345466
T,13,1,1489.5300,0.0272005
T,13,0,2047.5800,0.00285903
T,14,7,419.9800,0.00045665
T,14,4,868.2700,0.000714757
T,14,3,942.4800,0.000794175
T,15,6,839.6300,0.00321641
T,15,4,920.7800,0.00440767
T,15,3,994.6300,0.00460621
T,15,1,1646.2400,0.00575777
T,16,1,1660.3600,0.0264857
T,17,4,1014.6600,0.00158835
T,18,12,426.5200,0.000778291
T,18,1,1826.1900,0.0100066
T,19,7,659.5000,0.000357379
T,19,4,1107.4900,0.0018266
T,20,1,1879.0600,0.00655194
T,21,6,1091.8400,0.000714757
T,21,0,2455.9300,0.0346657
T,22,10,596.3300,0.00154864
T,22,4,1176.8800,0.00242223
T,23,12,567.4000,0.00154864
T,23,9,665.4000,0.000357379
T,23,6,1161.2300,0.00297816
T,23,5,1219.5300,0.0027399
T,23,3,1315.5300,0.00321641
T,23,1,1966.8000,0.00170748
T,24,1,1995.4300,0.00424883
T,25,13,532.6000,0.000794175
T,25,12,622.0000,0.000555922
T,25,3,1370.5500,0.011992
T,26,3,1426.0000,0.000516214
T,26,1,2078.1400,0.00615485
T,27,6,1286.3500,0.00222369
T,27,0,2649.6300,0.00643282
T,28,1,2102.3900,0.0095301
T,29,1,2141.6000,0.00277961
T,30,1,2191.0800,0.00444738
T,31,1,2199.1000,0.000833883
T,32,1,2208.9900,0.00555922
T,32,0,2767.6700,0.00889476
T,33,1,2230.1000,0.00615485
T,33,0,2788.7000,0.00158835
T,34,1,2241.8000,0.00246194
T,34,0,2799.9800,0.0109596
T,35,4,1522.8900,0.00127068
T,35,1,2248.0000,0.00194573
T,36,12,854.1800,0.00111184
T,36,6,1447.9000,0.00154864
T,36,1,2253.1800,0.00595631
T,36,0,2811.1000,0.00607544
T,37,16,600.9000,0.000555922
T,37,12,862.3300,0.00095301
T,38,22,474.4000,0.000595631
T,38,4,1652.1000,0.00202515
T,39,14,801.0500,0.00178689
T,39,1,2394.6800,0.00655194
T,40,1,2398.2700,0.00889476
T,41,1,2442.1000,0.00150893
T,41,0,2999.6900,0.0115552
T,43,0,3052.0900,0.00595631
T,44,0,3077.7000,0.00166777
T,46,1,2550.3000,0.0153673
T,46,0,3109.0800,0.0113567
T,48,2,2022.3800,0.00377233
T,48,1,2598.6300,0.00333553
T,49,16,986.9500,0.00123097
T,49,12,1247.7000,0.000873592
T,49,5,1899.9800,0.00166777
T,50,16,999.5400,0.00123097
T,50,12,1261.0400,0.00289874
T,50,6,1853.8000,0.00115155
T,50,1,2659.9600,0.0254136
T,50,0,3218.9600,0.00754466
T,51,21,803.4200,0.00464592
T,51,18,873.3000,0.000357379
T,51,8,1416.6500,0.00158835
T,51,1,2699.5500,0.00551951
T,52,51,5784.3900,0.00734612
T,52,50,5824.3100,0.0274387
T,52,49,5837.1000,0.00198544
T,52,48,5885.1000,0.0013501
T,52,46,5934.3900,0.00766379
T,52,45,5943.9000,0.00397087
T,52,43,5990.2000,0.00142951
T,52,41,6044.3000,0.00115155
T,52,36,6231.3000,0.00170748
T,52,33,6254.5000,0.000714757
T,52,28,6382.5000,0.00103243
T,52,27,6394.8000,0.00031767
T,52,25,6462.7000,0.00214427
T,52,23,6518.4000,0.00150893
T,52,21,6587.2000,0.00277961
T,52,20,6605.4000,0.00420913
T,52,16,6823.8700,0.0063534
T,52,13,6995.0000,0.00131039
T,52,8,7200.2000,0.00031767
T,52,6,7678.5900,0.00675049
T,52,5,7737.5300,0.00349437
T,52,3,7833.5000,0.00285903
T,52,1,8484.6000,0.00472534
T,52,0,9042.9000,0.00305757
