# EGAF thermal-capture cascade for Cr54(n,g)Cr55; Sn_keV=6246.263 sigma_th_b=0.36 primary_coverage=1.0000 Egamma_over_Sn=1.155
S,6246.2627,11
L,0,0.0000
L,1,241.8700
L,2,517.7000
L,3,565.9000
L,4,880.7000
L,5,1474.1800
L,6,2083.8300
L,7,2269.1000
L,8,2686.9700
L,9,2894.5200
L,10,4044.2300
L,11,6246.2800
T,1,0,241.8700,0.270122
T,2,0,517.7000,0.00857344
T,3,1,324.0300,0.0187911
T,3,0,565.8900,0.144457
T,4,3,314.8100,0.000469778
T,4,2,363.0500,0.000587222
T,4,0,880.7000,0.00798622
T,5,3,908.2800,0.0963044
T,5,1,1232.3000,0.0108049
T,5,0,1474.1600,0.0857344
T,6,1,1841.9300,0.00258378
T,6,0,2083.7900,0.00434544
T,7,3,1703.2000,0.199656
T,7,0,2269.1000,0.00223144
T,8,3,2121.0300,0.00375822
T,8,1,2445.0500,0.00375822
T,8,0,2686.9000,0.0110398
T,9,3,2328.5700,0.006342
T,9,1,2652.5900,0.0101002
T,9,0,2894.4400,0.0176167
T,10,3,3478.2100,0.00110398
T,10,0,4044.0700,0.00375822
T,11,10,2202.0000,0.00776197
T,11,9,3351.6400,0.0301854
T,11,8,3559.1800,0.0161708
T,11,7,3977.0000,0.00388098
T,11,6,4162.2800,0.00517464
T,11,5,4771.8700,0.150927
T,11,3,5680.0600,0.0237171
T,11,1,6004.0500,0.158473
T,11,0,6245.8900,0.603708
