# EGAF thermal-capture cascade for Cu65(n,g)Cu66; Sn_keV=7065.930 sigma_th_b=2.27 primary_coverage=0.7972 Egamma_over_Sn=0.832
S,7065.9299,99
L,0,0.0000
L,1,185.9600
L,2,237.8000
L,3,275.0400
L,4,385.7700
L,5,465.1400
L,6,590.7300
L,7,729.8200
L,8,822.6780
L,9,1008.4700
L,10,1017.1000
L,11,1052.0200
L,12,1158.0500
L,13,1212.5400
L,14,1247.1500
L,15,1343.9700
L,16,1439.3900
L,17,1547.3900
L,18,1560.1200
L,19,1577.3200
L,20,1677.8600
L,21,1693.9500
L,22,1713.1800
L,23,1735.9700
L,24,1745.8200
L,25,1820.3200
L,26,1911.3000
L,27,1927.1400
L,28,1971.1800
L,29,2018.3700
L,30,2023.2500
L,31,2124.0400
L,32,2163.1200
L,33,2165.9900
L,34,2260.6200
L,35,2363.7100
L,36,2395.0000
L,37,2449.3000
L,38,2453.0100
L,39,2502.9400
L,40,2520.7300
L,41,2560.5000
L,42,2586.2300
L,43,2597.4300
L,44,2608.4400
L,45,2629.2800
L,46,2664.3900
L,47,2681.0500
L,48,2688.2200
L,49,2738.9800
L,50,2767.7800
L,51,2799.7900
L,52,2813.8100
L,53,2844.6800
L,54,2867.6200
L,55,2943.1700
L,56,2948.7000
L,57,2953.1200
L,58,2987.9000
L,59,3010.1900
L,60,3026.0200
L,61,3045.9000
L,62,3048.8000
L,63,3077.2400
L,64,3091.2900
L,65,3099.1200
L,66,3110.8500
L,67,3141.7400
L,68,3152.1000
L,69,3165.7700
L,70,3208.9000
L,71,3247.7900
L,72,3287.4600
L,73,3333.7300
L,74,3341.9900
L,75,3371.2100
L,76,3397.6700
L,77,3432.3000
L,78,3479.4600
L,79,3486.9000
L,80,3508.7900
L,81,3535.4000
L,82,3583.4800
L,83,3600.9400
L,84,3636.4900
L,85,3705.0300
L,86,3750.2500
L,87,3780.1800
L,88,3814.7000
L,89,3896.3300
L,90,3934.5500
L,91,4013.8300
L,92,4057.0000
L,93,4116.4700
L,94,4300.1000
L,95,4462.7000
L,96,4527.8500
L,97,4850.5500
L,98,5077.1800
L,99,7066.1300
T,1,0,185.9600,0.348694
T,2,0,237.8000,0.0328687
T,3,1,89.0800,0.13862
T,3,0,275.0400,0.00457304
T,4,1,199.8100,0.00457304
T,4,0,385.7700,0.187066
T,5,3,190.1100,0.00728828
T,5,1,279.1800,0.00300106
T,5,0,465.1400,0.192782
T,6,3,315.6900,0.0357269
T,7,3,454.7800,0.00285815
T,7,1,543.8600,0.0365843
T,8,5,357.5300,0.00408715
T,8,4,436.9090,0.0160056
T,8,1,636.7200,0.00250088
T,8,0,822.6730,0.034012
T,9,4,622.7000,0.00075741
T,10,8,194.4200,0.0057163
T,10,6,426.3700,0.00514467
T,10,5,551.9600,0.00408715
T,10,1,831.1400,0.0228652
T,11,5,586.8700,0.00281528
T,11,2,814.2100,0.00671665
T,11,0,1052.0100,0.0167202
T,12,8,335.3700,0.00211503
T,12,6,567.3200,0.00152911
T,12,3,883.0000,0.00307251
T,13,3,937.5000,0.0095748
T,13,0,1212.5300,0.0150053
T,14,3,972.1100,0.0164344
T,15,5,878.8200,0.00857445
T,15,4,958.2000,0.00514467
T,15,0,1343.9600,0.000285815
T,16,10,422.2800,0.000843154
T,16,0,1439.3700,0.0158627
T,17,6,956.6500,0.00443013
T,17,4,1161.6100,0.000943189
T,17,3,1272.3400,0.00528758
T,18,15,216.1400,0.00020007
T,18,2,1322.3000,0.0013862
T,19,7,847.5000,0.00362985
T,20,19,100.5400,0.0012433
T,20,15,333.8900,0.00128617
T,20,7,948.0400,0.00321542
T,20,0,1677.8400,0.00657374
T,21,13,481.4100,0.00371559
T,22,11,661.1600,0.000828863
T,22,7,983.3500,0.00148624
T,23,7,1006.1500,0.00191496
T,24,3,1470.7700,0.00628793
T,24,1,1559.8400,0.0435868
T,24,0,1745.7900,0.00914608
T,25,11,768.3000,0.00843154
T,25,8,997.6300,0.0132904
T,25,5,1355.1600,0.0190067
T,25,2,1582.5000,0.0134333
T,25,0,1820.2900,0.00785991
T,26,8,1088.6100,0.00120042
T,26,7,1181.4700,0.000342978
T,27,13,714.5900,0.00614502
T,27,10,910.0300,0.000357269
T,27,7,1197.3100,0.00600211
T,28,14,724.0200,0.00451588
T,28,13,758.6400,0.00300106
T,29,7,1288.5300,0.000643084
T,29,3,1743.3000,0.020007
T,29,1,1832.3800,0.0102893
T,30,26,111.9500,0.00134333
T,30,16,583.8600,0.00174347
T,30,15,679.2700,0.00142907
T,30,13,810.7000,0.00371559
T,30,7,1293.4200,0.00342978
T,30,5,1558.0800,0.00357269
T,30,4,1637.4600,0.0192925
T,30,3,1748.1900,0.00500176
T,30,1,1837.2600,0.00600211
T,31,3,1848.9800,0.00151482
T,31,0,2124.0100,0.00135762
T,32,0,2163.0900,0.00342978
T,33,1,1980.0000,0.0029296
T,34,11,1208.5900,0.000428722
T,34,4,1874.8300,0.0018578
T,34,3,1985.5600,0.00300106
T,35,7,1633.8700,0.00914608
T,36,3,2120.0000,0.00300106
T,36,0,2395.0000,0.00685956
T,37,0,2449.3000,0.00128617
T,38,25,632.6800,0.00118613
T,38,7,1723.1700,0.00142907
T,38,3,2177.9300,0.00142907
T,39,11,1450.9100,0.00114326
T,39,6,1912.1900,0.00120042
T,40,6,1929.9700,0.00132904
T,41,14,1313.3000,0.00112897
T,41,0,2560.4000,0.00057163
T,42,16,1146.8300,0.00164344
T,42,12,1428.1600,0.00643084
T,42,1,2400.2200,0.00134333
T,43,35,233.7200,0.00155769
T,43,15,1253.4500,0.0015434
T,43,1,2411.4300,0.00300106
T,44,0,2608.3900,0.0021579
T,45,17,1081.8800,0.00101464
T,45,8,1806.5700,0.000914608
T,46,12,1506.3300,0.00190067
T,46,10,1647.2700,0.00328687
T,46,3,2389.3100,0.00342978
T,46,0,2664.3300,0.00284386
T,47,27,753.9100,0.00400141
T,47,25,860.7300,0.001229
T,47,21,987.0900,0.00443013
T,47,13,1468.5000,0.00443013
T,47,12,1522.9900,0.000471595
T,47,11,1629.0100,0.00157198
T,47,0,2680.9900,0.00402999
T,48,2,2450.3700,0.00242943
T,48,0,2688.1600,0.00443013
T,49,15,1394.9900,0.00227223
T,49,1,2552.9700,0.00371559
T,50,17,1220.3800,0.00314396
T,50,8,1945.0800,0.00162915
T,51,24,1053.9700,0.00557339
T,51,14,1552.6200,0.0038585
T,51,1,2613.7800,0.00101464
T,52,25,993.4900,0.000728828
T,52,16,1374.4100,0.00485885
T,52,11,1761.7700,0.000543048
T,53,7,2114.8200,0.00128617
T,53,3,2569.5900,0.00142907
T,54,5,2402.4300,0.00198641
T,54,2,2629.7700,0.00585921
T,55,4,2557.3500,0.000785991
T,55,1,2757.1500,0.00127188
T,56,44,340.2500,0.00132904
T,56,17,1401.2900,0.000628793
T,56,16,1509.2900,0.00147195
T,56,3,2673.6100,0.0027867
T,57,46,288.7300,0.000485885
T,57,11,1901.0700,0.00128617
T,57,8,2130.4100,0.00095748
T,57,5,2487.9300,0.00485885
T,57,0,2953.0500,0.0038585
T,58,28,1016.7000,0.000728828
T,58,0,2987.9000,0.000628793
T,59,15,1666.1900,0.00142907
T,59,5,2544.9900,0.000671665
T,59,1,2824.1600,0.00100035
T,60,24,1280.1900,0.0018578
T,60,0,3025.9500,0.00728828
T,61,7,2316.0400,0.00171489
T,61,3,2770.8000,0.000671665
T,62,1,2862.7800,0.0038585
T,63,40,556.5000,0.000457304
T,63,10,2060.1000,0.00057163
T,63,8,2254.5200,0.00228652
T,63,5,2612.0400,0.00228652
T,63,1,2891.2100,0.00105752
T,64,16,1651.8800,0.004473
T,64,11,2039.2400,0.000700247
T,64,0,3091.2100,0.00135762
T,65,10,2081.9800,0.00171489
T,65,6,2508.3400,0.000857445
T,65,4,2713.2900,0.000857445
T,65,1,2913.0900,0.00128617
T,66,28,1139.6600,0.00342978
T,66,0,3110.7700,0.000857445
T,67,3,2866.6400,0.00328687
T,68,35,788.3800,0.00128617
T,68,3,2877.0000,0.00142907
T,69,7,2435.9000,0.00114326
T,69,5,2700.5700,0.00614502
T,69,0,3165.6900,0.0018578
T,70,33,1042.9000,0.0026295
T,70,0,3208.8200,0.000928899
T,71,19,1670.4400,0.00178634
T,72,5,2822.2500,0.00643084
T,72,4,2901.6200,0.00214361
T,73,51,533.9300,0.00100035
T,73,42,747.4900,0.00328687
T,74,3,3066.8800,0.00128617
T,75,45,741.9300,0.00322971
T,75,7,2641.3400,0.00172918
T,76,6,2806.8700,0.00214361
T,76,3,3122.5500,0.000928899
T,77,30,1409.0400,0.00038585
T,77,11,2380.2300,0.00198641
T,78,52,665.6400,0.000886026
T,78,2,3241.5800,0.00118613
T,79,28,1515.7000,0.000500176
T,79,9,2478.4000,0.00142907
T,79,6,2896.1100,0.00257233
T,79,5,3021.6800,0.0018578
T,79,0,3486.8000,0.000643084
T,80,10,2491.6400,0.000857445
T,80,6,2917.9900,0.000543048
T,80,2,3270.9000,0.00471595
T,80,1,3322.7400,0.000671665
T,81,63,458.1600,0.00328687
T,81,23,1799.4000,0.00115755
T,81,18,1975.2600,0.00157198
T,81,16,2095.9800,0.00172918
T,82,61,537.5800,0.000900317
T,82,16,2144.0600,0.00228652
T,82,13,2370.9000,0.00114326
T,82,3,3308.3600,0.00314396
T,83,79,114.0400,0.000900317
T,83,24,1855.1000,0.000457304
T,83,19,2023.5900,0.00394425
T,83,7,2871.0600,0.000657374
T,84,40,1115.7600,0.000828863
T,84,24,1890.6400,0.00118613
T,84,13,2423.9100,0.00485885
T,84,11,2584.4200,0.00075741
T,84,10,2619.3300,0.00242943
T,84,6,3045.6900,0.00197212
T,84,1,3450.4400,0.000785991
T,85,30,1681.7600,0.00120042
T,85,14,2457.8300,0.00152911
T,86,65,651.1300,0.000728828
T,86,45,1120.9600,0.000485885
T,86,29,1731.8600,0.00107181
T,86,24,2004.4000,0.00207216
T,86,1,3564.1900,0.00101464
T,87,59,769.9900,0.000785991
T,87,35,1416.4500,0.0010861
T,88,76,417.0300,0.00114326
T,88,28,1843.4900,0.001229
T,88,8,2991.9500,0.00101464
T,88,5,3349.4600,0.00095748
T,88,0,3814.5800,0.000543048
T,89,43,1298.8900,0.00428722
T,89,23,2160.3200,0.00110039
T,89,0,3896.2100,0.000928899
T,90,29,1916.1600,0.000871736
T,90,4,3548.6800,0.0010861
T,91,10,2996.6500,0.00271524
T,91,4,3627.9500,0.000900317
T,92,37,1607.6000,0.000900317
T,92,3,3781.8400,0.00237226
T,92,1,3870.9200,0.00357269
T,93,52,1302.6400,0.00414432
T,93,8,3293.7000,0.00600211
T,94,8,3477.3000,0.000657374
T,94,5,3834.8000,0.000314396
T,94,3,4024.9000,0.00038585
T,95,1,4276.5900,0.00501605
T,96,51,1728.0300,0.00371559
T,96,25,2707.4700,0.00110039
T,96,18,2967.6600,0.000943189
T,97,63,1773.3000,0.000914608
T,97,22,3137.2900,0.00252946
T,97,20,3172.6000,0.00643084
T,97,19,3273.1400,0.000671665
T,98,79,1590.2500,0.00100035
T,98,66,1966.3000,0.00164344
T,98,21,3383.1300,0.00104322
T,99,98,1988.9200,0.00321542
T,99,97,2215.5400,0.012433
T,99,96,2538.2300,0.00257233
T,99,95,2603.3800,0.0020007
T,99,94,2766.0000,0.00171489
T,99,93,2949.5900,0.00714537
T,99,92,3009.0600,0.00255804
T,99,91,3052.2300,0.00194354
T,99,90,3131.5000,0.00145766
T,99,89,3169.7200,0.00168631
T,99,88,3251.3500,0.0057163
T,99,87,3285.8700,0.00288673
T,99,86,3315.7900,0.00271524
T,99,85,3361.0100,0.00134333
T,99,84,3429.5400,0.00900317
T,99,83,3465.0900,0.00543048
T,99,82,3482.5500,0.0027867
T,99,81,3530.6300,0.00600211
T,99,80,3557.2400,0.00357269
T,99,79,3579.1200,0.000971771
T,99,78,3586.5600,0.000643084
T,99,77,3633.7300,0.00120042
T,99,76,3668.3500,0.000785991
T,99,75,3694.8100,0.001229
T,99,74,3724.0200,0.00400141
T,99,73,3732.2900,0.0020007
T,99,72,3778.5600,0.00400141
T,99,71,3818.2200,0.00428722
T,99,70,3857.1100,0.00352981
T,99,69,3900.2400,0.0101464
T,99,68,3913.9100,0.000557339
T,99,67,3924.2600,0.000314396
T,99,66,3955.1500,0.000814573
T,99,65,3966.8800,0.00360127
T,99,64,3974.7100,0.00330116
T,99,63,3988.7600,0.0010861
T,99,62,4017.2000,0.00314396
T,99,61,4020.1000,0.000828863
T,99,60,4039.9700,0.00628793
T,99,59,4055.8100,0.00208645
T,99,58,4078.1000,0.00112897
T,99,57,4112.8700,0.00528758
T,99,56,4117.2900,0.0075741
T,99,55,4122.8200,0.0027867
T,99,54,4198.3700,0.00914608
T,99,53,4221.3100,0.00295819
T,99,52,4252.1700,0.0010861
T,99,51,4266.1900,0.000971771
T,99,50,4298.2000,0.00191496
T,99,49,4327.0000,0.00714537
T,99,48,4377.7500,0.00643084
T,99,47,4384.9200,0.0294389
T,99,46,4401.5800,0.00871736
T,99,45,4436.6900,0.000457304
T,99,44,4457.5200,0.00188638
T,99,43,4468.5400,0.0023151
T,99,42,4479.7400,0.00900317
T,99,41,4505.5000,0.000457304
T,99,40,4545.2400,0.000371559
T,99,39,4563.0200,0.00282957
T,99,38,4612.9500,0.00327258
T,99,37,4616.6000,0.00145766
T,99,36,4671.0000,0.00165773
T,99,35,4702.2400,0.000428722
T,99,34,4805.3200,0.00195783
T,99,33,4899.9400,0.00800282
T,99,32,4902.8100,0.00643084
T,99,31,4941.8900,0.00315826
T,99,30,5042.6800,0.049446
T,99,29,5047.5600,0.0294389
T,99,27,5138.7800,0.00221507
T,99,25,5245.5900,0.0614502
T,99,24,5320.0800,0.0517325
T,99,20,5388.0300,0.00450159
T,99,19,5488.5600,0.000785991
T,99,18,5505.7700,0.000800282
T,99,17,5518.4900,0.00557339
T,99,16,5626.4900,0.00038585
T,99,15,5721.8900,0.00322971
T,99,13,5853.3100,0.00943189
T,99,12,5907.8000,0.000300106
T,99,11,6013.8200,0.00101464
T,99,10,6048.7300,0.0144337
T,99,8,6243.1400,0.0205787
T,99,7,6335.9900,0.00121471
T,99,5,6600.6300,0.121471
T,99,4,6680.0000,0.115755
T,99,3,6790.7200,0.0221507
T,99,2,6827.9500,0.00018578
T,99,1,6879.7900,0.00295819
T,99,0,7065.7200,0.0188638
