# EGAF thermal-capture cascade for Fe57(n,g)Fe58; Sn_keV=10044.572 sigma_th_b=2.5 primary_coverage=0.6021 Egamma_over_Sn=0.740
S,10044.5723,26
L,0,0.0000
L,1,810.7200
L,2,1674.5200
L,3,2133.6300
L,4,2256.7700
L,5,2781.8300
L,6,2876.0800
L,7,3084.3400
L,8,3244.0000
L,9,3537.2200
L,10,3630.0000
L,11,3881.5000
L,12,4006.0000
L,13,4015.6000
L,14,4139.0400
L,15,4297.5700
L,16,4322.1700
L,17,4352.7000
L,18,4444.2000
L,19,4550.4200
L,20,4832.4000
L,21,5000.6600
L,22,5222.3900
L,23,5294.8000
L,24,5417.8000
L,25,5523.1000
L,26,10044.6500
T,1,0,810.7100,0.517202
T,2,1,863.8000,0.135907
T,2,0,1674.4900,0.132132
T,3,1,1322.9000,0.0075504
T,4,1,1446.0300,0.0264264
T,5,4,525.0700,0.013402
T,5,2,1107.3000,0.0205748
T,5,1,1971.0800,0.0604032
T,6,1,2065.3200,0.056628
T,7,1,2273.5700,0.0736164
T,8,1,2433.2000,0.0264264
T,9,1,2726.4300,0.0415272
T,11,1,3070.7000,0.0547404
T,14,0,4138.8800,0.028314
T,15,1,3486.7400,0.215186
T,15,0,4297.4000,0.0679536
T,16,7,1237.8100,0.066066
T,16,6,1446.0700,0.0264264
T,19,6,1674.3100,0.132132
T,21,2,3326.0400,0.0358644
T,22,7,2138.0100,0.118919
T,24,19,867.4000,0.132132
T,26,24,4626.6000,0.0245388
T,26,23,4749.7000,0.0226512
T,26,22,4822.0400,0.018876
T,26,21,5043.7500,0.0622908
T,26,19,5493.9600,0.0698412
T,26,17,5691.6000,0.018876
T,26,16,5722.1800,0.018876
T,26,15,5746.7700,0.018876
T,26,11,6162.8000,0.0245388
T,26,9,6507.0400,0.0641784
T,26,7,6959.8600,0.075504
T,26,5,7262.3300,0.0887172
T,26,2,8369.4800,0.09438
