# EGAF thermal-capture cascade for Gd152(n,g)Gd153; Sn_keV=6246.958 sigma_th_b=735 primary_coverage=0.0619 Egamma_over_Sn=0.118
S,6246.9584,104
L,0,0.0000
L,1,41.5568
L,2,93.3429
L,3,95.1738
L,4,109.7564
L,5,129.1636
L,6,171.1880
L,7,183.4700
L,8,212.0082
L,9,215.9930
L,10,219.4429
L,11,249.5545
L,12,290.3598
L,13,303.5433
L,14,315.1994
L,15,316.0271
L,16,327.8534
L,17,333.1684
L,18,336.3000
L,19,361.6513
L,20,363.4480
L,21,368.6680
L,22,395.1462
L,23,412.8953
L,24,436.2710
L,25,442.1916
L,26,448.5197
L,27,482.9359
L,28,504.1717
L,29,508.6594
L,30,530.4609
L,31,548.7653
L,32,551.0930
L,33,579.1260
L,34,607.2020
L,35,636.3140
L,36,636.4490
L,37,649.0200
L,38,664.3257
L,39,676.7250
L,40,683.9573
L,41,708.9648
L,42,715.8080
L,43,720.3470
L,44,727.8060
L,45,729.2070
L,46,731.6260
L,47,754.4000
L,48,769.0550
L,49,775.1590
L,50,782.6738
L,51,791.0170
L,52,812.6440
L,53,821.3110
L,54,847.8270
L,55,857.5870
L,56,865.6090
L,57,885.9100
L,58,894.6160
L,59,903.5100
L,60,932.1910
L,61,937.3730
L,62,945.2800
L,63,955.4480
L,64,962.0340
L,65,990.1410
L,66,1015.2400
L,67,1025.5000
L,68,1035.1930
L,69,1040.4700
L,70,1054.7210
L,71,1066.6440
L,72,1101.6730
L,73,1102.7710
L,74,1118.3500
L,75,1124.2270
L,76,1131.7060
L,77,1139.0000
L,78,1157.4300
L,79,1163.7100
L,80,1172.6340
L,81,1180.9500
L,82,1199.0400
L,83,1220.8000
L,84,1247.5580
L,85,1252.1470
L,86,1268.2010
L,87,1272.4700
L,88,1293.8600
L,89,1314.5700
L,90,1328.3690
L,91,1330.6000
L,92,1337.9700
L,93,1353.5200
L,94,1363.5800
L,95,1384.5400
L,96,1400.9200
L,97,1422.9660
L,98,1426.4000
L,99,1450.3300
L,100,1462.0000
L,101,1484.9000
L,102,1503.0000
L,103,1721.7000
L,104,6247.0700
T,1,0,41.5565,0.0530612
T,2,1,51.7842,0.00959184
T,2,0,93.3442,0.00243537
T,4,2,16.4000,6.80272e-05
T,4,1,68.1995,0.00326531
T,4,0,109.7601,0.0605442
T,5,1,87.6080,0.014966
T,5,0,129.1638,0.0062585
T,6,3,76.0150,0.000510204
T,6,2,77.9000,5.44218e-05
T,7,5,54.3076,0.00254422
T,7,3,88.2962,0.0117007
T,7,2,90.1304,0.00823129
T,7,1,141.9140,0.0255782
T,7,0,183.4670,0.0197279
T,8,5,82.8446,0.00653061
T,8,4,102.2564,0.00557823
T,8,1,170.4511,0.00538776
T,8,0,212.0040,0.0234694
T,9,5,86.8270,7.48299e-05
T,9,4,106.2350,0.000428571
T,9,2,122.6510,0.000143537
T,9,1,174.4360,0.0119728
T,9,0,215.9948,0.000959184
T,10,2,126.0999,0.00192517
T,10,1,177.8930,0.00029932
T,11,5,120.3880,0.000132653
T,11,4,139.8024,0.00201361
T,11,2,156.2090,0.000110884
T,11,1,207.9940,0.00666667
T,11,0,249.5460,0.0266667
T,12,7,106.8900,0.000795918
T,12,3,195.1820,0.0102041
T,12,2,197.0140,0.00108163
T,12,1,248.8020,0.00401361
T,12,0,290.3650,0.000221088
T,13,9,87.5510,0.000761905
T,13,8,91.5361,0.00139456
T,13,7,120.0730,0.000121769
T,13,5,174.3850,0.00496599
T,13,4,193.7820,0.00193878
T,13,2,210.1945,0.00462585
T,13,1,261.9960,0.00319728
T,13,0,303.5480,0.00421769
T,14,5,186.0350,0.00285714
T,14,4,205.4370,0.000639456
T,14,1,273.6440,0.00136054
T,14,0,315.1990,0.0306122
T,15,7,132.5586,0.00884354
T,15,5,186.8570,0.00972789
T,15,4,206.2667,0.0114966
T,15,1,274.4800,0.00401361
T,15,0,316.0260,0.0257823
T,16,7,144.3900,0.000959184
T,16,5,198.6880,0.00619048
T,16,0,327.8440,0.0170068
T,17,10,113.7280,9.93197e-05
T,17,2,239.8220,0.00113605
T,17,1,291.6190,0.000931973
T,19,11,112.0957,0.000510204
T,19,7,178.1840,0.00707483
T,19,5,232.4860,0.000408163
T,19,4,251.9000,0.000143537
T,19,2,268.3000,0.000653061
T,19,1,320.0890,0.0167347
T,19,0,361.6290,0.012585
T,20,6,192.2600,4.42177e-05
T,21,11,119.1090,0.000132653
T,21,10,149.2370,7.7551e-05
T,21,9,152.6740,0.00019932
T,21,7,185.1930,5.5102e-05
T,21,5,239.5310,0.000312925
T,21,3,273.4960,0.000496599
T,21,2,275.3240,0.0034966
T,21,1,327.1000,0.003
T,21,0,368.6950,0.00142857
T,22,13,91.6010,0.000244898
T,22,11,145.5900,0.000312925
T,22,10,175.7040,0.000409524
T,22,8,183.1360,0.000585034
T,22,4,285.3940,0.00146259
T,22,3,299.9680,0.000210884
T,22,2,301.8130,0.000578231
T,22,1,353.5900,0.00170068
T,23,16,85.0414,0.00055102
T,23,15,96.8780,0.000231293
T,23,14,97.7040,0.000190476
T,23,8,200.8860,0.000340136
T,23,7,229.4250,0.00217687
T,23,5,283.7390,0.00119728
T,23,4,303.1500,0.0044898
T,23,1,371.3300,0.0106122
T,24,15,120.2433,8.84354e-05
T,24,14,121.0710,7.48299e-05
T,24,8,224.2630,0.000156463
T,24,4,326.5230,0.000387755
T,24,1,394.7330,0.000136054
T,24,0,436.2660,0.0214286
T,25,19,80.5411,0.000156463
T,25,16,114.3430,7.48299e-05
T,25,15,126.1625,0.00138095
T,25,13,138.6560,8.84354e-05
T,25,12,151.8307,0.00312925
T,25,11,192.6420,0.000165986
T,25,9,226.1960,0.000455782
T,25,8,230.1820,0.000287755
T,25,7,258.7200,0.0012517
T,25,5,312.9900,6.80272e-05
T,25,4,332.4360,0.00217007
T,25,2,348.8290,0.00171429
T,25,1,400.6270,0.00408163
T,25,0,442.1910,0.00534014
T,26,14,133.3200,8.84354e-05
T,26,12,158.1600,0.000187755
T,26,11,198.9600,0.000333333
T,26,7,265.0570,0.000353741
T,26,5,319.3490,0.000938776
T,26,4,338.7540,0.000340136
T,26,2,355.1830,0.0062517
T,26,1,406.9660,0.00278912
T,26,0,448.5140,0.00540816
T,27,19,121.2800,0.00106122
T,27,16,155.0840,5.5102e-05
T,27,15,166.9080,0.00918367
T,27,14,167.7345,0.000863946
T,27,8,270.9310,0.000110884
T,27,7,299.4800,0.00427211
T,27,5,353.7560,0.00489796
T,27,0,482.9420,0.00277551
T,28,23,91.2774,0.000918367
T,28,21,135.5050,0.000110884
T,28,15,188.1451,0.000666667
T,28,13,200.6240,0.000276871
T,28,12,213.8106,0.00231293
T,28,8,292.1640,0.00189116
T,28,7,320.6980,0.00134014
T,28,4,394.4190,0.000829932
T,28,2,410.8460,0.00111565
T,28,0,504.1740,0.00127211
T,29,19,147.0130,0.000190476
T,29,7,325.1890,0.00261905
T,29,5,379.4600,0.000367347
T,29,1,467.1000,0.0144898
T,29,0,508.6630,0.00517007
T,30,19,168.8100,7.7551e-05
T,30,16,202.6050,8.84354e-05
T,30,15,214.4350,0.000176871
T,30,14,215.2670,7.7551e-05
T,30,11,280.9160,0.000972789
T,30,4,420.7000,0.00153741
T,30,3,435.2800,0.000251701
T,30,1,488.9150,0.00496599
T,30,0,530.4530,0.0102041
T,31,15,232.7430,9.93197e-05
T,31,14,233.5610,8.84354e-05
T,31,12,258.3990,0.000619048
T,31,11,299.2400,0.000530612
T,31,9,332.7500,0.00143537
T,31,7,365.2800,0.000210884
T,31,4,439.0030,0.000367347
T,31,2,455.4150,0.00691156
T,31,1,507.2160,0.00231973
T,31,0,548.7700,0.000455782
T,32,9,335.1800,0.000102041
T,33,25,136.9350,5.5102e-05
T,33,7,395.6520,0.000687075
T,33,4,469.4030,0.000190476
T,33,3,483.9560,0.00340816
T,33,2,485.8200,0.000176871
T,33,1,537.5820,0.000278912
T,34,25,165.0140,7.7551e-05
T,34,11,357.6490,0.000693878
T,34,10,387.7200,0.000210884
T,34,2,513.8560,0.00368027
T,34,1,565.6370,0.00285714
T,34,0,607.2700,0.00136054
T,35,13,332.7500,0.00143537
T,35,9,420.3100,0.000210884
T,35,4,526.6200,0.000251701
T,35,0,636.3600,0.000578231
T,36,23,223.5530,0.000342857
T,36,21,267.7800,6.80272e-05
T,36,13,332.8910,0.000353741
T,36,10,417.0600,0.000312925
T,36,4,526.6200,0.000251701
T,36,3,541.2970,0.00047619
T,37,9,433.0400,0.000176871
T,37,6,477.9200,0.000108844
T,37,3,553.8200,0.000163265
T,37,2,555.6840,0.00029932
T,37,0,649.0700,0.000455782
T,38,30,133.8680,7.7551e-05
T,38,29,155.6680,5.5102e-05
T,38,27,181.3890,0.000428571
T,38,24,228.0490,8.84354e-05
T,38,19,302.6740,0.00272109
T,38,15,348.3070,0.000605442
T,38,1,622.7510,0.000353741
T,38,0,664.3390,0.00759184
T,39,19,315.0770,0.0102041
T,39,15,360.6400,0.00029932
T,40,31,135.1950,5.5102e-05
T,40,28,179.7880,0.000132653
T,40,27,201.0170,0.000251701
T,40,26,235.4380,0.000210884
T,40,25,241.7500,0.000244898
T,40,7,500.4830,0.00945578
T,40,4,574.2120,0.000408163
T,40,0,683.9500,0.000585034
T,41,28,204.7900,0.000163265
T,41,27,226.0280,0.000564626
T,41,26,260.4440,9.93197e-05
T,41,25,266.7670,0.00142857
T,41,24,272.6930,0.000312925
T,41,15,392.9480,0.00109524
T,41,14,393.7880,0.000421769
T,41,13,405.4300,0.000544218
T,41,11,459.4220,0.000421769
T,41,5,579.7900,0.00377551
T,41,4,599.2500,0.00136054
T,42,37,66.7890,5.44218e-05
T,42,26,267.3600,7.48299e-05
T,42,17,382.6300,0.000142857
T,43,33,141.2240,7.48299e-05
T,43,31,171.5860,5.5102e-05
T,43,26,271.8240,0.000353741
T,43,25,278.1000,7.48299e-05
T,43,21,351.6500,0.000265306
T,43,9,504.3900,0.000870748
T,43,7,536.8500,0.000197279
T,43,5,591.2100,0.000585034
T,43,4,610.6160,0.000632653
T,43,1,678.7900,0.00178231
T,43,0,720.2900,0.000265306
T,44,30,197.3440,0.000340136
T,44,14,412.5700,0.00142857
T,44,2,634.3700,0.000489796
T,44,0,727.8190,0.00102721
T,45,28,225.0370,0.000143537
T,45,27,246.2680,0.000312925
T,45,26,280.7100,0.00047619
T,45,24,292.9380,0.000132653
T,45,19,367.5730,0.000564626
T,45,15,413.1740,0.00235374
T,45,11,479.6640,0.00118367
T,45,8,517.2400,0.000340136
T,45,5,600.0370,0.00152381
T,45,0,729.1820,0.00169388
T,46,21,362.8000,0.000190476
T,46,11,482.1400,0.000340136
T,46,7,548.1160,0.000816327
T,46,2,638.3600,0.000251701
T,46,1,690.0700,0.00120408
T,48,30,238.5950,0.000387755
T,48,10,549.5800,0.000278912
T,49,21,406.4800,0.000142857
T,49,11,525.5950,0.00231973
T,49,1,733.6200,0.00151701
T,49,0,775.1690,0.00117007
T,50,38,118.3550,0.000197279
T,50,31,233.9060,0.000673469
T,50,28,278.5030,0.000785714
T,50,27,299.7470,0.000755102
T,50,26,334.2100,0.000401361
T,50,25,340.4760,0.00229252
T,50,16,454.8200,0.000312925
T,50,15,466.7300,0.00152381
T,50,14,467.4970,0.00152381
T,50,11,533.1300,0.000931973
T,50,7,599.2500,0.00136054
T,51,43,70.6698,0.00142857
T,51,1,749.4100,0.000863946
T,52,30,282.1820,0.000163265
T,52,15,496.6600,0.000680272
T,52,10,593.2300,0.000489796
T,53,27,338.2700,0.000231293
T,53,11,571.7570,0.000421769
T,53,9,605.3400,0.00029932
T,53,8,609.4400,0.000319728
T,53,4,711.5430,0.00106122
T,53,2,728.1000,0.000544218
T,53,1,779.8600,0.000687075
T,54,21,479.1590,0.00037415
T,54,12,557.4300,0.00387755
T,54,11,598.2700,0.00104082
T,54,5,718.6800,0.000639456
T,54,4,738.0900,0.000244898
T,55,26,409.0640,0.000401361
T,55,24,421.3240,0.000190476
T,55,1,816.0630,0.00333333
T,55,0,857.5660,0.0037415
T,56,41,156.6420,5.5102e-05
T,56,27,382.6300,0.000142857
T,56,25,423.4240,0.000278912
T,56,5,736.4400,0.00178231
T,56,4,755.8800,0.00251701
T,56,0,865.6200,0.00326531
T,57,1,844.3000,0.000727891
T,57,0,885.9100,0.00380952
T,58,50,111.9410,0.000884354
T,58,23,481.8500,0.000108844
T,59,44,175.7040,0.000409524
T,59,2,810.2200,0.000333333
T,59,1,861.9000,0.000727891
T,59,0,903.7000,0.00163265
T,60,32,381.1010,0.000265306
T,60,24,495.8600,0.00055102
T,60,19,570.5600,0.000727891
T,60,17,598.9600,0.00109524
T,60,11,682.6500,0.000353741
T,60,8,720.2900,0.000265306
T,60,0,932.1500,0.00160544
T,61,50,154.6980,7.48299e-05
T,61,9,721.3600,0.000455782
T,61,4,827.6200,0.000564626
T,61,0,937.4300,0.00309524
T,62,44,217.4700,5.5102e-05
T,62,26,496.6600,0.000680272
T,62,25,503.1160,0.000755102
T,62,16,617.4600,0.000401361
T,62,15,629.2480,0.000408163
T,62,14,630.0570,0.000564626
T,62,7,761.8600,0.00353741
T,62,4,835.5400,0.00285714
T,62,0,945.2000,0.00214286
T,63,10,735.8100,0.000190476
T,63,9,739.4560,0.00139456
T,63,7,771.9700,0.00106122
T,63,5,826.2600,0.00047619
T,64,30,431.5620,0.000578231
T,64,29,453.3840,0.000442177
T,64,15,646.0220,0.000578231
T,64,14,646.8500,0.000598639
T,64,11,712.4600,0.000197279
T,64,5,832.8200,0.00102041
T,65,26,541.6100,0.000462585
T,65,21,621.4800,0.000244898
T,65,11,740.5900,0.000727891
T,65,8,778.1600,0.000517007
T,65,5,861.0000,0.0024898
T,66,30,484.8100,0.000285714
T,66,8,803.1700,0.000585034
T,66,0,1015.3700,0.00176871
T,67,52,212.8610,0.000142857
T,67,50,242.8000,7.48299e-05
T,67,30,494.8400,0.00102041
T,67,1,983.7000,0.00136054
T,68,11,785.6400,0.000795918
T,68,5,905.9900,0.00176871
T,69,15,724.4600,0.00047619
T,69,5,911.3100,0.000693878
T,69,0,1040.4500,0.00272109
T,70,31,505.9300,0.000884354
T,70,30,524.4400,0.000210884
T,70,29,546.0820,0.000401361
T,70,28,550.5200,0.000210884
T,70,24,618.5000,0.000319728
T,70,23,641.6100,0.00022449
T,70,16,727.0700,0.00022449
T,70,15,738.6790,0.00164626
T,70,7,871.2800,0.00360544
T,70,0,1054.6500,0.00190476
T,71,43,346.3100,0.00116327
T,71,11,817.0500,0.000462585
T,71,7,883.1800,0.000816327
T,71,5,937.4300,0.00309524
T,71,4,956.8300,0.00077551
T,72,53,280.3640,0.000231293
T,72,31,552.8300,0.000163265
T,72,24,665.3600,0.00109524
T,72,15,785.6400,0.000795918
T,72,11,852.2100,0.000666667
T,72,7,918.3600,0.000632653
T,72,4,991.8800,0.00183673
T,72,1,1060.1000,0.00353741
T,72,0,1101.6500,0.000462585
T,73,42,386.9900,0.000244898
T,73,25,660.5660,0.00168027
T,73,13,799.2700,0.000993197
T,73,11,853.5200,0.00047619
T,74,15,802.2700,0.000653061
T,74,11,868.6300,0.000795918
T,74,9,902.4300,0.00132653
T,74,1,1076.4000,0.000918367
T,75,45,395.0100,7.48299e-05
T,75,19,762.5800,0.00077551
T,75,13,820.4700,0.00077551
T,75,2,1030.2000,0.000870748
T,75,0,1124.2500,0.00292517
T,76,71,65.0620,8.84354e-05
T,76,50,349.0800,0.000408163
T,76,41,422.6400,0.000755102
T,76,4,1022.0500,0.00183673
T,76,3,1036.2000,0.00163265
T,78,35,521.1600,0.000244898
T,78,29,648.5100,0.000251701
T,78,19,795.6000,0.00108844
T,78,5,1027.9000,0.00142857
T,78,0,1157.4300,0.00183673
T,79,21,795.1500,0.000544218
T,79,7,980.1000,0.000462585
T,79,4,1053.0000,0.00183673
T,80,72,70.9604,0.00161224
T,80,62,227.3570,7.48299e-05
T,80,40,488.6870,0.000741497
T,80,1,1130.8000,0.00136054
T,81,5,1051.0000,0.00183673
T,81,4,1071.2200,0.00197279
T,81,1,1139.3000,0.00122449
T,82,10,979.1000,0.000612245
T,82,9,983.3000,0.00102041
T,82,2,1105.7800,0.00156463
T,83,7,1038.3000,0.000496599
T,83,4,1110.8000,0.00116327
T,84,76,115.8522,0.00104082
T,84,1,1205.9700,0.00141497
T,85,54,404.3200,0.000333333
T,85,1,1210.5800,0.00571429
T,86,64,306.1740,0.000244898
T,86,43,547.8400,0.000496599
T,86,13,964.6900,0.00142857
T,86,1,1226.4300,0.00306122
T,87,0,1272.4100,0.00414966
T,89,15,998.5000,0.00292517
T,90,41,619.4050,0.000564626
T,90,15,1011.8000,0.000863946
T,90,5,1199.1300,0.00122449
T,90,4,1218.5700,0.00278912
T,92,19,976.6400,0.000687075
T,92,0,1337.8700,0.00326531
T,93,34,746.1800,0.000367347
T,93,19,991.8800,0.00183673
T,93,7,1169.9800,0.00183673
T,94,8,1151.5900,0.00414966
T,95,1,1342.5000,0.00176871
T,95,0,1384.5400,0.00047619
T,96,44,673.0200,0.000251701
T,96,14,1085.6000,0.000952381
T,96,1,1359.9000,0.00108163
T,97,73,320.2000,0.000816327
T,97,55,565.3300,0.00037415
T,97,25,980.7600,0.00282993
T,97,3,1327.9000,0.00196599
T,97,1,1381.1000,0.00187075
T,97,0,1423.2000,0.00102041
T,99,4,1340.9000,0.00231293
T,99,0,1450.0600,0.00197279
T,103,23,1308.6000,0.00136054
T,103,0,1721.7000,0.00442177
T,104,103,4525.1000,0.00286395
T,104,102,4744.0000,0.00047619
T,104,101,4762.1000,0.00102721
T,104,99,4796.2000,0.000244898
T,104,95,4861.9000,0.000755102
T,104,94,4883.9000,0.000727891
T,104,93,4892.8000,0.000564626
T,104,92,4909.1000,0.00272109
T,104,89,4932.4000,0.000673469
T,104,88,4953.1000,0.00409524
T,104,87,4972.1000,0.000142857
T,104,86,4978.6000,0.000340136
T,104,85,4995.7000,0.000530612
T,104,84,4998.9000,0.000278912
T,104,83,5026.2000,0.000244898
T,104,80,5074.4200,0.000727891
T,104,79,5084.2000,0.000462585
T,104,78,5089.0000,0.00055102
T,104,75,5122.5500,0.000904762
T,104,74,5128.0000,0.000319728
T,104,73,5144.6000,0.000387755
T,104,70,5192.2000,0.00784354
T,104,69,5207.3000,0.000863946
T,104,66,5231.3000,0.00037415
T,104,65,5256.3000,0.00022449
T,104,64,5285.0000,0.000251701
T,104,62,5301.9000,0.00120408
T,104,58,5352.6000,0.000278912
T,104,57,5361.6000,0.000564626
T,104,55,5389.7000,0.00146259
T,104,53,5426.4000,0.000619048
T,104,52,5434.4000,0.000312925
T,104,51,5457.0000,0.000190476
T,104,50,5464.1000,0.000319728
T,104,45,5517.2000,0.000244898
T,104,41,5537.6000,0.000721088
T,104,40,5562.5000,0.000421769
T,104,39,5569.7000,0.000142857
T,104,38,5582.8000,0.00047619
T,104,34,5639.2000,0.000210884
T,104,33,5669.0000,0.000265306
T,104,32,5696.1000,0.000176871
T,104,30,5716.0000,0.000401361
T,104,29,5738.6000,0.00287755
T,104,27,5763.9000,0.00113605
T,104,24,5810.9000,0.00160544
T,104,23,5833.3000,0.000401361
T,104,19,5885.5000,0.00257823
T,104,16,5919.1000,0.002
T,104,14,5931.8000,0.00395238
T,104,13,5943.6000,0.000401361
T,104,8,6034.5000,0.000489796
T,104,4,6138.0000,0.000197279
T,104,0,6246.8900,0.00968027
