# EGAF thermal-capture cascade for K39(n,g)K40; Sn_keV=7799.619 sigma_th_b=2.1 primary_coverage=0.8270 Egamma_over_Sn=0.903
S,7799.6195,64
L,0,0.0000
L,1,29.8299
L,2,800.1431
L,3,891.3960
L,4,1643.6210
L,5,1959.0490
L,6,2047.3570
L,7,2069.8100
L,8,2103.6810
L,9,2260.4400
L,10,2289.8490
L,11,2290.4910
L,12,2397.2000
L,13,2419.1520
L,14,2575.9100
L,15,2626.0030
L,16,2730.3440
L,17,2747.0200
L,18,2756.7100
L,19,2786.6100
L,20,2786.6190
L,21,2786.7400
L,22,2807.8800
L,23,2985.9100
L,24,3027.9430
L,25,3109.7320
L,26,3128.5100
L,27,3146.4400
L,28,3153.8200
L,29,3228.6000
L,30,3368.0300
L,31,3393.5800
L,32,3414.4200
L,33,3439.1020
L,34,3486.2500
L,35,3556.9600
L,36,3599.2900
L,37,3629.9700
L,38,3663.7430
L,39,3738.4300
L,40,3767.6700
L,41,3797.5400
L,42,3821.4600
L,43,3840.2500
L,44,3868.7300
L,45,3887.9300
L,46,3924.1200
L,47,4020.4000
L,48,4104.4600
L,49,4110.8400
L,50,4149.0100
L,51,4179.9900
L,52,4213.0500
L,53,4253.6800
L,54,4280.6300
L,55,4395.8200
L,56,4419.3700
L,57,4472.9900
L,58,4537.1400
L,59,4744.1300
L,60,4788.9500
L,61,4872.5500
L,62,4993.0300
L,63,5063.4700
L,64,7799.5580
T,1,0,29.8299,0.704648
T,2,1,770.3053,0.461085
T,2,0,800.1345,0.000674011
T,3,1,861.5560,0.000127654
T,3,0,891.3850,0.00970167
T,4,2,843.4680,0.0100591
T,4,1,1613.7560,0.0609673
T,5,2,1158.8870,0.0815451
T,5,1,1929.1690,0.0202714
T,6,2,1247.1930,0.0400322
T,6,1,2017.4720,0.0275732
T,6,0,2047.3010,0.02742
T,7,3,1178.3960,0.00352324
T,7,2,1269.6450,0.00367642
T,7,1,2039.9240,0.0265009
T,7,0,2069.7520,0.0185353
T,8,2,1303.5150,0.0280838
T,8,1,2073.7930,0.0700563
T,9,1,2230.5400,0.0103144
T,9,0,2260.3700,0.00352324
T,10,8,186.1680,0.00127654
T,10,5,330.7990,0.00311475
T,10,4,646.2220,0.0230287
T,10,2,1489.6760,0.014144
T,11,3,1399.0690,0.00531039
T,11,0,2290.4200,0.0297178
T,12,7,327.3900,0.000663799
T,12,1,2367.3000,0.00801664
T,12,0,2397.1200,0.00275732
T,13,8,315.4690,0.000796558
T,13,7,349.3400,0.000531039
T,13,6,371.7930,0.00183821
T,13,5,460.1000,0.00186885
T,13,2,1618.9730,0.0662267
T,13,1,2389.2450,0.0153695
T,13,0,2419.0730,0.00674011
T,14,6,528.5500,0.000183821
T,14,1,2545.9900,0.0273689
T,15,8,522.3190,0.0177183
T,15,2,1825.8150,0.00750603
T,16,13,311.1910,0.00129696
T,16,8,626.6580,0.000107229
T,16,4,1086.7070,0.0113356
T,16,2,1930.1510,0.00510614
T,17,2,1946.8200,0.000428916
T,17,1,2717.0900,0.00398279
T,17,0,2746.9100,0.00275732
T,18,13,337.5570,0.000382961
T,18,4,1113.0720,0.000571888
T,18,2,1956.5150,0.0207309
T,18,1,2726.7800,0.0114888
T,19,11,496.1160,0.000520827
T,19,5,827.5520,0.00495296
T,19,1,2756.6780,0.0206288
T,21,0,2786.6400,0.00148078
T,22,6,760.5200,0.00127654
T,22,5,848.8300,0.00112335
T,22,2,2007.6900,0.0261945
T,23,5,1026.8400,0.000525933
T,23,2,2185.7000,0.00510614
T,23,1,2955.9600,0.00255307
T,24,11,737.4450,0.00163397
T,24,7,958.1200,0.000408491
T,24,5,1068.8790,0.00428916
T,24,0,3027.8200,0.00122547
T,25,14,533.8200,9.70167e-05
T,25,6,1062.3600,0.000868044
T,25,5,1150.6660,0.00188927
T,25,4,1466.0830,0.00239989
T,26,22,320.6200,9.70167e-05
T,26,10,838.6500,0.00071486
T,26,1,3098.5500,0.0064848
T,26,0,3128.3700,0.0042381
T,27,13,727.2800,0.000148078
T,27,5,1187.3700,0.00112335
T,27,4,1502.7900,0.00434022
T,27,2,2346.2200,0.00704648
T,28,18,397.1100,0.000321687
T,28,12,756.6100,0.000868044
T,28,4,1510.1700,0.000234883
T,28,0,3153.6900,0.0019914
T,29,10,938.7400,0.000970167
T,29,8,1124.9000,0.00127654
T,29,2,2428.3800,0.00265519
T,29,1,3198.6300,0.00153184
T,29,0,3228.4600,0.00107229
T,30,6,1320.6500,0.00337005
T,30,2,2567.8000,0.000352324
T,30,1,3338.0500,0.0183821
T,30,0,3367.8800,0.000970167
T,31,5,1434.5100,0.00107229
T,31,2,2593.3500,0.00495296
T,32,2,2614.1800,0.00842514
T,32,1,3384.4300,0.00316581
T,33,15,813.0900,0.00049019
T,33,8,1335.4000,0.000352324
T,33,5,1480.0240,0.0180247
T,33,4,1795.4380,0.0149099
T,33,2,2638.8660,0.00735285
T,34,22,678.3500,0.00029105
T,34,11,1195.7400,0.000612737
T,34,6,1438.8600,0.00250201
T,34,2,2686.0100,0.00255307
T,35,14,981.0400,0.00110293
T,35,10,1267.0900,0.00112335
T,35,7,1487.1200,0.00103655
T,35,6,1509.5800,0.000234883
T,35,5,1597.8800,0.00285944
T,35,1,3526.9700,0.00868044
T,36,23,613.3730,0.00239989
T,36,14,1023.3600,0.00229776
T,36,11,1308.7700,0.000459553
T,36,6,1551.9000,0.00153184
T,36,2,2799.0400,0.00740391
T,36,1,3569.2900,0.00372748
T,37,24,602.0300,0.000362536
T,37,12,1232.7500,0.00153184
T,37,7,1560.1300,0.00137866
T,37,1,3599.9700,0.00148078
T,37,0,3629.8000,0.00321687
T,38,11,1373.2270,0.0128164
T,38,5,1704.6560,0.012459
T,38,1,3633.7360,0.00474871
T,38,0,3663.5630,0.00316581
T,39,14,1162.5000,0.00331899
T,39,9,1477.9600,0.00183821
T,39,6,1691.0300,0.000765921
T,39,4,2094.7500,0.00051572
T,39,2,2938.1700,0.0071486
T,40,26,639.1600,0.000459553
T,40,20,981.0400,0.00112335
T,40,13,1348.4900,0.000372748
T,40,2,2967.4100,0.00122547
T,41,32,383.1200,0.000428916
T,41,23,811.6300,0.000245095
T,41,14,1221.6100,0.000765921
T,41,5,1838.4500,0.00479977
T,41,4,2153.8600,0.00806771
T,42,34,335.2100,0.000428916
T,42,21,1034.7000,0.000408491
T,42,17,1074.4300,0.0013276
T,42,16,1091.1000,0.000393173
T,42,12,1424.2280,0.00352324
T,42,11,1530.9300,0.000612737
T,42,1,3791.4300,0.00168503
T,43,25,730.5100,0.000255307
T,43,7,1770.3900,0.000331899
T,43,5,1881.1500,0.00469765
T,43,4,2196.5600,0.00388067
T,43,2,3039.9800,0.00663799
T,44,32,454.3100,0.000408491
T,44,17,1121.6900,0.00118463
T,44,10,1578.8400,0.000372748
T,44,8,1765.0000,0.00245095
T,44,2,3068.4600,0.00229776
T,44,1,3838.7000,0.00571888
T,44,0,3868.5300,0.00127654
T,45,18,1131.2000,0.00110293
T,45,2,3087.6600,0.00173609
T,45,1,3857.9000,0.00245095
T,46,5,1965.0200,0.000393173
T,46,1,3894.0800,0.0022467
T,47,8,1916.6700,0.00194033
T,47,6,1972.9900,0.00316581
T,47,2,3220.1100,0.00250201
T,48,23,1118.5400,0.000408491
T,48,18,1347.7300,0.00035743
T,48,11,1813.9300,0.000771028
T,48,8,2000.7300,0.000919106
T,48,6,2057.0500,0.00153184
T,48,2,3304.1700,0.00745497
T,49,25,1001.0900,0.000868044
T,49,24,1082.8800,0.00173609
T,49,18,1354.1060,0.00178715
T,49,11,1820.3100,0.00260413
T,49,4,2467.1400,0.00071486
T,49,2,3310.5500,0.00127654
T,49,1,4080.7900,0.00301262
T,50,29,920.4000,0.000183821
T,50,12,1751.7700,0.00204246
T,50,11,1858.4800,0.00551463
T,50,9,1888.5300,0.000765921
T,50,2,3348.7200,0.00878257
T,50,0,4148.7800,0.00142972
T,51,33,740.8800,0.0029105
T,51,29,951.3800,0.000459553
T,51,21,1393.2200,0.000970167
T,51,13,1760.8000,0.000321687
T,51,5,2220.8800,0.00194033
T,51,3,3288.4500,0.0015829
T,52,32,798.6300,0.000663799
T,52,7,2143.1800,0.00112335
T,53,28,1099.8500,0.000449341
T,53,26,1125.1600,0.000868044
T,53,8,2149.9400,0.00377855
T,53,7,2183.8100,0.00510614
T,53,6,2206.2600,0.00801664
T,53,4,2609.9700,0.0108761
T,53,2,3453.3800,0.0126122
T,53,1,4223.6100,0.00638268
T,54,14,1704.6800,0.00306369
T,54,6,2233.2000,0.00153184
T,54,2,3480.3200,0.000663799
T,54,1,4250.5500,0.00127654
T,54,0,4280.3800,0.00321687
T,55,39,657.3900,0.000622949
T,55,16,1665.4400,0.00142972
T,55,6,2348.3900,0.00245095
T,56,28,1265.5300,0.00234883
T,56,14,1843.4100,0.000694435
T,56,12,2022.1100,0.00194033
T,56,1,4389.2800,0.00260413
T,57,31,1079.4000,0.00071486
T,57,17,1725.9400,0.000352324
T,57,15,1846.9500,0.00112335
T,57,7,2403.1100,0.00173609
T,57,0,4472.7300,0.00428916
T,58,29,1308.5100,0.000816983
T,58,25,1427.3800,0.000234883
T,58,14,1961.1800,0.00168503
T,58,7,2467.2400,0.000510614
T,58,5,2578.0000,0.00265519
T,58,2,3736.8100,0.00985486
T,58,1,4507.0300,0.00811877
T,59,51,564.1300,0.000459553
T,59,43,903.8750,0.00153184
T,59,41,946.5800,0.000393173
T,59,36,1144.8300,0.00071486
T,59,22,1936.2000,0.0013276
T,59,16,2013.7300,0.00183821
T,59,14,2168.1600,0.00194033
T,59,10,2454.2000,0.000265519
T,59,9,2483.6100,0.000311475
T,59,5,2784.9800,0.0022467
T,59,4,3100.3800,0.00408491
T,59,2,3943.7800,0.0104676
T,60,50,639.9300,0.000816983
T,60,18,2032.1800,0.00275732
T,60,15,2162.8800,0.000439128
T,60,9,2528.4200,0.00148078
T,60,8,2685.1700,0.00204246
T,60,4,3145.1900,0.00209352
T,61,28,1718.6900,0.00107229
T,61,18,2115.7800,0.000331899
T,61,5,2913.3900,0.00168503
T,61,1,4842.4100,0.000811877
T,61,0,4872.2300,0.00270626
T,62,51,813.0300,0.000628056
T,62,27,1846.5500,0.00117441
T,62,21,2206.2200,0.0084762
T,62,11,2702.4400,0.00183821
T,62,7,2923.1100,0.00306369
T,62,1,4962.8700,0.00112335
T,63,30,1695.4000,0.00106718
T,63,25,1953.6800,0.00229776
T,63,13,2644.2200,0.00142972
T,63,0,5063.1200,0.000750603
T,64,63,2735.9900,0.00587206
T,64,62,2806.4200,0.0130717
T,64,61,2926.8900,0.00525933
T,64,60,3010.4900,0.0035743
T,64,59,3055.3000,0.0236925
T,64,58,3262.2800,0.0191991
T,64,57,3326.4200,0.00638268
T,64,56,3380.0400,0.00234883
T,64,55,3403.5800,0.00852726
T,64,54,3518.7700,0.00949743
T,64,53,3545.7100,0.0380918
T,64,52,3586.3400,0.00173609
T,64,51,3619.3900,0.00663799
T,64,50,3650.3700,0.0181268
T,64,49,3688.5400,0.014093
T,64,48,3694.9100,0.0117952
T,64,47,3778.9700,0.00730178
T,64,46,3875.2400,0.00301262
T,64,45,3911.4300,0.00857832
T,64,44,3930.6300,0.0140419
T,64,43,3959.1000,0.0128675
T,64,42,3977.8900,0.0111825
T,64,41,4001.8000,0.0134292
T,64,40,4031.6700,0.00214458
T,64,39,4060.9100,0.012459
T,64,38,4135.5860,0.0287476
T,64,37,4169.3500,0.00607631
T,64,36,4200.0400,0.0203224
T,64,35,4242.3500,0.00418704
T,64,34,4313.0600,0.00250201
T,64,33,4360.2010,0.0396237
T,64,32,4384.8800,0.0126122
T,64,31,4405.7100,0.00331899
T,64,30,4431.2700,0.00474871
T,64,27,4652.8300,0.00561676
T,64,26,4670.7600,0.00704648
T,64,25,4689.5300,0.000816983
T,64,22,4991.3400,0.0220585
T,64,21,5012.4800,0.0115399
T,64,18,5042.5070,0.0179226
T,64,16,5068.8700,0.0114378
T,64,15,5173.1960,0.0245095
T,64,14,5223.2800,0.00449341
T,64,13,5380.0180,0.0745497
T,64,11,5508.6600,0.0337005
T,64,8,5695.4420,0.05821
T,64,7,5729.3080,0.0223138
T,64,6,5751.7580,0.0551463
T,64,2,6998.7580,0.0228245
T,64,1,7768.9190,0.0597419
