# EGAF thermal-capture cascade for Mg25(n,g)Mg26; Sn_keV=11093.080 sigma_th_b=0.19 primary_coverage=1.0000 Egamma_over_Sn=1.037
S,11093.0797,56
L,0,0.0000
L,1,1808.7360
L,2,2938.3370
L,3,3588.5600
L,4,3941.5000
L,5,4318.8800
L,6,4332.5200
L,7,4350.0700
L,8,4835.1300
L,9,4901.2700
L,10,4972.2700
L,11,5291.7200
L,12,5476.1000
L,13,5691.1100
L,14,5715.7100
L,15,6125.4500
L,16,6634.3100
L,17,6745.7300
L,18,6876.4100
L,19,7061.9400
L,20,7099.6300
L,21,7261.3700
L,22,7282.7300
L,23,7348.8700
L,24,7370.8000
L,25,7541.7000
L,26,7697.3000
L,27,7725.5300
L,28,8052.9000
L,29,8184.9800
L,30,8227.5200
L,31,8250.7100
L,32,8458.8600
L,33,8503.7300
L,34,8532.2500
L,35,8705.7000
L,36,8863.8000
L,37,8903.4900
L,38,8959.4000
L,39,9044.8000
L,40,9238.7000
L,41,9325.5000
L,42,9427.7400
L,43,9574.0200
L,44,9617.0000
L,45,9856.5000
L,46,10102.4300
L,47,10126.6800
L,48,10220.0900
L,49,10350.3500
L,50,10362.4300
L,51,10599.9500
L,52,10681.8600
L,53,10718.7300
L,54,10745.9700
L,55,10805.8000
L,56,11093.1570
T,1,0,1808.6680,0.947368
T,2,1,1129.5750,0.468947
T,2,0,2938.1590,0.0494737
T,3,1,1779.7600,0.00663158
T,4,2,1003.1400,0.0847368
T,4,1,2132.6700,0.0468421
T,5,1,2510.0200,0.0305263
T,6,2,1394.1400,0.01
T,6,1,2523.6500,0.0526316
T,6,0,4332.1300,0.00394737
T,7,4,408.5700,0.000252632
T,7,2,1411.7000,0.0684211
T,7,1,2541.2100,0.0778947
T,8,6,502.6100,0.001
T,8,2,1896.7200,0.0494737
T,8,1,3026.2100,0.00231579
T,8,0,4834.6500,0.00626316
T,9,1,3092.3400,0.0135789
T,10,2,2033.8500,0.00305263
T,11,4,1350.1900,0.000789474
T,11,2,2353.2700,0.0235263
T,11,1,3482.7400,0.00157895
T,11,0,5291.1500,0.000894737
T,12,5,1157.1900,0.00668421
T,12,4,1534.5500,0.00157895
T,12,1,3667.0800,0.000894737
T,13,6,1358.5500,0.000178947
T,13,2,2752.6100,0.00121053
T,13,1,3882.0600,0.00305263
T,13,0,5690.4400,0.000252632
T,14,7,1365.5900,0.00315789
T,14,4,1774.1400,0.004
T,14,2,2777.2100,0.00268421
T,15,14,409.7400,0.000252632
T,15,11,833.7100,0.00242105
T,15,9,1224.1500,0.000894737
T,15,8,1290.2800,0.00373684
T,15,7,1775.3100,0.0678947
T,15,6,1792.8700,0.00473684
T,15,4,2183.8500,0.00973684
T,15,2,3186.9100,0.004
T,15,1,4316.3300,0.00336842
T,16,2,3695.6900,0.00473684
T,17,2,3807.0900,0.00168421
T,17,1,4936.4900,0.00336842
T,18,8,2041.1800,0.00242105
T,18,6,2543.7500,0.00310526
T,18,5,2557.3900,0.00226316
T,18,4,2934.7300,0.00215789
T,18,2,3937.7500,0.0133684
T,18,1,5067.1400,0.0505263
T,19,3,3473.1300,0.00468421
T,19,2,4123.2500,0.00131579
T,19,1,5252.6400,0.00278947
T,19,0,7060.9100,0.000494737
T,20,8,2264.3900,0.00189474
T,20,4,3157.9300,0.000842105
T,20,2,4160.9400,0.00489474
T,20,1,5290.3200,0.00147368
T,20,0,7098.5900,0.000526316
T,21,8,2426.1200,0.0273158
T,21,7,2911.1200,0.00878947
T,21,6,2928.6800,0.0105263
T,21,4,3319.6500,0.0526316
T,21,2,4322.6500,0.0165789
T,21,1,5452.0250,0.108421
T,22,14,1566.9700,0.00242105
T,22,9,2381.3400,0.00257895
T,22,7,2932.4800,0.00463158
T,22,5,2963.6700,0.0153684
T,22,4,3341.0000,0.0242105
T,23,12,1872.7000,0.000510526
T,23,8,2513.6000,0.0146842
T,23,6,3016.1600,0.00426316
T,23,5,3029.7900,0.00110526
T,23,2,4410.1300,0.0352632
T,23,1,5539.5000,0.0113684
T,24,7,3020.6000,0.000526316
T,24,4,3429.1000,0.00273684
T,24,1,5561.5000,0.000631579
T,24,0,7369.7000,0.0142105
T,25,7,3191.4200,0.00184211
T,25,6,3208.9700,0.0209474
T,25,4,3599.9400,0.008
T,25,2,4602.9300,0.0191053
T,25,1,5732.2900,0.00863158
T,26,0,7696.1000,0.000510526
T,27,5,3406.4100,0.0736842
T,27,4,3783.7300,0.001
T,28,1,6243.4000,0.00126316
T,29,2,5246.0800,0.00284211
T,29,1,6375.4100,0.0101053
T,30,1,6417.9300,0.00342105
T,30,0,8226.1200,0.00221053
T,31,2,5311.7900,0.00926316
T,31,1,6441.1200,0.000352632
T,32,5,4139.6200,0.00142105
T,32,1,6649.2100,0.00257895
T,33,1,6694.0700,0.00110526
T,33,0,8502.2400,0.00331579
T,34,7,4181.8200,0.00115789
T,34,2,5593.2700,0.00178947
T,34,1,6722.5800,0.000789474
T,35,7,4355.2300,0.00131579
T,35,2,5766.6700,0.00326316
T,36,2,5924.7000,0.000563158
T,36,1,7054.0000,0.000815789
T,37,23,1554.5700,0.000663158
T,37,22,1620.7000,0.00178947
T,37,21,1642.0600,0.00215789
T,37,11,3611.4900,0.00247368
T,37,9,4001.8800,0.00252632
T,37,7,4552.9800,0.00842105
T,37,4,4961.4800,0.00815789
T,37,2,5964.4200,0.003
T,38,0,8957.7000,0.00163158
T,39,2,6105.6900,0.000684211
T,40,0,9236.9000,0.00210526
T,41,9,4423.8200,0.00110526
T,41,8,4489.9500,0.00110526
T,41,7,4974.9200,0.00131579
T,41,6,4992.4600,0.002
T,41,4,5383.4000,0.000684211
T,41,2,6386.3200,0.00415789
T,42,7,5077.1400,0.000684211
T,42,2,6488.5400,0.00289474
T,42,1,7617.8100,0.000947368
T,43,22,2291.1800,0.00115789
T,43,18,2697.4600,0.00205263
T,43,15,3448.3200,0.00173684
T,43,7,5223.3800,0.00842105
T,43,4,5631.8600,0.00121053
T,44,1,7807.0000,0.000510526
T,45,8,5020.8500,0.001
T,45,6,5523.3500,0.00163158
T,45,4,5914.2800,0.000526316
T,45,0,9854.5000,0.000736842
T,46,2,7163.0300,0.000405263
T,46,0,10100.3200,0.00115789
T,47,2,7187.2800,0.000610526
T,47,1,8316.5100,0.00115789
T,48,1,8409.8900,0.000563158
T,49,1,8540.1100,0.000510526
T,50,20,3262.5700,0.00194737
T,50,12,4885.8400,0.00147368
T,50,7,6011.6100,0.00152632
T,50,1,8552.1800,0.00310526
T,51,20,3500.0700,0.000305263
T,51,7,6249.0700,0.000457895
T,51,6,6266.6200,0.00142105
T,51,4,6657.5400,0.00121053
T,51,2,7660.4000,0.000563158
T,55,1,8995.4000,0.000205263
T,56,55,287.3000,0.000352746
T,56,54,347.1800,0.000622494
T,56,53,374.4200,0.00119311
T,56,52,411.2900,0.000352746
T,56,51,493.2000,0.00451308
T,56,50,730.7200,0.00798867
T,56,49,742.7900,0.00119311
T,56,48,873.0500,0.000399434
T,56,47,966.4600,0.00207498
T,56,46,990.7100,0.00155623
T,56,45,1236.6200,0.00591369
T,56,43,1519.0900,0.013228
T,56,42,1665.3600,0.00622494
T,56,41,1767.5900,0.0159255
T,56,40,1854.4000,0.00119311
T,56,39,2048.2700,0.00103749
T,56,38,2133.7000,0.00160811
T,56,37,2189.5700,0.0307097
T,56,35,2387.3400,0.00565432
T,56,34,2560.7700,0.00798867
T,56,33,2589.2900,0.00503182
T,56,32,2634.1500,0.00409808
T,56,31,2842.2800,0.011568
T,56,30,2865.4700,0.00840367
T,56,29,2908.0000,0.0137986
T,56,28,3040.1000,0.00638056
T,56,27,3367.3900,0.00440933
T,56,26,3395.6000,0.00119311
T,56,25,3551.1900,0.0565432
T,56,24,3722.0000,0.00389059
T,56,23,3744.0000,0.0705493
T,56,22,3810.1300,0.0503182
T,56,21,3831.4800,0.216835
T,56,20,3993.1900,0.00876679
T,56,19,4030.8800,0.00912991
T,56,18,4216.3800,0.075218
T,56,17,4347.0400,0.00513557
T,56,16,4458.4400,0.00482433
T,56,15,4967.1900,0.0840367
T,56,14,5376.8500,0.000674368
T,56,13,5401.4500,0.00228248
T,56,12,5616.4100,0.00269747
T,56,11,5800.7400,0.015718
T,56,10,6120.1100,0.00248998
T,56,9,6191.0900,0.00269747
T,56,8,6257.2100,0.00342372
T,56,7,6742.1400,0.0213204
T,56,6,6759.6900,0.0118274
T,56,5,6773.3300,0.00357934
T,56,4,7150.6000,0.0114643
T,56,2,8153.4480,0.147842
T,56,1,9282.6420,0.022721
T,56,0,11090.6180,0.00140061
