# EGAF thermal-capture cascade for N14(n,g)N15; Sn_keV=10833.297 sigma_th_b=0.075 primary_coverage=1.0000 Egamma_over_Sn=1.056
S,10833.2968,18
L,0,0.0000
L,1,5270.1530
L,2,5298.8260
L,3,6323.8590
L,4,7155.1010
L,5,7300.8890
L,6,7563.5200
L,7,8312.6320
L,8,8571.3400
L,9,9049.5900
L,10,9151.9800
L,11,9154.9340
L,12,9222.4700
L,13,9760.2700
L,14,9924.8800
L,15,10065.4700
L,16,10450.3000
L,17,10701.7200
L,18,10833.3170
T,1,0,5269.1590,0.314667
T,2,0,5297.8210,0.223333
T,3,2,1024.9950,0.000168
T,3,1,1053.6660,0.00016
T,3,0,6322.4280,0.1932
T,4,3,831.2180,0.000493333
T,4,1,1884.8210,0.195733
T,4,0,7153.2700,0.000666667
T,5,3,976.9960,0.000373333
T,5,2,2001.9200,0.00253333
T,5,1,2030.5890,0.000773333
T,5,0,7298.9830,0.0994667
T,6,1,2293.1800,0.00048
T,7,5,1011.7060,0.00144
T,7,3,1988.6320,0.00385333
T,7,2,3013.4820,0.0076
T,7,0,8310.1610,0.044
T,8,3,2247.3000,0.00016
T,8,1,3300.7900,0.00154667
T,8,0,8568.7100,0.00072
T,9,3,2725.4700,0.000213333
T,9,0,9046.6600,0.00212
T,10,1,3881.2900,0.00084
T,10,0,9148.9800,0.0172
T,11,8,583.5900,0.00572
T,11,5,1853.9220,0.00677333
T,11,4,1999.6900,0.0430667
T,11,3,2830.7890,0.0178667
T,11,2,3855.5770,0.00834667
T,11,1,3884.2420,0.00581333
T,11,0,9151.9370,0.0016
T,12,3,2898.3100,0.000226667
T,12,2,3923.1000,0.000386667
T,12,0,9219.4300,0.0002
T,13,10,608.2800,0.000333333
T,13,0,9756.8700,0.000586667
T,14,11,769.9200,0.000106667
T,14,7,1612.1500,0.00126667
T,14,1,4653.9500,0.000293333
T,14,0,9921.3600,0.00132
T,15,0,10061.8500,0.0006
T,17,0,10697.6300,0.000106667
T,18,17,131.5900,0.000175819
T,18,16,383.0000,6.90716e-05
T,18,15,767.8200,0.000640482
T,18,14,908.4100,0.00159493
T,18,13,1073.0000,0.000866535
T,18,12,1610.7500,0.000728392
T,18,11,1678.2810,0.0791184
T,18,10,1681.2400,0.0162004
T,18,9,1783.6100,0.0024489
T,18,8,2261.8000,0.000766067
T,18,7,2520.4570,0.0553829
T,18,6,3269.4100,0.000590248
T,18,5,3531.9810,0.0891652
T,18,4,3677.7320,0.144422
T,18,3,4508.7310,0.165772
T,18,2,5533.3950,0.194656
T,18,1,5562.0570,0.105491
T,18,0,10829.1200,0.141911
