# EGAF thermal-capture cascade for Na23(n,g)Na24; Sn_keV=6959.365 sigma_th_b=0.53 primary_coverage=0.9940 Egamma_over_Sn=0.936
S,6959.3653,53
L,0,0.0000
L,1,472.2072
L,2,563.1993
L,3,1341.4340
L,4,1344.6480
L,5,1346.6140
L,6,1846.0000
L,7,1885.5010
L,8,1960.8800
L,9,1977.1800
L,10,2513.3960
L,11,2562.3700
L,12,2904.0900
L,13,2977.7870
L,14,3371.8440
L,15,3413.3100
L,16,3589.4000
L,17,3628.2000
L,18,3655.9100
L,19,3682.0300
L,20,3745.1400
L,21,3865.5900
L,22,3935.7100
L,23,3943.4800
L,24,3977.4300
L,25,4048.3400
L,26,4143.1000
L,27,4186.8000
L,28,4196.2600
L,29,4207.1510
L,30,4441.6400
L,31,4562.0300
L,32,4621.6300
L,33,4690.2800
L,34,4751.0800
L,35,4891.2700
L,36,5031.1400
L,37,5045.0700
L,38,5059.6480
L,39,5117.3000
L,40,5192.3900
L,41,5252.2900
L,42,5339.0400
L,43,5397.0670
L,44,5479.0700
L,45,5809.5610
L,46,5863.0000
L,47,5918.3230
L,48,5953.3400
L,49,5967.3700
L,50,6072.8260
L,51,6222.3700
L,52,6247.6130
L,53,6959.5920
T,2,1,90.9918,0.443396
T,2,0,563.1922,0.0160377
T,3,2,778.2210,0.0109434
T,3,1,869.2100,0.20434
T,4,2,781.4350,0.0330189
T,4,0,1344.6070,0.0409434
T,5,1,874.3890,0.143396
T,6,5,499.3810,0.0269811
T,6,4,501.3470,0.00592453
T,6,3,504.5610,0.00260377
T,6,2,1282.7640,0.0103774
T,6,1,1373.7510,0.0149057
T,7,2,1322.2620,0.0116981
T,7,0,1885.4210,0.00735849
T,8,5,614.2500,0.00132075
T,8,1,1488.6200,0.000207547
T,9,1,1504.9200,0.0055283
T,10,8,552.5100,0.00126415
T,10,2,1950.1120,0.0164151
T,11,4,1217.6900,0.00254717
T,12,4,1559.3800,0.00298113
T,13,7,1092.2600,0.00292453
T,13,4,1633.0800,0.0139623
T,13,3,1636.2930,0.0471698
T,13,2,2414.4570,0.044717
T,13,1,2505.4390,0.0315094
T,13,0,2977.5890,0.000943396
T,14,10,858.4300,0.000754717
T,14,7,1486.2940,0.00233962
T,14,5,2025.1390,0.0643396
T,14,4,2027.1040,0.00716981
T,14,3,2030.3180,0.0413208
T,14,2,2808.4680,0.0316981
T,15,6,1567.2500,0.00143396
T,15,5,2066.6000,0.00226415
T,15,3,2071.7800,0.0111321
T,15,2,2849.9300,0.00271698
T,15,1,2940.9100,0.00654717
T,16,6,1743.3300,0.000679245
T,16,5,2242.6700,0.0010566
T,16,3,2247.8500,0.00107547
T,16,2,3025.9900,0.0275472
T,16,1,3116.9700,0.00986792
T,17,3,2286.6500,0.0015283
T,17,0,3627.9000,0.00150943
T,18,7,1770.3400,0.000660377
T,18,3,2314.3600,0.000528302
T,18,2,3092.5000,0.00471698
T,19,1,3209.5900,0.00718868
T,20,7,1859.5600,0.000433962
T,20,6,1899.0600,0.015283
T,20,4,2400.3600,0.00169811
T,20,3,2403.5700,0.00284906
T,20,2,3181.7100,0.00241509
T,20,0,3744.8200,0.000333962
T,21,6,2019.5000,0.00471698
T,21,3,2524.0100,0.000981132
T,22,5,2588.9400,0.0024717
T,23,0,3943.1300,0.000811321
T,24,6,2131.3200,0.00045283
T,24,5,2630.6600,0.00545283
T,24,2,3413.9700,0.00832075
T,24,1,3504.9400,0.0127547
T,25,5,2701.5600,0.000324528
T,25,1,3575.8500,0.000301887
T,26,0,4142.7000,0.000118868
T,27,7,2301.2000,0.000471698
T,28,13,1218.4300,0.000188679
T,28,7,2310.6300,0.000339623
T,28,6,2350.1300,0.000339623
T,28,2,3632.7600,0.000849057
T,28,1,3723.7400,0.0029434
T,29,15,793.8300,0.00398113
T,29,14,835.2920,0.020566
T,29,13,1229.3300,0.00284906
T,29,10,1693.6900,0.00118868
T,29,6,2361.0260,0.0158491
T,29,5,2860.3550,0.0333962
T,29,3,2865.5340,0.0245283
T,29,2,3643.6550,0.0126415
T,29,1,3734.6320,0.000698113
T,30,15,1028.3000,0.00090566
T,30,10,1928.1600,0.0090566
T,30,7,2555.9900,0.000981132
T,30,6,2595.4900,0.00981132
T,30,4,3096.7800,0.0375472
T,30,3,3099.9900,0.0301887
T,30,2,3878.1000,0.0411321
T,30,1,3969.0800,0.004
T,31,18,906.1000,0.000660377
T,31,13,1584.1900,0.00045283
T,31,9,2584.7000,0.00245283
T,31,6,2715.8700,0.00577358
T,31,1,4089.4500,0.00379245
T,32,15,1208.2800,0.000377358
T,32,8,2660.5900,0.000433962
T,33,18,1034.3500,0.000113208
T,33,13,1712.4300,0.0211321
T,33,0,4689.7900,0.000137736
T,34,24,773.6400,0.000724528
T,34,20,1005.9240,0.00428302
T,34,18,1095.1500,0.00186792
T,34,15,1337.7300,0.00590566
T,34,13,1773.2300,0.002
T,34,12,1846.9200,0.000981132
T,34,10,2237.5800,0.00184906
T,34,8,2790.0300,0.00101887
T,34,6,2904.8900,0.0111321
T,34,3,3409.3900,0.0044717
T,34,2,4187.4900,0.0137736
T,34,1,4278.4700,0.000128302
T,35,0,4890.7300,0.00288679
T,36,2,4467.5000,0.00266038
T,37,16,1455.6200,0.000339623
T,37,15,1631.7000,0.00186792
T,37,6,3198.8400,0.00186792
T,37,5,3698.1500,0.00179245
T,37,3,3703.3300,0.00413208
T,37,2,4481.4200,0.00169811
T,38,29,852.4800,0.000867925
T,38,28,863.3800,0.000528302
T,38,20,1314.4700,0.000641509
T,38,7,3173.9200,0.000528302
T,38,5,3712.7260,0.000481132
T,38,2,4495.9970,0.00364151
T,38,1,4586.9700,0.00135849
T,39,6,3271.0600,0.00090566
T,39,5,3770.3700,0.000962264
T,39,3,3775.5500,0.000128302
T,39,2,4553.6400,0.00090566
T,39,1,4644.6100,0.000490566
T,40,8,3231.2800,0.000377358
T,40,2,4628.7100,0.000433962
T,40,0,5191.7800,7.92453e-05
T,41,30,810.6400,0.000169811
T,41,19,1570.2100,0.000132075
T,42,6,3492.7700,0.000849057
T,42,3,3997.2500,0.00356604
T,42,2,4775.3300,0.00160377
T,42,1,4866.3000,0.000156604
T,43,18,1741.0900,0.00111321
T,43,3,4055.2650,0.00377358
T,43,0,5396.4160,1.88679e-05
T,44,14,2107.1300,0.000207547
T,44,3,4137.2500,0.00145283
T,44,2,4915.3300,0.000566038
T,44,1,5006.3000,0.000432075
T,45,31,1247.4950,0.00232075
T,45,24,1832.0600,0.00179245
T,45,16,2220.0500,0.00175472
T,45,10,3295.9200,4.90566e-05
T,45,5,4462.5020,0.00126415
T,45,2,5245.7460,8.86792e-05
T,45,1,5336.7170,0.000137736
T,46,20,2117.7600,0.000188679
T,46,3,4521.1100,0.00014717
T,47,38,858.6600,0.00132075
T,47,14,2546.3300,0.000471698
T,47,1,5445.4520,0.00145283
T,48,23,2009.7800,0.00175472
T,48,22,2017.5400,0.000773585
T,48,19,2271.2000,0.000660377
T,48,6,4106.9600,0.000284906
T,49,1,5494.4900,0.000107547
T,50,41,820.5200,0.000320755
T,50,28,1876.4900,0.000283019
T,50,12,3168.5100,0.000396226
T,50,6,4226.4260,0.00339623
T,50,5,4725.7130,0.001
T,50,3,4730.8910,0.00309434
T,50,2,5508.9480,1.88679e-05
T,50,1,5599.9170,0.000864151
T,51,13,3244.3500,4.90566e-05
T,51,9,4244.7900,0.000137736
T,51,6,4375.9400,0.000962264
T,51,5,4875.2200,5.84906e-05
T,51,2,5658.4500,5.84906e-05
T,52,27,2060.7000,0.000716981
T,52,24,2270.0700,0.000301887
T,52,16,2658.0600,0.00045283
T,52,14,2875.5800,0.000301887
T,52,12,3343.2800,0.00181132
T,52,8,4286.3300,3.96226e-05
T,52,7,4361.6870,0.000196226
T,52,5,4900.4630,0.0014717
T,52,3,4905.6410,0.000490566
T,52,2,5683.6920,0.000128302
T,52,1,5774.6600,0.00218868
T,52,0,6246.7410,3.01887e-05
T,53,52,711.9670,0.00811321
T,53,51,737.2100,0.000188679
T,53,50,886.7490,0.00758491
T,53,48,1006.2300,0.00698113
T,53,47,1041.2450,0.00288679
T,53,46,1096.5700,0.000377358
T,53,45,1150.0020,0.00996226
T,53,44,1480.4700,0.00322642
T,53,43,1562.4700,0.00483019
T,53,42,1620.4900,0.00554717
T,53,40,1767.1400,0.000528302
T,53,39,1842.2100,0.00433962
T,53,38,1899.8600,0.00679245
T,53,37,1914.4400,0.011434
T,53,36,1928.3700,0.0103774
T,53,34,2208.4000,0.0488679
T,53,33,2269.1900,0.000490566
T,53,32,2337.8400,0.00162264
T,53,31,2397.4330,0.0130189
T,53,30,2517.8100,0.131887
T,53,29,2752.2710,0.123396
T,53,28,2763.1700,0.01
T,53,25,2911.0600,0.000584906
T,53,24,2981.9700,0.0267925
T,53,21,3093.7900,0.00528302
T,53,20,3214.2200,0.0101887
T,53,19,3277.3200,0.00711321
T,53,18,3303.4400,0.00215094
T,53,17,3331.1500,0.00224528
T,53,16,3369.9400,0.0250943
T,53,15,3546.0000,0.00856604
T,53,14,3587.4600,0.112453
T,53,13,3981.4500,0.127736
T,53,12,4055.1400,0.00283019
T,53,10,4445.7540,0.00432075
T,53,9,4981.8600,0.000569811
T,53,7,5073.5150,0.00390566
T,53,6,5113.0070,0.00471698
T,53,5,5612.2740,0.00490566
T,53,4,5614.2390,0.00943396
T,53,3,5617.4520,0.0301887
T,53,2,6395.4780,0.188868
T,53,1,6486.4440,0.0035283
T,53,0,6958.5090,3.01887e-05
