# EGAF thermal-capture cascade for Ni64(n,g)Ni65; Sn_keV=6098.081 sigma_th_b=1.52 primary_coverage=1.0000 Egamma_over_Sn=1.396
S,6098.0807,12
L,0,0.0000
L,1,63.3800
L,2,310.2100
L,3,692.2300
L,4,1417.8000
L,5,1920.0000
L,6,2146.7600
L,7,2324.5000
L,8,2711.5000
L,9,3009.6000
L,10,3278.5000
L,11,3962.3000
L,12,6098.2800
T,1,0,63.3800,0.241557
T,2,1,246.8300,0.00710461
T,2,0,310.5800,0.399279
T,3,2,382.0200,0.00994645
T,3,1,628.8500,0.0923599
T,3,0,692.2300,0.0206034
T,4,3,725.6000,0.00291289
T,4,2,1107.6000,0.0525741
T,4,0,1417.8000,0.00291289
T,6,1,2083.3400,0.00852553
T,6,0,2146.7200,0.00923599
T,8,2,2401.2000,0.00852553
T,8,1,2648.0600,0.00319707
T,11,2,3651.9000,0.00113674
T,11,0,3962.1000,0.00113674
T,12,10,2819.7000,0.00197338
T,12,9,3088.6000,0.00268178
T,12,8,3386.6900,0.00860193
T,12,7,3773.7000,0.00333957
T,12,6,3951.4000,0.0116379
T,12,5,4178.1000,0.00126499
T,12,4,4680.2900,0.0394677
T,12,3,5405.8100,0.0910793
T,12,2,5787.7900,0.182159
T,12,1,6034.6000,0.657795
