# EGAF thermal-capture cascade for Pb207(n,g)Pb208; Sn_keV=7367.869 sigma_th_b=0.712 primary_coverage=0.8736 Egamma_over_Sn=0.874
S,7367.8686,14
L,0,0.0000
L,1,2614.5500
L,2,3998.0000
L,3,4051.9600
L,4,4085.5000
L,5,4229.7200
L,6,4254.7300
L,7,4701.3000
L,8,4882.0000
L,9,4905.0000
L,10,4937.1800
L,11,5384.7800
L,12,5844.5500
L,13,6343.0000
L,14,7367.9200
T,1,0,2614.5300,0.00254213
T,2,1,1383.0000,0.000209726
T,3,1,1437.4000,5.08427e-05
T,4,0,4085.4600,0.000660955
T,5,1,1615.1600,0.000139817
T,6,1,1640.1700,0.000228792
T,7,1,2086.8000,0.000241503
T,10,1,2322.6200,0.00019066
T,10,0,4937.1200,0.000158883
T,11,5,1155.0600,6.99087e-05
T,11,3,1332.8200,3.17767e-05
T,11,1,2770.2100,0.000101685
T,11,0,5384.7100,5.08427e-05
T,12,0,5844.4600,8.89747e-05
T,13,1,3729.0000,0.000139817
T,14,13,1025.0000,0.000139817
T,14,12,1523.3600,6.99087e-05
T,14,11,1983.1300,0.000241503
T,14,10,2430.7200,0.00019066
T,14,6,3113.1700,0.000228792
T,14,4,3282.3900,0.000540204
T,14,1,4753.3100,0.00148079
T,14,0,7367.7800,0.870681
