# EGAF thermal-capture cascade for Si30(n,g)Si31; Sn_keV=6587.393 sigma_th_b=0.107 primary_coverage=1.0000 Egamma_over_Sn=1.134
S,6587.3930,10
L,0,0.0000
L,1,752.2250
L,2,1694.9200
L,3,2316.9300
L,4,2788.0300
L,5,3532.9100
L,6,4382.3600
L,7,5281.3600
L,8,5873.1500
L,9,5957.9100
L,10,6587.3900
T,1,0,752.2150,0.956624
T,2,1,942.6700,0.000393548
T,2,0,1694.8700,0.040263
T,3,2,622.0100,0.00133201
T,3,1,1564.6600,0.00163474
T,3,0,2316.8400,0.00729577
T,4,0,2787.8900,0.0118064
T,5,4,744.8700,0.000302729
T,5,3,1215.9600,0.000242183
T,5,2,1837.9400,0.0220992
T,5,1,2780.5520,0.729577
T,5,0,3532.6900,0.0181637
T,6,5,849.4400,0.00445012
T,6,4,1594.2900,0.0104441
T,6,3,2065.3600,0.00121092
T,6,2,2687.3200,0.0166501
T,6,1,3629.9100,0.0820396
T,6,0,4382.0300,0.0187692
T,7,6,898.9800,0.000696277
T,7,5,1748.3900,0.0139255
T,7,4,2493.2200,0.000393548
T,7,3,2964.2800,0.00729577
T,7,2,3586.2200,0.0696277
T,7,1,4528.7800,0.160446
T,7,0,5280.8700,0.00242183
T,8,0,5872.5500,0.00877914
T,9,3,3640.7500,0.000393548
T,9,0,5957.2900,0.00121092
T,10,9,629.4800,0.00192986
T,10,8,714.2400,0.00860168
T,10,7,1306.0100,0.168174
T,10,6,2204.9450,0.12682
T,10,5,3054.3210,0.675452
T,10,4,3799.1200,0.00129577
T,10,3,4270.1500,0.000330834
T,10,2,4892.0600,0.000468681
T,10,1,5834.5800,0.00231584
T,10,0,6586.6400,0.0146118
