# EGAF thermal-capture cascade for W182(n,g)W183; Sn_keV=6190.837 sigma_th_b=20.7 primary_coverage=0.2252 Egamma_over_Sn=0.221
S,6190.8368,63
L,0,0.0000
L,1,46.5020
L,2,99.0792
L,3,207.0120
L,4,208.8170
L,5,291.7240
L,6,308.9560
L,7,309.4930
L,8,412.0960
L,9,453.0720
L,10,475.2150
L,11,551.1940
L,12,595.2900
L,13,622.2300
L,14,903.4500
L,15,934.5800
L,16,999.5300
L,17,1026.3760
L,18,1053.3400
L,19,1069.4900
L,20,1149.8400
L,21,1214.3200
L,22,1229.3300
L,23,1309.5500
L,24,1372.3900
L,25,1435.7000
L,26,1462.9000
L,27,1470.9300
L,28,1550.5800
L,29,1556.1900
L,30,1586.0000
L,31,1612.4000
L,32,1627.9600
L,33,1633.2000
L,34,1660.8000
L,35,1672.7200
L,36,1716.7000
L,37,1723.6000
L,38,1730.2400
L,39,1736.2000
L,40,1751.3000
L,41,1788.0000
L,42,1811.0600
L,43,1823.6500
L,44,1833.6000
L,45,1886.1900
L,46,1893.4600
L,47,1900.9600
L,48,1915.2000
L,49,1944.2200
L,50,1981.9000
L,51,1989.6700
L,52,2028.5100
L,53,2058.5000
L,54,2098.9400
L,55,2126.3600
L,56,2156.8000
L,57,2164.6300
L,58,2169.6000
L,59,2176.6700
L,60,2209.1000
L,61,2235.0900
L,62,2247.7500
L,63,6190.8900
T,1,0,46.4839,0.0350052
T,2,1,52.5294,0.0233368
T,2,0,99.0792,0.0282594
T,3,2,107.9322,0.0262539
T,3,1,160.5276,0.00333643
T,4,2,109.7380,0.00366461
T,4,1,162.3150,0.0340936
T,4,0,208.8170,0.00421157
T,5,4,82.9070,0.000783971
T,5,3,84.7125,0.00475852
T,5,2,192.6446,0.000783971
T,5,1,245.2220,0.000711043
T,5,0,291.7240,0.00825904
T,6,3,101.9440,0.000182319
T,6,2,209.8760,0.00255246
T,8,6,103.1400,0.000492261
T,8,5,120.3713,0.000127623
T,8,4,203.2780,0.00067458
T,8,3,205.0838,0.00158617
T,8,2,313.0158,0.00984522
T,8,1,365.5930,0.000747507
T,9,8,40.9760,7.47507e-05
T,9,6,144.1160,0.00038287
T,9,5,161.3473,0.00164087
T,9,4,244.2540,0.00145855
T,9,3,246.0598,0.00510493
T,9,2,353.9917,0.00134916
T,9,1,406.5690,7.83971e-05
T,10,6,166.2590,8.7513e-05
T,10,3,268.2030,0.000565188
T,11,5,259.4690,0.000253423
T,11,3,344.1820,0.000103922
T,11,2,452.1130,0.000151325
T,12,9,142.2200,0.00136739
T,14,8,491.3600,8.7513e-05
T,14,5,611.7300,0.00118507
T,14,4,694.6400,0.00419333
T,14,2,804.3700,0.000324528
T,15,5,642.8600,0.000111214
T,15,4,725.7600,9.48058e-05
T,15,1,888.0800,0.0138562
T,16,12,404.2400,0.000200551
T,16,8,587.4300,0.000229722
T,16,5,707.8000,0.000565188
T,17,5,734.6500,0.000175026
T,17,4,817.5570,0.00286241
T,17,2,927.2940,0.00428449
T,17,1,979.8710,0.0185965
T,17,0,1026.3730,0.0293533
T,18,8,641.2500,0.000182319
T,18,3,846.3300,0.00402925
T,18,2,954.2600,0.000565188
T,19,12,474.2000,0.00016591
T,19,8,657.4000,0.000118507
T,19,5,777.7700,0.000328174
T,20,9,696.7700,0.00401101
T,20,4,941.0200,0.00213313
T,20,0,1149.8400,0.000692812
T,21,8,802.2200,0.000158617
T,21,5,922.5900,4.74029e-05
T,22,14,325.8700,5.46957e-05
T,22,12,634.0300,0.000474029
T,22,9,776.2500,0.000783971
T,22,5,937.6000,0.000474029
T,23,14,406.0900,0.000237014
T,23,4,1100.7300,0.00437565
T,23,2,1210.4600,0.00133093
T,23,1,1263.0400,0.00029171
T,24,8,960.2900,0.00184142
T,24,6,1063.4300,0.00038287
T,24,5,1080.6600,0.000783971
T,27,20,321.0800,0.00058342
T,27,4,1262.1000,0.00326351
T,27,1,1424.4200,0.00546957
T,27,0,1470.9200,0.00182319
T,28,20,400.7400,0.000229722
T,28,3,1343.5600,0.000601652
T,28,1,1504.0700,0.00182319
T,29,22,326.8600,0.000175026
T,29,4,1347.3700,0.00346406
T,29,1,1509.6800,0.00401101
T,29,0,1556.1800,0.00255246
T,63,62,3943.0900,0.00164087
T,63,61,3955.7500,0.00142209
T,63,60,3981.7500,0.00127623
T,63,59,4014.1700,0.00911594
T,63,58,4021.2000,0.000729275
T,63,57,4026.2100,0.00346406
T,63,56,4034.0000,0.000692812
T,63,55,4064.4800,0.00328174
T,63,54,4091.9000,0.00134916
T,63,53,4132.3000,0.00111214
T,63,52,4162.3300,0.00222429
T,63,51,4201.1600,0.000729275
T,63,50,4208.9000,1.42209e-05
T,63,49,4246.6100,0.00783971
T,63,48,4275.6000,0.000328174
T,63,47,4289.8700,0.000638116
T,63,46,4297.3700,0.000783971
T,63,45,4304.6500,0.00364638
T,63,44,4357.3000,0.000474029
T,63,43,4367.1800,0.00474029
T,63,42,4379.7700,0.00309942
T,63,41,4402.8000,0.000346406
T,63,40,4439.5000,0.000164087
T,63,39,4454.6000,0.000346406
T,63,38,4460.5900,0.00226075
T,63,37,4467.2000,0.00038287
T,63,36,4474.1000,0.000328174
T,63,35,4518.1100,0.00711043
T,63,34,4530.0000,0.000565188
T,63,33,4557.6000,0.000948058
T,63,32,4562.8600,0.00474029
T,63,31,4578.4000,0.000528725
T,63,30,4604.8000,0.000546957
T,63,29,4634.6400,0.00273478
T,63,27,4719.9000,0.00344583
T,63,26,4727.9000,0.000328174
T,63,25,4755.1000,7.47507e-05
T,63,23,4881.2700,0.00103922
T,63,17,5164.4300,0.0346406
T,63,15,5256.2200,0.00222429
T,63,3,5983.7700,3.48229e-05
T,63,1,6144.2800,0.0317235
T,63,0,6190.7800,0.0820435
