symbol,mass_number,abundance,atomic_mass_amu,Sn_MeV
H,1,1.000000,1.007825,2.2246
Li,6,0.048500,6.015123,7.2511
Li,7,0.951500,7.016003,2.0326
B,10,0.196500,10.012937,11.4542
B,11,0.803500,11.009305,3.3697
C,12,0.989400,12.000000,4.9463
C,13,0.010600,13.003355,8.1764
N,14,0.996337,14.003074,10.8333
N,15,0.003663,15.000109,2.4889
O,16,0.997954,15.994915,4.1431
O,18,0.002046,17.999160,3.9556
Na,23,1.000000,22.989769,6.9594
Mg,24,0.789642,23.985042,7.3305
Mg,25,0.100109,24.985837,11.0931
Mg,26,0.110249,25.982593,6.4434
Al,27,1.000000,26.981538,7.7252
Si,28,0.922545,27.976927,8.4736
Si,29,0.046720,28.976495,10.6092
Si,30,0.030735,29.973770,6.5874
K,39,0.932690,38.963706,7.7996
K,41,0.067310,40.961825,7.5338
Ca,40,0.969449,39.962591,8.3628
Ca,42,0.006470,41.958618,7.9329
Ca,43,0.001350,42.958766,11.1312
Ca,44,0.020861,43.955481,7.4148
Ca,48,0.001870,47.952523,5.1464
Cr,50,0.043450,49.946042,9.2607
Cr,52,0.837890,51.940505,7.9394
Cr,53,0.095010,52.940646,9.7191
Cr,54,0.023650,53.938877,6.2463
Mn,55,1.000000,54.938043,7.2705
Fe,54,0.058450,53.939608,9.2981
Fe,56,0.917540,55.934936,7.6462
Fe,57,0.021190,56.935392,10.0445
Fe,58,0.002820,57.933274,6.5810
Ni,58,0.680769,57.935342,8.9994
Ni,60,0.262231,59.930785,7.8201
Ni,61,0.011399,60.931055,10.5957
Ni,62,0.036345,61.928345,6.8378
Ni,64,0.009256,63.927966,6.0980
Cu,63,0.691500,62.929597,7.9159
Cu,65,0.308500,64.927790,7.0660
Cd,106,0.012450,105.906460,7.9295
Cd,108,0.008880,107.904184,7.3232
Cd,110,0.124700,109.903008,6.9756
Cd,111,0.127950,110.904184,9.3939
Cd,112,0.241090,111.902764,6.5397
Cd,113,0.122270,112.904408,9.0430
Cd,114,0.287540,113.903365,6.1409
Cd,116,0.075120,115.904763,5.7773
Gd,152,0.002000,151.919798,6.2470
Gd,154,0.021800,153.920873,6.4352
Gd,155,0.148000,154.922629,8.5364
Gd,156,0.204700,155.922130,6.3599
Gd,157,0.156500,156.923967,7.9374
Gd,158,0.248400,157.924111,5.9432
Gd,160,0.218600,159.927061,5.6354
W,180,0.001200,179.946713,6.6690
W,182,0.265000,181.948206,6.1908
W,183,0.143100,182.950224,7.4111
W,184,0.306400,183.950933,5.7538
W,186,0.284300,185.954365,5.4668
Pb,204,0.014000,203.973043,6.7316
Pb,206,0.241000,205.974465,6.7378
Pb,207,0.221000,206.975897,7.3679
Pb,208,0.524000,207.976652,3.9373
