# 1DMC-N photon cross sections for Al (Z=13), barn/atom
#grid 600 10000 2e+07
#Z 13
#atomic_weight 26.98150
E_eV,photo,incoh,coh,pair
10064,1123.6,4.7561,24.498,0
10192,1081.8,4.7882,24.097,0
10322,1041.7,4.8201,23.701,0
10453,1002.9,4.8519,23.309,0
10587,965.62,4.8836,22.921,0
10722,929.68,4.915,22.538,0
10858,895.04,4.9464,22.159,0
10997,861.68,4.9775,21.784,0
11137,829.53,5.0085,21.415,0
11279,798.57,5.0393,21.049,0
11423,768.73,5.0699,20.689,0
11568,740,5.1003,20.332,0
11716,712.31,5.1304,19.981,0
11865,685.65,5.1604,19.634,0
12016,659.96,5.1902,19.292,0
12170,635.22,5.2197,18.954,0
12325,611.39,5.249,18.622,0
12482,588.43,5.278,18.293,0
12641,566.33,5.3068,17.97,0
12802,545.03,5.3353,17.651,0
12965,524.53,5.3636,17.337,0
13131,504.78,5.3916,17.027,0
13298,485.76,5.4194,16.722,0
13468,467.45,5.4468,16.422,0
13639,449.81,5.474,16.126,0
13813,432.82,5.5009,15.835,0
13989,416.47,5.5274,15.548,0
14168,400.72,5.5537,15.266,0
14348,385.56,5.5796,14.988,0
14531,370.96,5.6052,14.715,0
14716,356.9,5.6305,14.447,0
14904,343.37,5.6555,14.182,0
15094,330.34,5.6801,13.922,0
15286,317.79,5.7043,13.667,0
15481,305.72,5.7282,13.416,0
15679,294.09,5.7518,13.169,0
15879,282.9,5.7751,12.926,0
16081,272.12,5.7979,12.687,0
16286,261.75,5.8205,12.452,0
16494,251.77,5.8427,12.221,0
16704,242.16,5.8646,11.995,0
16917,232.91,5.8862,11.772,0
17133,224.01,5.9074,11.553,0
17351,215.45,5.9283,11.337,0
17572,207.21,5.9489,11.126,0
17796,199.27,5.9692,10.918,0
18023,191.64,5.9892,10.714,0
18253,184.29,6.0089,10.513,0
18486,177.22,6.0282,10.316,0
18721,170.42,6.0473,10.122,0
18960,163.88,6.066,9.9319,0
19202,157.58,6.0845,9.745,0
19446,151.52,6.1027,9.5613,0
19694,145.69,6.1206,9.381,0
19945,140.08,6.1382,9.2038,0
20200,134.69,6.1555,9.0299,0
20457,129.5,6.1726,8.859,0
20718,124.5,6.1894,8.6912,0
20982,119.7,6.2059,8.5264,0
21250,115.08,6.2222,8.3645,0
21521,110.64,6.2382,8.2055,0
21795,106.36,6.2539,8.0493,0
22073,102.25,6.2693,7.896,0
22354,98.292,6.2845,7.7453,0
22639,94.488,6.2993,7.5973,0
22928,90.828,6.314,7.4519,0
23220,87.309,6.3283,7.3092,0
23516,83.924,6.3424,7.1689,0
23816,80.668,6.3562,7.0312,0
24120,77.538,6.3697,6.8959,0
24427,74.527,6.3829,6.7629,0
24738,71.631,6.3959,6.6324,0
25054,68.847,6.4086,6.5042,0
25373,66.169,6.4211,6.3782,0
25697,63.594,6.4333,6.2545,0
26024,61.118,6.4452,6.1329,0
26356,58.737,6.4568,6.0135,0
26692,56.448,6.4682,5.8963,0
27032,54.247,6.4794,5.7811,0
27377,52.131,6.4902,5.6679,0
27726,50.096,6.5008,5.5568,0
28080,48.14,6.5112,5.4477,0
28438,46.259,6.5212,5.3404,0
28800,44.451,6.5311,5.2351,0
29167,42.712,6.5406,5.1317,0
29539,41.041,6.5499,5.0301,0
29916,39.434,6.559,4.9303,0
30297,37.889,6.5678,4.8322,0
30683,36.404,6.5764,4.7359,0
31074,34.976,6.5847,4.6414,0
31471,33.604,6.5927,4.5485,0
31872,32.285,6.6005,4.4572,0
32278,31.017,6.608,4.3676,0
32690,29.798,6.6153,4.2796,0
33106,28.627,6.6223,4.1932,0
33528,27.501,6.629,4.1083,0
33956,26.419,6.6355,4.0249,0
34389,25.379,6.6417,3.943,0
34827,24.38,6.6477,3.8626,0
35271,23.42,6.6533,3.7837,0
35721,22.497,6.6588,3.7061,0
36176,21.61,6.6639,3.63,0
36638,20.757,6.6688,3.5552,0
37105,19.938,6.6734,3.4818,0
37578,19.151,6.6777,3.4097,0
38057,18.395,6.6818,3.3389,0
38542,17.668,6.6855,3.2694,0
39033,16.97,6.689,3.2011,0
39531,16.299,6.6923,3.1341,0
40035,15.655,6.6952,3.0683,0
40545,15.036,6.6979,3.0038,0
41062,14.441,6.7003,2.9404,0
41586,13.87,6.7024,2.8782,0
42116,13.32,6.7042,2.8172,0
42653,12.793,6.7058,2.7572,0
43196,12.286,6.7071,2.6985,0
43747,11.799,6.7081,2.6408,0
44305,11.332,6.7088,2.5842,0
44870,10.882,6.7093,2.5287,0
45442,10.451,6.7095,2.4742,0
46021,10.036,6.7094,2.4208,0
46608,9.6375,6.709,2.3684,0
47202,9.2548,6.7083,2.3171,0
47804,8.8871,6.7074,2.2667,0
48413,8.534,6.7062,2.2174,0
49030,8.1947,6.7048,2.169,0
49655,7.8689,6.703,2.1216,0
50289,7.5558,6.701,2.0751,0
50930,7.2551,6.6988,2.0295,0
51579,6.9662,6.6962,1.9848,0
52236,6.6887,6.6934,1.941,0
52902,6.4222,6.6903,1.8982,0
53577,6.1663,6.687,1.8562,0
54260,5.9205,6.6834,1.815,0
54952,5.6844,6.6795,1.7747,0
55652,5.4576,6.6753,1.7352,0
56362,5.2399,6.6709,1.6965,0
57080,5.0308,6.6661,1.6586,0
57808,4.83,6.6612,1.6216,0
58545,4.6371,6.6559,1.5852,0
59291,4.452,6.6504,1.5497,0
60047,4.2741,6.6446,1.5149,0
60813,4.1034,6.6386,1.4808,0
61588,3.9395,6.6323,1.4474,0
62373,3.7821,6.6257,1.4148,0
63168,3.6309,6.6188,1.3828,0
63974,3.4858,6.6117,1.3515,0
64789,3.3464,6.6044,1.3209,0
65615,3.2126,6.5968,1.2909,0
66452,3.0841,6.5889,1.2616,0
67299,2.9607,6.5808,1.2329,0
68157,2.8423,6.5725,1.2048,0
69026,2.7286,6.5639,1.1774,0
69906,2.6194,6.5551,1.1505,0
70797,2.5145,6.546,1.1242,0
71700,2.4139,6.5367,1.0985,0
72614,2.3172,6.5272,1.0733,0
73539,2.2244,6.5174,1.0487,0
74477,2.1353,6.5074,1.0246,0
75426,2.0498,6.4972,1.001,0
76388,1.9677,6.4868,0.97801,0
77362,1.8889,6.4762,0.95548,0
78348,1.8132,6.4653,0.93345,0
79347,1.7405,6.4543,0.91191,0
80359,1.6708,6.443,0.89084,0
81383,1.6038,6.4315,0.87024,0
82421,1.5395,6.4198,0.85009,0
83471,1.4778,6.408,0.83039,0
84536,1.4185,6.3959,0.81113,0
85613,1.3617,6.3836,0.7923,0
86705,1.3071,6.3711,0.77389,0
87810,1.2546,6.3585,0.75589,0
88930,1.2043,6.3456,0.73829,0
90063,1.156,6.3326,0.72109,0
91211,1.1097,6.3194,0.70427,0
92374,1.0652,6.3059,0.68783,0
93552,1.0225,6.2924,0.67176,0
94745,0.98147,6.2786,0.65605,0
95953,0.94212,6.2646,0.64069,0
97176,0.90435,6.2505,0.62568,0
98415,0.8681,6.2362,0.61101,0
99669,0.8333,6.2218,0.59666,0
1.0094e+05,0.79991,6.2071,0.58265,0
1.0223e+05,0.76786,6.1923,0.56895,0
1.0353e+05,0.73709,6.1774,0.55557,0
1.0485e+05,0.70757,6.1622,0.54248,0
1.0619e+05,0.67923,6.147,0.5297,0
1.0754e+05,0.65203,6.1315,0.5172,0
1.0891e+05,0.62592,6.1159,0.50499,0
1.103e+05,0.60087,6.1002,0.49306,0
1.1171e+05,0.57682,6.0843,0.4814,0
1.1313e+05,0.55374,6.0683,0.47,0
1.1457e+05,0.53158,6.0521,0.45887,0
1.1603e+05,0.51032,6.0358,0.44799,0
1.1751e+05,0.48991,6.0193,0.43736,0
1.1901e+05,0.47033,6.0027,0.42697,0
1.2053e+05,0.45153,5.986,0.41682,0
1.2206e+05,0.43348,5.9691,0.4069,0
1.2362e+05,0.41617,5.9521,0.39722,0
1.252e+05,0.39954,5.935,0.38775,0
1.2679e+05,0.38359,5.9177,0.37851,0
1.2841e+05,0.36828,5.9003,0.36947,0
1.3005e+05,0.35359,5.8828,0.36065,0
1.317e+05,0.33948,5.8652,0.35203,0
1.3338e+05,0.32594,5.8475,0.34361,0
1.3508e+05,0.31295,5.8296,0.33538,0
1.3681e+05,0.30048,5.8117,0.32735,0
1.3855e+05,0.28851,5.7936,0.3195,0
1.4032e+05,0.27702,5.7754,0.31183,0
1.4211e+05,0.266,5.7571,0.30435,0
1.4392e+05,0.25541,5.7387,0.29703,0
1.4575e+05,0.24526,5.7203,0.28989,0
1.4761e+05,0.23551,5.7017,0.28292,0
1.4949e+05,0.22615,5.683,0.2761,0
1.514e+05,0.21717,5.6642,0.26945,0
1.5333e+05,0.20855,5.6454,0.26295,0
1.5528e+05,0.20027,5.6264,0.25661,0
1.5726e+05,0.19233,5.6074,0.25041,0
1.5927e+05,0.1847,5.5883,0.24436,0
1.613e+05,0.17739,5.5691,0.23845,0
1.6335e+05,0.17036,5.5498,0.23268,0
1.6544e+05,0.16362,5.5304,0.22704,0
1.6755e+05,0.15715,5.511,0.22154,0
1.6968e+05,0.15094,5.4915,0.21617,0
1.7184e+05,0.14498,5.4719,0.21093,0
1.7404e+05,0.13926,5.4523,0.20581,0
1.7625e+05,0.13377,5.4326,0.20081,0
1.785e+05,0.1285,5.4129,0.19593,0
1.8078e+05,0.12344,5.393,0.19117,0
1.8308e+05,0.11858,5.3731,0.18651,0
1.8542e+05,0.11392,5.3532,0.18197,0
1.8778e+05,0.10944,5.3332,0.17754,0
1.9017e+05,0.10515,5.3132,0.17322,0
1.926e+05,0.10103,5.2931,0.16899,0
1.9505e+05,0.097071,5.273,0.16487,0
1.9754e+05,0.093272,5.2528,0.16085,0
2.0006e+05,0.089626,5.2326,0.15692,0
2.0261e+05,0.086125,5.2123,0.15308,0
2.0519e+05,0.082764,5.192,0.14934,0
2.0781e+05,0.079538,5.1717,0.14569,0
2.1046e+05,0.076441,5.1513,0.14212,0
2.1314e+05,0.073468,5.1309,0.13865,0
2.1586e+05,0.070613,5.1104,0.13525,0
2.1861e+05,0.067873,5.09,0.13194,0
2.214e+05,0.065243,5.0695,0.1287,0
2.2422e+05,0.062717,5.0489,0.12555,0
2.2708e+05,0.060292,5.0284,0.12247,0
2.2997e+05,0.057965,5.0078,0.11946,0
2.329e+05,0.055729,4.9872,0.11653,0
2.3587e+05,0.053583,4.9666,0.11367,0
2.3888e+05,0.051523,4.9459,0.11087,0
2.4193e+05,0.049544,4.9253,0.10815,0
2.4501e+05,0.047645,4.9046,0.10549,0
2.4813e+05,0.04582,4.8839,0.10289,0
2.513e+05,0.044069,4.8632,0.10036,0
2.545e+05,0.042387,4.8425,0.097891,0
2.5775e+05,0.040771,4.8218,0.095481,0
2.6103e+05,0.03922,4.801,0.093129,0
2.6436e+05,0.03773,4.7803,0.090834,0
2.6773e+05,0.036299,4.7595,0.088595,0
2.7114e+05,0.034924,4.7387,0.08641,0
2.746e+05,0.033604,4.718,0.084279,0
2.781e+05,0.032336,4.6972,0.082199,0
2.8165e+05,0.031118,4.6764,0.080171,0
2.8524e+05,0.029949,4.6557,0.078191,0
2.8887e+05,0.028825,4.6349,0.07626,0
2.9255e+05,0.027745,4.6141,0.074377,0
2.9628e+05,0.026708,4.5933,0.072539,0
3.0006e+05,0.025711,4.5726,0.070746,0
3.0389e+05,0.024754,4.5518,0.068997,0
3.0776e+05,0.023834,4.5311,0.067292,0
3.1169e+05,0.02295,4.5103,0.065627,0
3.1566e+05,0.022101,4.4896,0.064004,0
3.1968e+05,0.021285,4.4689,0.06242,0
3.2376e+05,0.020501,4.4482,0.060876,0
3.2789e+05,0.019748,4.4275,0.059369,0
3.3207e+05,0.019023,4.4068,0.057899,0
3.363e+05,0.018327,4.3861,0.056465,0
3.4059e+05,0.017658,4.3655,0.055066,0
3.4493e+05,0.017015,4.3448,0.053701,0
3.4933e+05,0.016397,4.3242,0.05237,0
3.5378e+05,0.015803,4.3036,0.051072,0
3.5829e+05,0.015232,4.283,0.049805,0
3.6286e+05,0.014683,4.2624,0.04857,0
3.6748e+05,0.014155,4.2419,0.047365,0
3.7217e+05,0.013648,4.2214,0.04619,0
3.7691e+05,0.01316,4.2009,0.045043,0
3.8172e+05,0.012691,4.1804,0.043925,0
3.8659e+05,0.01224,4.1599,0.042834,0
3.9151e+05,0.011806,4.1395,0.04177,0
3.9651e+05,0.011389,4.1191,0.040732,0
4.0156e+05,0.010988,4.0987,0.03972,0
4.0668e+05,0.010602,4.0784,0.038733,0
4.1186e+05,0.010231,4.058,0.03777,0
4.1711e+05,0.0098738,4.0378,0.036831,0
4.2243e+05,0.0095304,4.0175,0.035915,0
4.2782e+05,0.0092,3.9973,0.035022,0
4.3327e+05,0.0088821,3.9771,0.034151,0
4.388e+05,0.0085763,3.957,0.033302,0
4.4439e+05,0.008282,3.9369,0.032473,0
4.5006e+05,0.0079989,3.9168,0.031665,0
4.5579e+05,0.0077263,3.8968,0.030877,0
4.616e+05,0.0074641,3.8768,0.030108,0
4.6749e+05,0.0072116,3.8569,0.029359,0
4.7345e+05,0.0069687,3.837,0.028628,0
4.7948e+05,0.0067348,3.8172,0.027915,0
4.856e+05,0.0065096,3.7974,0.02722,0
4.9179e+05,0.0062928,3.7777,0.026542,0
4.9806e+05,0.0060841,3.7581,0.025882,0
5.0441e+05,0.0059064,3.7383,0.025235,0
5.1084e+05,0.0057441,3.7186,0.024604,0
5.1735e+05,0.0055862,3.6989,0.023988,0
5.2395e+05,0.0054327,3.6793,0.023388,0
5.3063e+05,0.0052833,3.6597,0.022803,0
5.3739e+05,0.0051381,3.6401,0.022232,0
5.4424e+05,0.0049969,3.6206,0.021676,0
5.5118e+05,0.0048596,3.6011,0.021134,0
5.5821e+05,0.004726,3.5817,0.020605,0
5.6532e+05,0.0045961,3.5623,0.02009,0
5.7253e+05,0.0044698,3.543,0.019587,0
5.7983e+05,0.0043469,3.5238,0.019097,0
5.8722e+05,0.0042275,3.5045,0.018619,0
5.9471e+05,0.0041113,3.4854,0.018153,0
6.0229e+05,0.0039983,3.4662,0.017699,0
6.0997e+05,0.0038884,3.4471,0.017256,0
6.1774e+05,0.0037815,3.4281,0.016825,0
6.2562e+05,0.0036776,3.4091,0.016404,0
6.336e+05,0.0035765,3.3902,0.015993,0
6.4167e+05,0.0034782,3.3713,0.015593,0
6.4985e+05,0.0033826,3.3525,0.015203,0
6.5814e+05,0.0032896,3.3337,0.014823,0
6.6653e+05,0.0031992,3.315,0.014452,0
6.7503e+05,0.0031113,3.2963,0.01409,0
6.8363e+05,0.0030258,3.2777,0.013738,0
6.9235e+05,0.0029426,3.2591,0.013394,0
7.0117e+05,0.0028617,3.2406,0.013059,0
7.1011e+05,0.0027831,3.2221,0.012732,0
7.1917e+05,0.0027066,3.2037,0.012414,0
7.2833e+05,0.0026322,3.1853,0.012103,0
7.3762e+05,0.0025598,3.167,0.0118,0
7.4702e+05,0.0024895,3.1487,0.011505,0
7.5655e+05,0.002421,3.1305,0.011217,0
7.6619e+05,0.0023545,3.1124,0.010937,0
7.7596e+05,0.0022898,3.0942,0.010663,0
7.8585e+05,0.0022269,3.0762,0.010396,0
7.9587e+05,0.0021656,3.0582,0.010136,0
8.0602e+05,0.0021061,3.0402,0.0098827,0
8.1629e+05,0.0020482,3.0224,0.0096355,0
8.267e+05,0.0019919,3.0045,0.0093944,0
8.3724e+05,0.0019372,2.9867,0.0091594,0
8.4791e+05,0.0018839,2.969,0.0089302,0
8.5872e+05,0.0018322,2.9513,0.0087068,0
8.6967e+05,0.0017818,2.9337,0.008489,0
8.8076e+05,0.0017328,2.9161,0.0082766,0
8.9199e+05,0.0016852,2.8986,0.0080695,0
9.0336e+05,0.0016389,2.8812,0.0078676,0
9.1488e+05,0.0015938,2.8638,0.0076708,0
9.2654e+05,0.00155,2.8464,0.0074789,0
9.3835e+05,0.0015074,2.8291,0.0072918,0
9.5031e+05,0.001466,2.8119,0.0071094,0
9.6243e+05,0.0014257,2.7947,0.0069315,0
9.747e+05,0.0013865,2.7776,0.0067581,0
9.8713e+05,0.0013484,2.7605,0.006589,0
9.9971e+05,0.0013114,2.7435,0.0064242,0
1.0125e+06,0.0012824,2.7265,0.0062635,0
1.0254e+06,0.0012543,2.7096,0.0061068,3.6885e-07
1.0384e+06,0.0012268,2.6928,0.005954,8.8026e-06
1.0517e+06,0.0011999,2.676,0.005805,2.8693e-05
1.0651e+06,0.0011736,2.6593,0.0056598,6.0477e-05
1.0787e+06,0.0011479,2.6426,0.0055182,0.00010461
1.0924e+06,0.0011227,2.626,0.0053801,0.00016154
1.1063e+06,0.0010981,2.6094,0.0052455,0.00023176
1.1204e+06,0.001074,2.5929,0.0051143,0.00031576
1.1347e+06,0.0010505,2.5765,0.0049864,0.00041405
1.1492e+06,0.0010274,2.5601,0.0048616,0.00052713
1.1638e+06,0.0010049,2.5438,0.00474,0.00065556
1.1787e+06,0.00098288,2.5275,0.0046214,0.00079988
1.1937e+06,0.00096133,2.5113,0.0045058,0.00096066
1.2089e+06,0.00094025,2.4951,0.004393,0.0011385
1.2243e+06,0.00091963,2.479,0.0042831,0.001334
1.2399e+06,0.00089947,2.463,0.004176,0.0015477
1.2558e+06,0.00087975,2.447,0.0040715,0.0017804
1.2718e+06,0.00086046,2.4311,0.0039696,0.0020326
1.288e+06,0.0008416,2.4152,0.0038703,0.002305
1.3044e+06,0.00082314,2.3994,0.0037735,0.0025984
1.321e+06,0.0008051,2.3837,0.0036791,0.0029135
1.3379e+06,0.00078744,2.368,0.0035871,0.0032509
1.3549e+06,0.00077018,2.3524,0.0034973,0.0036114
1.3722e+06,0.00075329,2.3368,0.0034098,0.0039959
1.3897e+06,0.00073678,2.3213,0.0033245,0.0044051
1.4074e+06,0.00072062,2.3059,0.0032413,0.0048398
1.4254e+06,0.00070482,2.2905,0.0031602,0.0053009
1.4435e+06,0.00068937,2.2751,0.0030812,0.0057893
1.4619e+06,0.00067425,2.2599,0.0030041,0.0063059
1.4806e+06,0.00065947,2.2447,0.0029289,0.0068515
1.4994e+06,0.00064501,2.2295,0.0028557,0.0074271
1.5186e+06,0.00063087,2.2144,0.0027842,0.0079907
1.5379e+06,0.00061704,2.1994,0.0027146,0.0085905
1.5575e+06,0.00060351,2.1845,0.0026467,0.0092276
1.5774e+06,0.00059028,2.1696,0.0025804,0.0099018
1.5975e+06,0.00057733,2.1547,0.0025159,0.010613
1.6179e+06,0.00056468,2.1399,0.0024529,0.01136
1.6385e+06,0.0005523,2.1252,0.0023916,0.012144
1.6594e+06,0.00054019,2.1106,0.0023317,0.012964
1.6805e+06,0.00052834,2.096,0.0022734,0.013819
1.7019e+06,0.00051676,2.0814,0.0022165,0.01471
1.7236e+06,0.00050543,2.067,0.0021611,0.015636
1.7456e+06,0.00049435,2.0526,0.002107,0.016597
1.7679e+06,0.00048351,2.0382,0.0020543,0.017592
1.7904e+06,0.00047291,2.0239,0.0020029,0.018622
1.8132e+06,0.00046254,2.0097,0.0019528,0.019686
1.8364e+06,0.0004524,1.9955,0.0019039,0.020784
1.8598e+06,0.00044248,1.9815,0.0018563,0.021915
1.8835e+06,0.00043278,1.9674,0.0018099,0.023079
1.9075e+06,0.00042329,1.9534,0.0017646,0.024277
1.9318e+06,0.00041401,1.9395,0.0017204,0.025507
1.9564e+06,0.00040493,1.9257,0.0016774,0.02677
1.9814e+06,0.00039605,1.9119,0.0016354,0.028065
2.0066e+06,0.00038737,1.8982,0.0015945,0.029392
2.0322e+06,0.00037887,1.8845,0.0015546,0.03075
2.0581e+06,0.00037057,1.8709,0.0015157,0.03214
2.0844e+06,0.00036244,1.8574,0.0014778,0.033562
2.1109e+06,0.0003545,1.8439,0.0014408,0.035014
2.1378e+06,0.00034672,1.8305,0.0014048,0.036497
2.1651e+06,0.00033912,1.8172,0.0013696,0.03801
2.1927e+06,0.00033169,1.8039,0.0013354,0.039553
2.2207e+06,0.00032441,1.7907,0.001302,0.041127
2.249e+06,0.0003173,1.7775,0.0012694,0.04273
2.2776e+06,0.00031034,1.7645,0.0012376,0.044362
2.3067e+06,0.00030354,1.7514,0.0012067,0.046024
2.3361e+06,0.00029688,1.7385,0.0011765,0.047714
2.3659e+06,0.00029037,1.7256,0.0011471,0.049433
2.396e+06,0.00028401,1.7127,0.0011184,0.051181
2.4266e+06,0.00027778,1.7,0.0010904,0.052957
2.4575e+06,0.00027169,1.6873,0.0010631,0.05476
2.4888e+06,0.00026573,1.6746,0.0010365,0.056592
2.5206e+06,0.00025991,1.6621,0.0010106,0.05845
2.5527e+06,0.00025421,1.6496,0.00098529,0.060336
2.5853e+06,0.00024864,1.6371,0.00096064,0.062249
2.6182e+06,0.00024318,1.6247,0.0009366,0.064189
2.6516e+06,0.00023785,1.6124,0.00091317,0.066155
2.6854e+06,0.00023264,1.6001,0.00089033,0.068147
2.7196e+06,0.00022754,1.588,0.00086805,0.070166
2.7543e+06,0.00022255,1.5758,0.00084634,0.07221
2.7894e+06,0.00021767,1.5638,0.00082516,0.074279
2.825e+06,0.0002129,1.5518,0.00080452,0.076374
2.861e+06,0.00020823,1.5398,0.00078439,0.078494
2.8975e+06,0.00020366,1.528,0.00076477,0.080639
2.9344e+06,0.0001992,1.5162,0.00074563,0.082808
2.9718e+06,0.00019483,1.5044,0.00072698,0.085002
3.0097e+06,0.00019022,1.4927,0.00070879,0.08722
3.0481e+06,0.00018476,1.4811,0.00069106,0.089462
3.0869e+06,0.00017945,1.4696,0.00067377,0.091727
3.1263e+06,0.0001743,1.4581,0.00065691,0.094016
3.1661e+06,0.00016929,1.4467,0.00064048,0.096328
3.2065e+06,0.00016443,1.4353,0.00062446,0.098663
3.2474e+06,0.00015971,1.424,0.00060883,0.10102
3.2888e+06,0.00015512,1.4128,0.0005936,0.1034
3.3307e+06,0.00015067,1.4016,0.00057875,0.1058
3.3732e+06,0.00014634,1.3905,0.00056427,0.10823
3.4162e+06,0.00014214,1.3795,0.00055015,0.11068
3.4597e+06,0.00013806,1.3685,0.00053639,0.11314
3.5038e+06,0.00013409,1.3576,0.00052297,0.11563
3.5485e+06,0.00013024,1.3468,0.00050989,0.11814
3.5937e+06,0.0001265,1.336,0.00049713,0.12068
3.6396e+06,0.00012287,1.3253,0.00048469,0.12323
3.686e+06,0.00011934,1.3146,0.00047257,0.1258
3.733e+06,0.00011591,1.304,0.00046074,0.1284
3.7805e+06,0.00011259,1.2935,0.00044922,0.13101
3.8287e+06,0.00010935,1.283,0.00043798,0.13364
3.8776e+06,0.00010621,1.2726,0.00042702,0.1363
3.927e+06,0.00010316,1.2623,0.00041634,0.13897
3.9771e+06,0.0001002,1.252,0.00040592,0.14166
4.0278e+06,9.7323e-05,1.2418,0.00039577,0.14437
4.0791e+06,9.4528e-05,1.2316,0.00038587,0.1471
4.1311e+06,9.1814e-05,1.2216,0.00037621,0.14985
4.1838e+06,8.9177e-05,1.2115,0.0003668,0.15262
4.2371e+06,8.6616e-05,1.2016,0.00035762,0.1554
4.2911e+06,8.4129e-05,1.1917,0.00034868,0.15821
4.3458e+06,8.1713e-05,1.1818,0.00033995,0.16103
4.4012e+06,7.9367e-05,1.1721,0.00033145,0.16387
4.4573e+06,7.7087e-05,1.1623,0.00032316,0.16672
4.5142e+06,7.4874e-05,1.1527,0.00031507,0.1696
4.5717e+06,7.2724e-05,1.1431,0.00030719,0.17249
4.63e+06,7.0635e-05,1.1336,0.0002995,0.17539
4.689e+06,6.8607e-05,1.1241,0.00029201,0.17832
4.7488e+06,6.6637e-05,1.1147,0.0002847,0.18126
4.8094e+06,6.4723e-05,1.1053,0.00027758,0.18421
4.8707e+06,6.2865e-05,1.0961,0.00027064,0.18719
4.9328e+06,6.1059e-05,1.0868,0.00026387,0.19018
4.9957e+06,5.9306e-05,1.0777,0.00025727,0.19318
5.0593e+06,5.7603e-05,1.0686,0.00025083,0.1962
5.1238e+06,5.5949e-05,1.0595,0.00024455,0.19923
5.1892e+06,5.4342e-05,1.0505,0.00023844,0.20228
5.2553e+06,5.2782e-05,1.0416,0.00023247,0.20535
5.3223e+06,5.1266e-05,1.0328,0.00022665,0.20843
5.3902e+06,4.9794e-05,1.024,0.00022098,0.21152
5.4589e+06,4.8364e-05,1.0152,0.00021546,0.21463
5.5285e+06,4.6975e-05,1.0065,0.00021006,0.21775
5.599e+06,4.5626e-05,0.9979,0.00020481,0.22089
5.6703e+06,4.4316e-05,0.98934,0.00019969,0.22404
5.7426e+06,4.3043e-05,0.98083,0.00019469,0.2272
5.8158e+06,4.1807e-05,0.97238,0.00018982,0.23038
5.89e+06,4.0607e-05,0.96399,0.00018507,0.23357
5.9651e+06,3.9441e-05,0.95566,0.00018044,0.23677
6.0411e+06,3.8308e-05,0.94738,0.00017593,0.23998
6.1181e+06,3.7208e-05,0.93916,0.00017152,0.24321
6.1961e+06,3.6139e-05,0.93101,0.00016723,0.24645
6.2751e+06,3.5102e-05,0.9229,0.00016305,0.24971
6.3551e+06,3.4094e-05,0.91486,0.00015897,0.25297
6.4362e+06,3.3115e-05,0.90687,0.00015499,0.25625
6.5182e+06,3.2164e-05,0.89894,0.00015112,0.25954
6.6013e+06,3.124e-05,0.89107,0.00014733,0.26284
6.6855e+06,3.0343e-05,0.88325,0.00014365,0.26615
6.7707e+06,2.9472e-05,0.87549,0.00014006,0.26947
6.857e+06,2.8625e-05,0.86778,0.00013655,0.2728
6.9444e+06,2.7803e-05,0.86013,0.00013313,0.27615
7.033e+06,2.7005e-05,0.85254,0.0001298,0.2795
7.1226e+06,2.6229e-05,0.845,0.00012656,0.28287
7.2134e+06,2.5476e-05,0.83751,0.00012339,0.28624
7.3054e+06,2.4745e-05,0.83008,0.0001203,0.28963
7.3985e+06,2.4034e-05,0.82271,0.00011729,0.29303
7.4928e+06,2.3344e-05,0.81539,0.00011436,0.29643
7.5884e+06,2.2673e-05,0.80812,0.0001115,0.29985
7.6851e+06,2.2022e-05,0.80091,0.00010871,0.30327
7.7831e+06,2.139e-05,0.79375,0.00010599,0.30671
7.8823e+06,2.0776e-05,0.78664,0.00010334,0.31015
7.9828e+06,2.0179e-05,0.77959,0.00010075,0.3136
8.0846e+06,1.96e-05,0.77259,9.8231e-05,0.31706
8.1876e+06,1.9037e-05,0.76565,9.5774e-05,0.32053
8.292e+06,1.849e-05,0.75875,9.3378e-05,0.32401
8.3977e+06,1.7959e-05,0.75191,9.1042e-05,0.3275
8.5048e+06,1.7443e-05,0.74512,8.8764e-05,0.33099
8.6132e+06,1.6943e-05,0.73838,8.6543e-05,0.3345
8.723e+06,1.6456e-05,0.7317,8.4378e-05,0.33801
8.8342e+06,1.5983e-05,0.72506,8.2267e-05,0.34153
8.9469e+06,1.5524e-05,0.71848,8.0209e-05,0.34505
9.0609e+06,1.5079e-05,0.71194,7.8202e-05,0.34858
9.1764e+06,1.4646e-05,0.70546,7.6246e-05,0.35212
9.2934e+06,1.4225e-05,0.69903,7.4338e-05,0.35567
9.4119e+06,1.3817e-05,0.69264,7.2479e-05,0.35923
9.5319e+06,1.342e-05,0.68631,7.0665e-05,0.36279
9.6534e+06,1.3034e-05,0.68002,6.8897e-05,0.36636
9.7765e+06,1.266e-05,0.67379,6.7174e-05,0.36993
9.9011e+06,1.2297e-05,0.6676,6.5493e-05,0.37351
1.0027e+07,1.1943e-05,0.66147,6.3855e-05,0.3771
1.0155e+07,1.1601e-05,0.65538,6.2257e-05,0.38069
1.0285e+07,1.1267e-05,0.64934,6.07e-05,0.38429
1.0416e+07,1.0944e-05,0.64335,5.9181e-05,0.38789
1.0549e+07,1.063e-05,0.6374,5.77e-05,0.3915
1.0683e+07,1.0324e-05,0.6315,5.6257e-05,0.39512
1.0819e+07,1.0028e-05,0.62565,5.4849e-05,0.39874
1.0957e+07,9.7399e-06,0.61985,5.3477e-05,0.40236
1.1097e+07,9.4602e-06,0.61409,5.2139e-05,0.40599
1.1238e+07,9.1885e-06,0.60838,5.0835e-05,0.40963
1.1382e+07,8.9247e-06,0.60272,4.9563e-05,0.41327
1.1527e+07,8.6684e-06,0.5971,4.8323e-05,0.41691
1.1674e+07,8.4194e-06,0.59153,4.7114e-05,0.42056
1.1822e+07,8.1777e-06,0.586,4.5935e-05,0.42421
1.1973e+07,7.9428e-06,0.58052,4.4786e-05,0.42787
1.2126e+07,7.7147e-06,0.57508,4.3666e-05,0.43153
1.228e+07,7.4932e-06,0.56969,4.2573e-05,0.4352
1.2437e+07,7.278e-06,0.56434,4.1508e-05,0.43886
1.2596e+07,7.069e-06,0.55903,4.047e-05,0.44254
1.2756e+07,6.866e-06,0.55377,3.9457e-05,0.44621
1.2919e+07,6.6689e-06,0.54856,3.847e-05,0.44989
1.3083e+07,6.4774e-06,0.54338,3.7508e-05,0.45357
1.325e+07,6.2914e-06,0.53825,3.6569e-05,0.45726
1.3419e+07,6.1107e-06,0.53316,3.5654e-05,0.46094
1.359e+07,5.9352e-06,0.52812,3.4762e-05,0.46463
1.3764e+07,5.7648e-06,0.52311,3.3893e-05,0.46833
1.3939e+07,5.5992e-06,0.51815,3.3045e-05,0.47202
1.4117e+07,5.4384e-06,0.51323,3.2218e-05,0.47572
1.4297e+07,5.2823e-06,0.50835,3.1412e-05,0.47942
1.4479e+07,5.1306e-06,0.50351,3.0626e-05,0.48312
1.4664e+07,4.9832e-06,0.49871,2.986e-05,0.48683
1.485e+07,4.8401e-06,0.49396,2.9113e-05,0.49053
1.504e+07,4.7012e-06,0.48924,2.8385e-05,0.49424
1.5232e+07,4.5662e-06,0.48457,2.7674e-05,0.49795
1.5426e+07,4.435e-06,0.47993,2.6982e-05,0.50166
1.5622e+07,4.3077e-06,0.47533,2.6307e-05,0.50537
1.5822e+07,4.184e-06,0.47077,2.5649e-05,0.50909
1.6023e+07,4.0638e-06,0.46626,2.5007e-05,0.5128
1.6228e+07,3.9471e-06,0.46178,2.4382e-05,0.51652
1.6434e+07,3.8338e-06,0.45733,2.3772e-05,0.52023
1.6644e+07,3.7237e-06,0.45293,2.3177e-05,0.52395
1.6856e+07,3.6168e-06,0.44857,2.2597e-05,0.52767
1.7071e+07,3.5129e-06,0.44424,2.2032e-05,0.53138
1.7289e+07,3.412e-06,0.43995,2.1481e-05,0.5351
1.7509e+07,3.314e-06,0.4357,2.0943e-05,0.53882
1.7732e+07,3.2189e-06,0.43148,2.0419e-05,0.54254
1.7958e+07,3.1264e-06,0.4273,1.9908e-05,0.54626
1.8187e+07,3.0367e-06,0.42316,1.941e-05,0.54998
1.8419e+07,2.9495e-06,0.41905,1.8925e-05,0.55369
1.8654e+07,2.8648e-06,0.41498,1.8451e-05,0.55741
1.8892e+07,2.7825e-06,0.41095,1.799e-05,0.56113
1.9133e+07,2.7026e-06,0.40695,1.7539e-05,0.56484
1.9377e+07,2.625e-06,0.40299,1.7101e-05,0.56856
1.9624e+07,2.5496e-06,0.39906,1.6673e-05,0.57228
1.9874e+07,2.4764e-06,0.39516,1.6256e-05,0.57599
