# 1DMC-N photon cross sections for B (Z=5), barn/atom
#grid 600 10000 2e+07
#Z 5
#atomic_weight 10.81000
E_eV,photo,incoh,coh,pair
10064,17.642,2.3166,2.1882,0
10192,16.928,2.3258,2.1567,0
10322,16.243,2.335,2.1255,0
10453,15.585,2.3441,2.0945,0
10587,14.954,2.3533,2.0637,0
10722,14.348,2.3623,2.0332,0
10858,13.766,2.3714,2.003,0
10997,13.208,2.3803,1.973,0
11137,12.672,2.3893,1.9432,0
11279,12.158,2.3982,1.9137,0
11423,11.664,2.407,1.8845,0
11568,11.19,2.4158,1.8555,0
11716,10.736,2.4246,1.8267,0
11865,10.299,2.4333,1.7982,0
12016,9.8806,2.4419,1.77,0
12170,9.4787,2.4505,1.742,0
12325,9.093,2.459,1.7143,0
12482,8.7229,2.4674,1.6868,0
12641,8.3677,2.4758,1.6596,0
12802,8.0269,2.4841,1.6327,0
12965,7.6999,2.4923,1.606,0
13131,7.386,2.5005,1.5796,0
13298,7.0849,2.5085,1.5534,0
13468,6.7959,2.5165,1.5275,0
13639,6.5186,2.5245,1.5019,0
13813,6.2526,2.5323,1.4766,0
13989,5.9973,2.54,1.4515,0
14168,5.7524,2.5477,1.4266,0
14348,5.5173,2.5552,1.4021,0
14531,5.2919,2.5627,1.3778,0
14716,5.0755,2.5701,1.3537,0
14904,4.868,2.5773,1.3299,0
15094,4.6688,2.5845,1.3064,0
15286,4.4778,2.5916,1.2832,0
15481,4.2945,2.5985,1.2602,0
15679,4.1186,2.6054,1.2375,0
15879,3.9499,2.6121,1.2151,0
16081,3.7881,2.6187,1.193,0
16286,3.6329,2.6253,1.1711,0
16494,3.4839,2.6317,1.1496,0
16704,3.3411,2.6379,1.1283,0
16917,3.204,2.6441,1.1072,0
17133,3.0725,2.6502,1.0865,0
17351,2.9464,2.6561,1.0661,0
17572,2.8255,2.6619,1.0459,0
17796,2.7094,2.6676,1.0261,0
18023,2.5981,2.6732,1.0065,0
18253,2.4914,2.6786,0.98718,0
18486,2.389,2.6839,0.96817,0
18721,2.2908,2.6891,0.94945,0
18960,2.1966,2.6941,0.93101,0
19202,2.1062,2.6991,0.91286,0
19446,2.0196,2.7039,0.89499,0
19694,1.9365,2.7085,0.8774,0
19945,1.8568,2.713,0.8601,0
20200,1.7803,2.7174,0.84308,0
20457,1.707,2.7217,0.82633,0
20718,1.6367,2.7258,0.80986,0
20982,1.5693,2.7298,0.79366,0
21250,1.5046,2.7336,0.77774,0
21521,1.4426,2.7373,0.76208,0
21795,1.3831,2.7409,0.74668,0
22073,1.3261,2.7444,0.73155,0
22354,1.2714,2.7477,0.71668,0
22639,1.219,2.7509,0.70207,0
22928,1.1687,2.7539,0.68771,0
23220,1.1204,2.7569,0.6736,0
23516,1.0742,2.7597,0.65974,0
23816,1.0298,2.7623,0.64613,0
24120,0.98729,2.7649,0.63276,0
24427,0.94651,2.7673,0.61963,0
24738,0.90741,2.7696,0.60674,0
25054,0.86991,2.7718,0.59408,0
25373,0.83395,2.7738,0.58166,0
25697,0.79948,2.7758,0.56946,0
26024,0.76642,2.7776,0.55749,0
26356,0.73472,2.7793,0.54574,0
26692,0.70433,2.7808,0.53421,0
27032,0.67519,2.7823,0.5229,0
27377,0.64725,2.7836,0.5118,0
27726,0.62046,2.7849,0.50092,0
28080,0.59477,2.786,0.49024,0
28438,0.57015,2.787,0.47977,0
28800,0.54653,2.7879,0.46949,0
29167,0.5239,2.7887,0.45942,0
29539,0.50219,2.7893,0.44954,0
29916,0.48138,2.7899,0.43986,0
30297,0.46143,2.7904,0.43036,0
30683,0.44229,2.7907,0.42105,0
31074,0.42395,2.7909,0.41193,0
31471,0.40636,2.7911,0.40298,0
31872,0.3895,2.7911,0.39422,0
32278,0.37334,2.791,0.38562,0
32690,0.35785,2.7909,0.3772,0
33106,0.34299,2.7906,0.36895,0
33528,0.32875,2.7902,0.36086,0
33956,0.3151,2.7897,0.35294,0
34389,0.30202,2.7891,0.34517,0
34827,0.28947,2.7884,0.33757,0
35271,0.27745,2.7876,0.33011,0
35721,0.26592,2.7867,0.32281,0
36176,0.25487,2.7857,0.31566,0
36638,0.24428,2.7846,0.30865,0
37105,0.23412,2.7833,0.30179,0
37578,0.22439,2.782,0.29506,0
38057,0.21506,2.7806,0.28848,0
38542,0.20612,2.7791,0.28203,0
39033,0.19754,2.7774,0.27571,0
39531,0.18933,2.7757,0.26953,0
40035,0.18145,2.7739,0.26347,0
40545,0.1739,2.7719,0.25754,0
41062,0.16667,2.7699,0.25174,0
41586,0.15974,2.7678,0.24606,0
42116,0.15309,2.7656,0.24049,0
42653,0.14672,2.7633,0.23505,0
43196,0.14061,2.7609,0.22971,0
43747,0.13476,2.7584,0.22449,0
44305,0.12915,2.7558,0.21939,0
44870,0.12378,2.7531,0.21439,0
45442,0.11863,2.7503,0.20949,0
46021,0.11369,2.7475,0.2047,0
46608,0.10896,2.7446,0.20002,0
47202,0.10442,2.7416,0.19543,0
47804,0.10007,2.7385,0.19095,0
48413,0.095906,2.7354,0.18656,0
49030,0.091913,2.7321,0.18226,0
49655,0.088087,2.7288,0.17806,0
50289,0.084419,2.7255,0.17395,0
50930,0.080903,2.722,0.16993,0
51579,0.077534,2.7185,0.166,0
52236,0.074305,2.7149,0.16215,0
52902,0.07121,2.7113,0.15838,0
53577,0.068244,2.7076,0.1547,0
54260,0.065401,2.7038,0.1511,0
54952,0.062677,2.6999,0.14758,0
55652,0.060066,2.6959,0.14414,0
56362,0.057563,2.6919,0.14077,0
57080,0.055165,2.6878,0.13748,0
57808,0.052866,2.6837,0.13426,0
58545,0.050663,2.6794,0.13111,0
59291,0.048551,2.6751,0.12803,0
60047,0.046527,2.6707,0.12501,0
60813,0.044587,2.6663,0.12207,0
61588,0.042728,2.6617,0.11919,0
62373,0.040946,2.6571,0.11638,0
63168,0.039238,2.6524,0.11363,0
63974,0.037602,2.6477,0.11094,0
64789,0.036034,2.6428,0.10831,0
65615,0.034531,2.6379,0.10574,0
66452,0.033091,2.633,0.10322,0
67299,0.031711,2.6279,0.10077,0
68157,0.030389,2.6228,0.098369,0
69026,0.029122,2.6176,0.096024,0
69906,0.027908,2.6124,0.093732,0
70797,0.026745,2.6071,0.091493,0
71700,0.025631,2.6018,0.089305,0
72614,0.024563,2.5963,0.087167,0
73539,0.02354,2.5909,0.085079,0
74477,0.02256,2.5853,0.083038,0
75426,0.021622,2.5797,0.081045,0
76388,0.020722,2.5741,0.079098,0
77362,0.019861,2.5684,0.077196,0
78348,0.019035,2.5626,0.075338,0
79347,0.018245,2.5568,0.073524,0
80359,0.017487,2.5509,0.071751,0
81383,0.016762,2.545,0.07002,0
82421,0.016066,2.539,0.068329,0
83471,0.0154,2.533,0.066678,0
84536,0.014762,2.5269,0.065066,0
85613,0.014151,2.5208,0.063491,0
86705,0.013565,2.5146,0.061954,0
87810,0.013003,2.5084,0.060453,0
88930,0.012465,2.5022,0.058987,0
90063,0.011949,2.4958,0.057555,0
91211,0.011455,2.4895,0.056158,0
92374,0.010981,2.4831,0.054794,0
93552,0.010528,2.4766,0.053462,0
94745,0.010092,2.4701,0.052161,0
95953,0.0096753,2.4636,0.050892,0
97176,0.0092755,2.457,0.049653,0
98415,0.0088922,2.4504,0.048443,0
99669,0.0085248,2.4437,0.047262,0
1.0094e+05,0.0081726,2.437,0.046109,0
1.0223e+05,0.007835,2.4303,0.044984,0
1.0353e+05,0.0075114,2.4235,0.043886,0
1.0485e+05,0.0072012,2.4167,0.042815,0
1.0619e+05,0.0069038,2.4098,0.041768,0
1.0754e+05,0.0066187,2.4029,0.040747,0
1.0891e+05,0.0063454,2.396,0.039751,0
1.103e+05,0.0060835,2.389,0.038778,0
1.1171e+05,0.0058324,2.382,0.037828,0
1.1313e+05,0.0055917,2.3749,0.036902,0
1.1457e+05,0.005361,2.3678,0.035997,0
1.1603e+05,0.0051399,2.3607,0.035115,0
1.1751e+05,0.0049279,2.3535,0.034253,0
1.1901e+05,0.0047248,2.3463,0.033413,0
1.2053e+05,0.0045301,2.3391,0.032592,0
1.2206e+05,0.0043434,2.3318,0.031792,0
1.2362e+05,0.0041646,2.3245,0.031011,0
1.252e+05,0.0039931,2.3172,0.030248,0
1.2679e+05,0.0038288,2.3098,0.029504,0
1.2841e+05,0.0036713,2.3024,0.028778,0
1.3005e+05,0.0035204,2.2949,0.02807,0
1.317e+05,0.0033757,2.2875,0.027378,0
1.3338e+05,0.003237,2.28,0.026704,0
1.3508e+05,0.0031041,2.2724,0.026045,0
1.3681e+05,0.0029768,2.2649,0.025403,0
1.3855e+05,0.0028547,2.2573,0.024776,0
1.4032e+05,0.0027377,2.2497,0.024165,0
1.4211e+05,0.0026256,2.242,0.023568,0
1.4392e+05,0.0025181,2.2343,0.022986,0
1.4575e+05,0.0024151,2.2266,0.022418,0
1.4761e+05,0.0023164,2.2189,0.021864,0
1.4949e+05,0.0022217,2.2111,0.021323,0
1.514e+05,0.0021311,2.2033,0.020796,0
1.5333e+05,0.0020441,2.1955,0.020281,0
1.5528e+05,0.0019608,2.1876,0.019779,0
1.5726e+05,0.001881,2.1798,0.019289,0
1.5927e+05,0.0018044,2.1719,0.018811,0
1.613e+05,0.001731,2.164,0.018345,0
1.6335e+05,0.0016607,2.156,0.01789,0
1.6544e+05,0.0015933,2.1481,0.017446,0
1.6755e+05,0.0015287,2.1401,0.017014,0
1.6968e+05,0.0014667,2.1321,0.016592,0
1.7184e+05,0.0014073,2.1241,0.01618,0
1.7404e+05,0.0013504,2.116,0.015778,0
1.7625e+05,0.0012959,2.108,0.015387,0
1.785e+05,0.0012435,2.0999,0.015004,0
1.8078e+05,0.0011934,2.0919,0.014632,0
1.8308e+05,0.0011453,2.0838,0.014268,0
1.8542e+05,0.0010992,2.0757,0.013914,0
1.8778e+05,0.001055,2.0676,0.013568,0
1.9017e+05,0.0010126,2.0594,0.013231,0
1.926e+05,0.000972,2.0513,0.012902,0
1.9505e+05,0.00093304,2.0431,0.012581,0
1.9754e+05,0.00089569,2.035,0.012269,0
2.0006e+05,0.00085987,2.0268,0.011964,0
2.0261e+05,0.00082551,2.0187,0.011666,0
2.0519e+05,0.00079257,2.0105,0.011376,0
2.0781e+05,0.00076098,2.0023,0.011093,0
2.1046e+05,0.00073069,1.9941,0.010817,0
2.1314e+05,0.00070164,1.9859,0.010548,0
2.1586e+05,0.00067378,1.9777,0.010286,0
2.1861e+05,0.00064706,1.9695,0.01003,0
2.214e+05,0.00062143,1.9613,0.0097805,0
2.2422e+05,0.00059685,1.9531,0.0095371,0
2.2708e+05,0.00057328,1.9449,0.0092998,0
2.2997e+05,0.00055067,1.9367,0.0090684,0
2.329e+05,0.00052899,1.9285,0.0088428,0
2.3587e+05,0.00050819,1.9203,0.0086227,0
2.3888e+05,0.00048823,1.9121,0.0084081,0
2.4193e+05,0.00046909,1.9039,0.0081988,0
2.4501e+05,0.00045073,1.8956,0.0079947,0
2.4813e+05,0.00043312,1.8874,0.0077957,0
2.513e+05,0.00041622,1.8792,0.0076016,0
2.545e+05,0.00040001,1.871,0.0074123,0
2.5775e+05,0.00038445,1.8628,0.0072277,0
2.6103e+05,0.00036953,1.8546,0.0070477,0
2.6436e+05,0.00035521,1.8464,0.0068722,0
2.6773e+05,0.00034147,1.8383,0.006701,0
2.7114e+05,0.00032828,1.8301,0.0065341,0
2.746e+05,0.00031563,1.8219,0.0063713,0
2.781e+05,0.00030349,1.8137,0.0062125,0
2.8165e+05,0.00029183,1.8056,0.0060577,0
2.8524e+05,0.00028065,1.7974,0.0059067,0
2.8887e+05,0.00026991,1.7893,0.0057595,0
2.9255e+05,0.00025961,1.7811,0.0056159,0
2.9628e+05,0.00024972,1.773,0.0054759,0
3.0006e+05,0.00024023,1.7648,0.0053394,0
3.0389e+05,0.00023111,1.7567,0.0052063,0
3.0776e+05,0.00022236,1.7486,0.0050765,0
3.1169e+05,0.00021397,1.7405,0.0049499,0
3.1566e+05,0.0002059,1.7324,0.0048264,0
3.1968e+05,0.00019816,1.7244,0.004706,0
3.2376e+05,0.00019073,1.7163,0.0045886,0
3.2789e+05,0.00018359,1.7082,0.0044742,0
3.3207e+05,0.00017674,1.7002,0.0043625,0
3.363e+05,0.00017016,1.6921,0.0042537,0
3.4059e+05,0.00016384,1.6841,0.0041475,0
3.4493e+05,0.00015777,1.6761,0.004044,0
3.4933e+05,0.00015194,1.6681,0.0039431,0
3.5378e+05,0.00014634,1.6601,0.0038446,0
3.5829e+05,0.00014096,1.6521,0.0037487,0
3.6286e+05,0.0001358,1.6441,0.0036551,0
3.6748e+05,0.00013084,1.6361,0.0035638,0
3.7217e+05,0.00012607,1.6281,0.0034748,0
3.7691e+05,0.00012149,1.6202,0.0033881,0
3.8172e+05,0.0001171,1.6122,0.0033035,0
3.8659e+05,0.00011287,1.6043,0.003221,0
3.9151e+05,0.00010881,1.5964,0.0031405,0
3.9651e+05,0.00010491,1.5885,0.0030621,0
4.0156e+05,0.00010116,1.5806,0.0029856,0
4.0668e+05,9.7558e-05,1.5727,0.002911,0
4.1186e+05,9.4095e-05,1.5648,0.0028383,0
4.1711e+05,9.0767e-05,1.5569,0.0027674,0
4.2243e+05,8.7568e-05,1.5491,0.0026983,0
4.2782e+05,8.4492e-05,1.5412,0.0026309,0
4.3327e+05,8.1534e-05,1.5334,0.0025652,0
4.388e+05,7.869e-05,1.5256,0.0025011,0
4.4439e+05,7.5955e-05,1.5178,0.0024386,0
4.5006e+05,7.3324e-05,1.51,0.0023777,0
4.5579e+05,7.0793e-05,1.5022,0.0023183,0
4.616e+05,6.8358e-05,1.4945,0.0022604,0
4.6749e+05,6.6015e-05,1.4868,0.002204,0
4.7345e+05,6.376e-05,1.479,0.0021489,0
4.7948e+05,6.1591e-05,1.4713,0.0020953,0
4.856e+05,5.9503e-05,1.4637,0.0020429,0
4.9179e+05,5.7492e-05,1.456,0.0019919,0
4.9806e+05,5.5557e-05,1.4484,0.0019422,0
5.0441e+05,5.3926e-05,1.4407,0.0018936,0
5.1084e+05,5.2444e-05,1.4331,0.0018462,0
5.1735e+05,5.1003e-05,1.4255,0.0018,0
5.2395e+05,4.9601e-05,1.4178,0.001755,0
5.3063e+05,4.8237e-05,1.4103,0.0017111,0
5.3739e+05,4.6912e-05,1.4027,0.0016683,0
5.4424e+05,4.5622e-05,1.3951,0.0016266,0
5.5118e+05,4.4368e-05,1.3876,0.0015859,0
5.5821e+05,4.3149e-05,1.3801,0.0015462,0
5.6532e+05,4.1963e-05,1.3726,0.0015075,0
5.7253e+05,4.081e-05,1.3651,0.0014698,0
5.7983e+05,3.9688e-05,1.3577,0.001433,0
5.8722e+05,3.8597e-05,1.3502,0.0013972,0
5.9471e+05,3.7536e-05,1.3428,0.0013622,0
6.0229e+05,3.6505e-05,1.3354,0.0013281,0
6.0997e+05,3.5501e-05,1.328,0.0012949,0
6.1774e+05,3.4525e-05,1.3207,0.0012625,0
6.2562e+05,3.3577e-05,1.3133,0.0012309,0
6.336e+05,3.2654e-05,1.306,0.0012001,0
6.4167e+05,3.1756e-05,1.2987,0.0011701,0
6.4985e+05,3.0883e-05,1.2914,0.0011408,0
6.5814e+05,3.0035e-05,1.2842,0.0011123,0
6.6653e+05,2.9209e-05,1.2769,0.0010845,0
6.7503e+05,2.8406e-05,1.2697,0.0010573,0
6.8363e+05,2.7625e-05,1.2625,0.0010309,0
6.9235e+05,2.6866e-05,1.2553,0.0010051,0
7.0117e+05,2.6128e-05,1.2482,0.00097994,0
7.1011e+05,2.541e-05,1.241,0.00095542,0
7.1917e+05,2.4711e-05,1.2339,0.00093152,0
7.2833e+05,2.4032e-05,1.2268,0.00090822,0
7.3762e+05,2.3371e-05,1.2198,0.00088549,0
7.4702e+05,2.2729e-05,1.2127,0.00086334,0
7.5655e+05,2.2104e-05,1.2057,0.00084174,0
7.6619e+05,2.1497e-05,1.1986,0.00082068,0
7.7596e+05,2.0906e-05,1.1917,0.00080015,0
7.8585e+05,2.0331e-05,1.1847,0.00078013,0
7.9587e+05,1.9773e-05,1.1777,0.00076062,0
8.0602e+05,1.9229e-05,1.1708,0.00074159,0
8.1629e+05,1.8701e-05,1.1639,0.00072303,0
8.267e+05,1.8187e-05,1.157,0.00070494,0
8.3724e+05,1.7687e-05,1.1501,0.00068731,0
8.4791e+05,1.7201e-05,1.1433,0.00067011,0
8.5872e+05,1.6728e-05,1.1365,0.00065335,0
8.6967e+05,1.6268e-05,1.1297,0.000637,0
8.8076e+05,1.5821e-05,1.1229,0.00062107,0
8.9199e+05,1.5386e-05,1.1161,0.00060553,0
9.0336e+05,1.4963e-05,1.1094,0.00059038,0
9.1488e+05,1.4552e-05,1.1027,0.00057561,0
9.2654e+05,1.4152e-05,1.096,0.00056121,0
9.3835e+05,1.3763e-05,1.0893,0.00054717,0
9.5031e+05,1.3385e-05,1.0826,0.00053348,0
9.6243e+05,1.3017e-05,1.076,0.00052013,0
9.747e+05,1.2659e-05,1.0694,0.00050712,0
9.8713e+05,1.2311e-05,1.0628,0.00049443,0
9.9971e+05,1.1973e-05,1.0563,0.00048206,0
1.0125e+06,1.1709e-05,1.0497,0.00047,0
1.0254e+06,1.1452e-05,1.0432,0.00045824,5.0758e-08
1.0384e+06,1.1201e-05,1.0367,0.00044678,1.2113e-06
1.0517e+06,1.0955e-05,1.0302,0.0004356,3.9484e-06
1.0651e+06,1.0715e-05,1.0238,0.0004247,8.3223e-06
1.0787e+06,1.048e-05,1.0173,0.00041408,1.4395e-05
1.0924e+06,1.025e-05,1.0109,0.00040372,2.223e-05
1.1063e+06,1.0026e-05,1.0045,0.00039362,3.1893e-05
1.1204e+06,9.8059e-06,0.99818,0.00038377,4.3452e-05
1.1347e+06,9.5909e-06,0.99184,0.00037417,5.6977e-05
1.1492e+06,9.3806e-06,0.98552,0.00036481,7.2539e-05
1.1638e+06,9.1749e-06,0.97922,0.00035568,9.0211e-05
1.1787e+06,8.9738e-06,0.97295,0.00034678,0.00011007
1.1937e+06,8.777e-06,0.9667,0.00033811,0.0001322
1.2089e+06,8.5846e-06,0.96047,0.00032965,0.00015667
1.2243e+06,8.3964e-06,0.95426,0.0003214,0.00018357
1.2399e+06,8.2123e-06,0.94808,0.00031336,0.00021298
1.2558e+06,8.0322e-06,0.94192,0.00030552,0.000245
1.2718e+06,7.8561e-06,0.93578,0.00029788,0.0002797
1.288e+06,7.6839e-06,0.92966,0.00029043,0.0003172
1.3044e+06,7.5154e-06,0.92357,0.00028316,0.00035757
1.321e+06,7.3506e-06,0.9175,0.00027608,0.00040092
1.3379e+06,7.1894e-06,0.91146,0.00026917,0.00044735
1.3549e+06,7.0318e-06,0.90544,0.00026243,0.00049697
1.3722e+06,6.8776e-06,0.89944,0.00025587,0.00054987
1.3897e+06,6.7268e-06,0.89346,0.00024947,0.00060618
1.4074e+06,6.5794e-06,0.88751,0.00024323,0.00066601
1.4254e+06,6.4351e-06,0.88158,0.00023714,0.00072946
1.4435e+06,6.294e-06,0.87567,0.00023121,0.00079667
1.4619e+06,6.156e-06,0.86979,0.00022542,0.00086775
1.4806e+06,6.021e-06,0.86393,0.00021978,0.00094283
1.4994e+06,5.889e-06,0.85809,0.00021429,0.001022
1.5186e+06,5.7599e-06,0.85228,0.00020892,0.0010983
1.5379e+06,5.6336e-06,0.84649,0.0002037,0.0011805
1.5575e+06,5.5101e-06,0.84072,0.0001986,0.0012689
1.5774e+06,5.3893e-06,0.83498,0.00019363,0.0013634
1.5975e+06,5.2711e-06,0.82927,0.00018879,0.001464
1.6179e+06,5.1555e-06,0.82357,0.00018407,0.0015706
1.6385e+06,5.0425e-06,0.8179,0.00017946,0.0016832
1.6594e+06,4.932e-06,0.81225,0.00017497,0.0018017
1.6805e+06,4.8238e-06,0.80663,0.00017059,0.0019262
1.7019e+06,4.7181e-06,0.80103,0.00016633,0.0020566
1.7236e+06,4.6146e-06,0.79546,0.00016216,0.0021928
1.7456e+06,4.5134e-06,0.78991,0.00015811,0.0023347
1.7679e+06,4.4145e-06,0.78438,0.00015415,0.0024824
1.7904e+06,4.3177e-06,0.77888,0.0001503,0.0026358
1.8132e+06,4.223e-06,0.7734,0.00014654,0.0027949
1.8364e+06,4.1304e-06,0.76794,0.00014287,0.0029596
1.8598e+06,4.0399e-06,0.76251,0.00013929,0.0031299
1.8835e+06,3.9513e-06,0.75711,0.00013581,0.0033057
1.9075e+06,3.8647e-06,0.75173,0.00013241,0.0034871
1.9318e+06,3.7799e-06,0.74637,0.0001291,0.0036738
1.9564e+06,3.697e-06,0.74103,0.00012587,0.003866
1.9814e+06,3.616e-06,0.73572,0.00012272,0.0040636
2.0066e+06,3.5367e-06,0.73044,0.00011965,0.0042665
2.0322e+06,3.4592e-06,0.72518,0.00011666,0.0044748
2.0581e+06,3.3833e-06,0.71994,0.00011374,0.0046883
2.0844e+06,3.3091e-06,0.71473,0.00011089,0.004907
2.1109e+06,3.2366e-06,0.70955,0.00010812,0.0051308
2.1378e+06,3.1656e-06,0.70438,0.00010541,0.0053599
2.1651e+06,3.0962e-06,0.69925,0.00010278,0.005594
2.1927e+06,3.0283e-06,0.69413,0.00010021,0.0058332
2.2207e+06,2.9619e-06,0.68904,9.7698e-05,0.0060774
2.249e+06,2.897e-06,0.68398,9.5254e-05,0.0063266
2.2776e+06,2.8335e-06,0.67894,9.2871e-05,0.0065807
2.3067e+06,2.7713e-06,0.67392,9.0548e-05,0.0068398
2.3361e+06,2.7106e-06,0.66893,8.8282e-05,0.0071037
2.3659e+06,2.6512e-06,0.66397,8.6074e-05,0.0073724
2.396e+06,2.593e-06,0.65903,8.392e-05,0.007646
2.4266e+06,2.5362e-06,0.65411,8.1821e-05,0.0079243
2.4575e+06,2.4806e-06,0.64922,7.9774e-05,0.0082073
2.4888e+06,2.4262e-06,0.64435,7.7778e-05,0.008495
2.5206e+06,2.373e-06,0.63951,7.5832e-05,0.0087873
2.5527e+06,2.321e-06,0.63469,7.3935e-05,0.0090842
2.5853e+06,2.2701e-06,0.6299,7.2085e-05,0.0093857
2.6182e+06,2.2203e-06,0.62513,7.0282e-05,0.0096918
2.6516e+06,2.1716e-06,0.62039,6.8523e-05,0.010002
2.6854e+06,2.124e-06,0.61567,6.6809e-05,0.010317
2.7196e+06,2.0774e-06,0.61098,6.5138e-05,0.010637
2.7543e+06,2.0319e-06,0.60631,6.3508e-05,0.01096
2.7894e+06,1.9873e-06,0.60167,6.1919e-05,0.011289
2.825e+06,1.9438e-06,0.59705,6.037e-05,0.011621
2.861e+06,1.9011e-06,0.59245,5.886e-05,0.011958
2.8975e+06,1.8595e-06,0.58789,5.7387e-05,0.012299
2.9344e+06,1.8187e-06,0.58334,5.5951e-05,0.012644
2.9718e+06,1.7788e-06,0.57882,5.4552e-05,0.012993
3.0097e+06,1.7367e-06,0.57433,5.3187e-05,0.013346
3.0481e+06,1.6869e-06,0.56986,5.1856e-05,0.013704
3.0869e+06,1.6384e-06,0.56541,5.0559e-05,0.014065
3.1263e+06,1.5914e-06,0.56099,4.9294e-05,0.014431
3.1661e+06,1.5457e-06,0.55659,4.8061e-05,0.014801
3.2065e+06,1.5013e-06,0.55222,4.6858e-05,0.015174
3.2474e+06,1.4582e-06,0.54787,4.5686e-05,0.015551
3.2888e+06,1.4163e-06,0.54355,4.4543e-05,0.015933
3.3307e+06,1.3756e-06,0.53926,4.3429e-05,0.016318
3.3732e+06,1.3361e-06,0.53498,4.2342e-05,0.016707
3.4162e+06,1.2978e-06,0.53073,4.1283e-05,0.0171
3.4597e+06,1.2605e-06,0.52651,4.025e-05,0.017496
3.5038e+06,1.2243e-06,0.52231,3.9243e-05,0.017896
3.5485e+06,1.1891e-06,0.51814,3.8261e-05,0.0183
3.5937e+06,1.155e-06,0.51399,3.7304e-05,0.018708
3.6396e+06,1.1218e-06,0.50986,3.6371e-05,0.019119
3.686e+06,1.0896e-06,0.50576,3.5461e-05,0.019533
3.733e+06,1.0583e-06,0.50168,3.4574e-05,0.019951
3.7805e+06,1.0279e-06,0.49763,3.3709e-05,0.020373
3.8287e+06,9.984e-07,0.4936,3.2865e-05,0.020798
3.8776e+06,9.6973e-07,0.4896,3.2043e-05,0.021227
3.927e+06,9.4189e-07,0.48562,3.1242e-05,0.021659
3.9771e+06,9.1484e-07,0.48167,3.046e-05,0.022094
4.0278e+06,8.8857e-07,0.47774,2.9698e-05,0.022533
4.0791e+06,8.6305e-07,0.47383,2.8955e-05,0.022975
4.1311e+06,8.3827e-07,0.46995,2.8231e-05,0.02342
4.1838e+06,8.142e-07,0.46609,2.7524e-05,0.023869
4.2371e+06,7.9082e-07,0.46225,2.6836e-05,0.02432
4.2911e+06,7.6811e-07,0.45844,2.6164e-05,0.024775
4.3458e+06,7.4605e-07,0.45466,2.551e-05,0.025233
4.4012e+06,7.2462e-07,0.45089,2.4871e-05,0.025694
4.4573e+06,7.0382e-07,0.44716,2.4249e-05,0.026158
4.5142e+06,6.8361e-07,0.44344,2.3643e-05,0.026626
4.5717e+06,6.6397e-07,0.43975,2.3051e-05,0.027096
4.63e+06,6.4491e-07,0.43608,2.2474e-05,0.027569
4.689e+06,6.2639e-07,0.43244,2.1912e-05,0.028045
4.7488e+06,6.084e-07,0.42882,2.1364e-05,0.028524
4.8094e+06,5.9093e-07,0.42522,2.0829e-05,0.029006
4.8707e+06,5.7396e-07,0.42165,2.0308e-05,0.029491
4.9328e+06,5.5748e-07,0.4181,1.98e-05,0.029979
4.9957e+06,5.4147e-07,0.41457,1.9305e-05,0.030469
5.0593e+06,5.2592e-07,0.41107,1.8822e-05,0.030962
5.1238e+06,5.1082e-07,0.40759,1.8351e-05,0.031458
5.1892e+06,4.9615e-07,0.40413,1.7892e-05,0.031957
5.2553e+06,4.819e-07,0.4007,1.7444e-05,0.032458
5.3223e+06,4.6806e-07,0.39729,1.7008e-05,0.032962
5.3902e+06,4.5462e-07,0.3939,1.6582e-05,0.033468
5.4589e+06,4.4157e-07,0.39054,1.6168e-05,0.033977
5.5285e+06,4.2889e-07,0.3872,1.5763e-05,0.034489
5.599e+06,4.1657e-07,0.38388,1.5369e-05,0.035003
5.6703e+06,4.0461e-07,0.38058,1.4984e-05,0.03552
5.7426e+06,3.9299e-07,0.37731,1.4609e-05,0.036039
5.8158e+06,3.817e-07,0.37406,1.4244e-05,0.03656
5.89e+06,3.7074e-07,0.37083,1.3887e-05,0.037084
5.9651e+06,3.601e-07,0.36762,1.354e-05,0.03761
6.0411e+06,3.4976e-07,0.36444,1.3201e-05,0.038139
6.1181e+06,3.3971e-07,0.36128,1.2871e-05,0.03867
6.1961e+06,3.2996e-07,0.35814,1.2549e-05,0.039203
6.2751e+06,3.2048e-07,0.35502,1.2235e-05,0.039739
6.3551e+06,3.1128e-07,0.35193,1.1929e-05,0.040276
6.4362e+06,3.0234e-07,0.34885,1.1631e-05,0.040816
6.5182e+06,2.9366e-07,0.3458,1.134e-05,0.041358
6.6013e+06,2.8522e-07,0.34277,1.1056e-05,0.041902
6.6855e+06,2.7703e-07,0.33976,1.0779e-05,0.042449
6.7707e+06,2.6908e-07,0.33678,1.051e-05,0.042997
6.857e+06,2.6135e-07,0.33381,1.0247e-05,0.043548
6.9444e+06,2.5385e-07,0.33087,9.9903e-06,0.0441
7.033e+06,2.4656e-07,0.32795,9.7403e-06,0.044654
7.1226e+06,2.3948e-07,0.32505,9.4967e-06,0.045211
7.2134e+06,2.326e-07,0.32217,9.2591e-06,0.045769
7.3054e+06,2.2592e-07,0.31931,9.0274e-06,0.046329
7.3985e+06,2.1943e-07,0.31647,8.8016e-06,0.046892
7.4928e+06,2.1313e-07,0.31365,8.5814e-06,0.047456
7.5884e+06,2.0701e-07,0.31086,8.3667e-06,0.048021
7.6851e+06,2.0107e-07,0.30808,8.1574e-06,0.048589
7.7831e+06,1.9529e-07,0.30533,7.9533e-06,0.049158
7.8823e+06,1.8968e-07,0.30259,7.7543e-06,0.04973
7.9828e+06,1.8424e-07,0.29988,7.5603e-06,0.050303
8.0846e+06,1.7895e-07,0.29719,7.3712e-06,0.050877
8.1876e+06,1.7381e-07,0.29452,7.1868e-06,0.051453
8.292e+06,1.6882e-07,0.29186,7.007e-06,0.052031
8.3977e+06,1.6397e-07,0.28923,6.8317e-06,0.052611
8.5048e+06,1.5926e-07,0.28662,6.6607e-06,0.053192
8.6132e+06,1.5469e-07,0.28403,6.4941e-06,0.053775
8.723e+06,1.5024e-07,0.28145,6.3316e-06,0.054359
8.8342e+06,1.4593e-07,0.2789,6.1732e-06,0.054945
8.9469e+06,1.4174e-07,0.27637,6.0188e-06,0.055532
9.0609e+06,1.3767e-07,0.27385,5.8682e-06,0.056121
9.1764e+06,1.3372e-07,0.27136,5.7214e-06,0.056711
9.2934e+06,1.2988e-07,0.26889,5.5783e-06,0.057302
9.4119e+06,1.2615e-07,0.26643,5.4387e-06,0.057895
9.5319e+06,1.2252e-07,0.26399,5.3026e-06,0.058489
9.6534e+06,1.1901e-07,0.26158,5.17e-06,0.059085
9.7765e+06,1.1559e-07,0.25918,5.0406e-06,0.059682
9.9011e+06,1.1227e-07,0.2568,4.9145e-06,0.06028
1.0027e+07,1.0905e-07,0.25444,4.7916e-06,0.06088
1.0155e+07,1.0591e-07,0.25209,4.6717e-06,0.06148
1.0285e+07,1.0287e-07,0.24977,4.5548e-06,0.062082
1.0416e+07,9.9918e-08,0.24746,4.4409e-06,0.062685
1.0549e+07,9.7049e-08,0.24518,4.3298e-06,0.06329
1.0683e+07,9.4262e-08,0.24291,4.2214e-06,0.063895
1.0819e+07,9.1555e-08,0.24066,4.1158e-06,0.064502
1.0957e+07,8.8926e-08,0.23843,4.0129e-06,0.065109
1.1097e+07,8.6372e-08,0.23621,3.9125e-06,0.065718
1.1238e+07,8.3892e-08,0.23401,3.8146e-06,0.066328
1.1382e+07,8.1483e-08,0.23184,3.7192e-06,0.066939
1.1527e+07,7.9143e-08,0.22967,3.6261e-06,0.06755
1.1674e+07,7.687e-08,0.22753,3.5354e-06,0.068163
1.1822e+07,7.4663e-08,0.2254,3.4469e-06,0.068777
1.1973e+07,7.2519e-08,0.2233,3.3607e-06,0.069391
1.2126e+07,7.0436e-08,0.2212,3.2766e-06,0.070007
1.228e+07,6.8414e-08,0.21913,3.1947e-06,0.070623
1.2437e+07,6.6449e-08,0.21707,3.1147e-06,0.071241
1.2596e+07,6.4541e-08,0.21503,3.0368e-06,0.071859
1.2756e+07,6.2688e-08,0.21301,2.9608e-06,0.072478
1.2919e+07,6.0887e-08,0.211,2.8868e-06,0.073097
1.3083e+07,5.9139e-08,0.20901,2.8145e-06,0.073718
1.325e+07,5.7441e-08,0.20704,2.7441e-06,0.074339
1.3419e+07,5.5791e-08,0.20508,2.6755e-06,0.074961
1.359e+07,5.4189e-08,0.20314,2.6085e-06,0.075584
1.3764e+07,5.2633e-08,0.20121,2.5433e-06,0.076207
1.3939e+07,5.1122e-08,0.1993,2.4796e-06,0.076831
1.4117e+07,4.9654e-08,0.19741,2.4176e-06,0.077456
1.4297e+07,4.8228e-08,0.19553,2.3571e-06,0.078081
1.4479e+07,4.6843e-08,0.19367,2.2982e-06,0.078707
1.4664e+07,4.5498e-08,0.19183,2.2407e-06,0.079333
1.485e+07,4.4191e-08,0.19,2.1846e-06,0.07996
1.504e+07,4.2922e-08,0.18818,2.1299e-06,0.080588
1.5232e+07,4.1689e-08,0.18638,2.0767e-06,0.081216
1.5426e+07,4.0492e-08,0.1846,2.0247e-06,0.081844
1.5622e+07,3.9329e-08,0.18283,1.9741e-06,0.082473
1.5822e+07,3.82e-08,0.18108,1.9247e-06,0.083102
1.6023e+07,3.7103e-08,0.17934,1.8765e-06,0.083732
1.6228e+07,3.6038e-08,0.17762,1.8296e-06,0.084362
1.6434e+07,3.5003e-08,0.17591,1.7838e-06,0.084993
1.6644e+07,3.3998e-08,0.17422,1.7392e-06,0.085624
1.6856e+07,3.3021e-08,0.17254,1.6957e-06,0.086255
1.7071e+07,3.2073e-08,0.17087,1.6532e-06,0.086887
1.7289e+07,3.1152e-08,0.16922,1.6119e-06,0.087519
1.7509e+07,3.0257e-08,0.16759,1.5715e-06,0.088151
1.7732e+07,2.9389e-08,0.16596,1.5322e-06,0.088783
1.7958e+07,2.8545e-08,0.16436,1.4939e-06,0.089416
1.8187e+07,2.7725e-08,0.16276,1.4565e-06,0.090049
1.8419e+07,2.6929e-08,0.16118,1.4201e-06,0.090682
1.8654e+07,2.6156e-08,0.15962,1.3846e-06,0.091316
1.8892e+07,2.5404e-08,0.15807,1.3499e-06,0.091949
1.9133e+07,2.4675e-08,0.15653,1.3161e-06,0.092583
1.9377e+07,2.3966e-08,0.155,1.2832e-06,0.093216
1.9624e+07,2.3278e-08,0.15349,1.2511e-06,0.09385
1.9874e+07,2.261e-08,0.15199,1.2198e-06,0.094484
