# 1DMC-N photon cross sections for C (Z=6), barn/atom
#grid 600 10000 2e+07
#Z 6
#atomic_weight 12.01100
E_eV,photo,incoh,coh,pair
10064,40.565,2.7024,3.2081,0
10192,38.945,2.7132,3.1608,0
10322,37.39,2.7239,3.1141,0
10453,35.896,2.7346,3.0679,0
10587,34.461,2.7452,3.0223,0
10722,33.082,2.7558,2.9772,0
10858,31.759,2.7663,2.9327,0
10997,30.487,2.7767,2.8887,0
11137,29.267,2.7871,2.8452,0
11279,28.094,2.7975,2.8022,0
11423,26.968,2.8077,2.7597,0
11568,25.887,2.818,2.7177,0
11716,24.848,2.8281,2.6761,0
11865,23.851,2.8382,2.6351,0
12016,22.894,2.8482,2.5944,0
12170,21.974,2.8582,2.5543,0
12325,21.091,2.8681,2.5146,0
12482,20.244,2.8779,2.4753,0
12641,19.429,2.8876,2.4365,0
12802,18.648,2.8973,2.3981,0
12965,17.897,2.9069,2.3601,0
13131,17.176,2.9164,2.3226,0
13298,16.484,2.9259,2.2854,0
13468,15.82,2.9353,2.2487,0
13639,15.182,2.9446,2.2124,0
13813,14.57,2.9538,2.1764,0
13989,13.982,2.963,2.1409,0
14168,13.417,2.9721,2.1057,0
14348,12.875,2.9811,2.071,0
14531,12.355,2.99,2.0366,0
14716,11.855,2.9988,2.0026,0
14904,11.376,3.0076,1.9689,0
15094,10.915,3.0163,1.9356,0
15286,10.473,3.0249,1.9027,0
15481,10.049,3.0334,1.8702,0
15679,9.6419,3.0418,1.838,0
15879,9.251,3.0501,1.8062,0
16081,8.8758,3.0583,1.7748,0
16286,8.5157,3.0664,1.7437,0
16494,8.17,3.0745,1.713,0
16704,7.8382,3.0824,1.6827,0
16917,7.5198,3.0902,1.6528,0
17133,7.2142,3.0979,1.6232,0
17351,6.9209,3.1055,1.594,0
17572,6.6394,3.1129,1.5652,0
17796,6.3693,3.1203,1.5368,0
18023,6.1101,3.1275,1.5087,0
18253,5.8614,3.1346,1.481,0
18486,5.6227,3.1416,1.4536,0
18721,5.3936,3.1485,1.4267,0
18960,5.1739,3.1552,1.4001,0
19202,4.963,3.1618,1.3739,0
19446,4.7606,3.1682,1.348,0
19694,4.5665,3.1745,1.3225,0
19945,4.3802,3.1807,1.2974,0
20200,4.2015,3.1867,1.2726,0
20457,4.03,3.1926,1.2482,0
20718,3.8655,3.1983,1.2242,0
20982,3.7077,3.2038,1.2005,0
21250,3.5563,3.2093,1.1771,0
21521,3.411,3.2145,1.1542,0
21795,3.2716,3.2196,1.1315,0
22073,3.1379,3.2246,1.1093,0
22354,3.0096,3.2294,1.0874,0
22639,2.8866,3.2341,1.0658,0
22928,2.7685,3.2387,1.0446,0
23220,2.6552,3.243,1.0237,0
23516,2.5466,3.2473,1.0032,0
23816,2.4423,3.2513,0.98298,0
24120,2.3423,3.2553,0.96313,0
24427,2.2464,3.2591,0.94361,0
24738,2.1544,3.2627,0.92442,0
25054,2.0661,3.2662,0.90556,0
25373,1.9814,3.2695,0.88703,0
25697,1.9002,3.2727,0.86883,0
26024,1.8223,3.2758,0.85094,0
26356,1.7475,3.2787,0.83337,0
26692,1.6758,3.2814,0.81611,0
27032,1.607,3.284,0.79916,0
27377,1.5411,3.2865,0.78253,0
27726,1.4778,3.2888,0.76619,0
28080,1.4171,3.291,0.75016,0
28438,1.3589,3.293,0.73442,0
28800,1.3031,3.2949,0.71897,0
29167,1.2495,3.2966,0.70382,0
29539,1.1981,3.2982,0.68895,0
29916,1.1489,3.2997,0.67436,0
30297,1.1016,3.301,0.66005,0
30683,1.0562,3.3022,0.64601,0
31074,1.0128,3.3032,0.63224,0
31471,0.97105,3.3041,0.61873,0
31872,0.93106,3.3048,0.60549,0
32278,0.8927,3.3055,0.59251,0
32690,0.85591,3.3059,0.57978,0
33106,0.82064,3.3063,0.56729,0
33528,0.78681,3.3065,0.55505,0
33956,0.75436,3.3066,0.54306,0
34389,0.72325,3.3065,0.5313,0
34827,0.69342,3.3063,0.51977,0
35271,0.66481,3.306,0.50847,0
35721,0.63738,3.3055,0.4974,0
36176,0.61108,3.305,0.48655,0
36638,0.58585,3.3042,0.47591,0
37105,0.56167,3.3034,0.46549,0
37578,0.53848,3.3025,0.45528,0
38057,0.51624,3.3014,0.44528,0
38542,0.49492,3.3002,0.43547,0
39033,0.47448,3.2989,0.42587,0
39531,0.45488,3.2974,0.41646,0
40035,0.43609,3.2959,0.40725,0
40545,0.41808,3.2942,0.39823,0
41062,0.40081,3.2924,0.38939,0
41586,0.38425,3.2905,0.38073,0
42116,0.36838,3.2885,0.37226,0
42653,0.35316,3.2864,0.36396,0
43196,0.33857,3.2841,0.35583,0
43747,0.32457,3.2817,0.34787,0
44305,0.31116,3.2793,0.34007,0
44870,0.2983,3.2767,0.33244,0
45442,0.28597,3.274,0.32496,0
46021,0.27414,3.2712,0.31765,0
46608,0.26281,3.2682,0.31048,0
47202,0.25194,3.2652,0.30347,0
47804,0.24152,3.262,0.2966,0
48413,0.23153,3.2588,0.28988,0
49030,0.22195,3.2554,0.28331,0
49655,0.21277,3.2519,0.27687,0
50289,0.20396,3.2484,0.27057,0
50930,0.19552,3.2447,0.2644,0
51579,0.18742,3.2409,0.25836,0
52236,0.17966,3.237,0.25245,0
52902,0.17222,3.233,0.24667,0
53577,0.16509,3.2289,0.24101,0
54260,0.15825,3.2247,0.23548,0
54952,0.15169,3.2204,0.23006,0
55652,0.14541,3.216,0.22476,0
56362,0.13938,3.2115,0.21958,0
57080,0.13361,3.2069,0.21451,0
57808,0.12807,3.2022,0.20955,0
58545,0.12277,3.1975,0.2047,0
59291,0.11768,3.1926,0.19995,0
60047,0.1128,3.1877,0.19531,0
60813,0.10813,3.1827,0.19078,0
61588,0.10365,3.1776,0.18634,0
62373,0.099355,3.1724,0.182,0
63168,0.095238,3.1671,0.17776,0
63974,0.091292,3.1617,0.17361,0
64789,0.08751,3.1563,0.16955,0
65615,0.083884,3.1508,0.16559,0
66452,0.080409,3.1452,0.16171,0
67299,0.077077,3.1395,0.15791,0
68157,0.073884,3.1337,0.15421,0
69026,0.070823,3.1279,0.15058,0
69906,0.067889,3.122,0.14704,0
70797,0.065077,3.1159,0.14357,0
71700,0.062381,3.1099,0.14019,0
72614,0.059797,3.1037,0.13687,0
73539,0.05732,3.0975,0.13364,0
74477,0.054946,3.0911,0.13047,0
75426,0.05267,3.0847,0.12738,0
76388,0.050489,3.0783,0.12436,0
77362,0.048398,3.0717,0.12141,0
78348,0.046394,3.0651,0.11852,0
79347,0.044473,3.0584,0.1157,0
80359,0.042631,3.0516,0.11294,0
81383,0.040866,3.0448,0.11024,0
82421,0.039174,3.0378,0.10761,0
83471,0.037552,3.0309,0.10503,0
84536,0.035997,3.0238,0.10252,0
85613,0.034508,3.0167,0.10006,0
86705,0.03308,3.0095,0.097657,0
87810,0.031711,3.0022,0.095311,0
88930,0.030399,2.9949,0.09302,0
90063,0.029142,2.9875,0.090781,0
91211,0.027937,2.98,0.088594,0
92374,0.026782,2.9725,0.086459,0
93552,0.025676,2.9649,0.084373,0
94745,0.024615,2.9572,0.082335,0
95953,0.023599,2.9495,0.080346,0
97176,0.022624,2.9418,0.078403,0
98415,0.021691,2.9339,0.076506,0
99669,0.020796,2.9261,0.074653,0
1.0094e+05,0.019939,2.9181,0.072845,0
1.0223e+05,0.019117,2.9101,0.071079,0
1.0353e+05,0.018329,2.9021,0.069355,0
1.0485e+05,0.017575,2.894,0.067672,0
1.0619e+05,0.016851,2.8859,0.066029,0
1.0754e+05,0.016158,2.8777,0.064424,0
1.0891e+05,0.015494,2.8694,0.062858,0
1.103e+05,0.014857,2.8611,0.061329,0
1.1171e+05,0.014246,2.8528,0.059836,0
1.1313e+05,0.013661,2.8444,0.058379,0
1.1457e+05,0.0131,2.836,0.056956,0
1.1603e+05,0.012563,2.8275,0.055567,0
1.1751e+05,0.012048,2.819,0.054212,0
1.1901e+05,0.011554,2.8104,0.052889,0
1.2053e+05,0.01108,2.8018,0.051597,0
1.2206e+05,0.010626,2.7931,0.050336,0
1.2362e+05,0.010191,2.7844,0.049105,0
1.252e+05,0.0097743,2.7757,0.047904,0
1.2679e+05,0.0093745,2.7669,0.046732,0
1.2841e+05,0.0089913,2.7581,0.045588,0
1.3005e+05,0.0086239,2.7492,0.044471,0
1.317e+05,0.0082716,2.7403,0.043381,0
1.3338e+05,0.007934,2.7314,0.042317,0
1.3508e+05,0.0076102,2.7224,0.041279,0
1.3681e+05,0.0072999,2.7134,0.040266,0
1.3855e+05,0.0070023,2.7044,0.039277,0
1.4032e+05,0.006717,2.6953,0.038312,0
1.4211e+05,0.0064435,2.6862,0.03737,0
1.4392e+05,0.0061812,2.6771,0.036451,0
1.4575e+05,0.0059298,2.6679,0.035555,0
1.4761e+05,0.0056887,2.6587,0.03468,0
1.4949e+05,0.0054575,2.6495,0.033826,0
1.514e+05,0.0052358,2.6402,0.032993,0
1.5333e+05,0.0050233,2.6309,0.03218,0
1.5528e+05,0.0048195,2.6216,0.031386,0
1.5726e+05,0.0046241,2.6123,0.030612,0
1.5927e+05,0.0044367,2.6029,0.029857,0
1.613e+05,0.004257,2.5935,0.02912,0
1.6335e+05,0.0040847,2.5841,0.028401,0
1.6544e+05,0.0039196,2.5747,0.0277,0
1.6755e+05,0.0037612,2.5652,0.027016,0
1.6968e+05,0.0036093,2.5557,0.026348,0
1.7184e+05,0.0034637,2.5462,0.025697,0
1.7404e+05,0.003324,2.5367,0.025061,0
1.7625e+05,0.0031901,2.5271,0.024441,0
1.785e+05,0.0030617,2.5176,0.023837,0
1.8078e+05,0.0029386,2.508,0.023247,0
1.8308e+05,0.0028205,2.4984,0.022671,0
1.8542e+05,0.0027073,2.4888,0.02211,0
1.8778e+05,0.0025988,2.4792,0.021562,0
1.9017e+05,0.0024947,2.4695,0.021028,0
1.926e+05,0.0023948,2.4599,0.020507,0
1.9505e+05,0.0022991,2.4502,0.019999,0
1.9754e+05,0.0022073,2.4405,0.019504,0
2.0006e+05,0.0021192,2.4308,0.01902,0
2.0261e+05,0.0020348,2.4211,0.018549,0
2.0519e+05,0.0019538,2.4114,0.018088,0
2.0781e+05,0.0018761,2.4016,0.01764,0
2.1046e+05,0.0018016,2.3919,0.017202,0
2.1314e+05,0.0017301,2.3822,0.016775,0
2.1586e+05,0.0016616,2.3724,0.016359,0
2.1861e+05,0.0015958,2.3626,0.015953,0
2.214e+05,0.0015328,2.3529,0.015557,0
2.2422e+05,0.0014723,2.3431,0.015171,0
2.2708e+05,0.0014143,2.3333,0.014794,0
2.2997e+05,0.0013586,2.3235,0.014427,0
2.329e+05,0.0013053,2.3138,0.014068,0
2.3587e+05,0.0012541,2.304,0.013719,0
2.3888e+05,0.0012049,2.2942,0.013378,0
2.4193e+05,0.0011578,2.2844,0.013046,0
2.4501e+05,0.0011126,2.2746,0.012721,0
2.4813e+05,0.0010692,2.2648,0.012405,0
2.513e+05,0.0010276,2.2549,0.012097,0
2.545e+05,0.00098768,2.2451,0.011796,0
2.5775e+05,0.00094936,2.2353,0.011502,0
2.6103e+05,0.0009126,2.2255,0.011216,0
2.6436e+05,0.00087732,2.2157,0.010937,0
2.6773e+05,0.00084347,2.2059,0.010665,0
2.7114e+05,0.00081099,2.1961,0.0104,0
2.746e+05,0.00077981,2.1863,0.010141,0
2.781e+05,0.00074989,2.1765,0.0098886,0
2.8165e+05,0.00072117,2.1667,0.0096424,0
2.8524e+05,0.00069361,2.1569,0.0094023,0
2.8887e+05,0.00066715,2.1471,0.0091681,0
2.9255e+05,0.00064175,2.1374,0.0089398,0
2.9628e+05,0.00061738,2.1276,0.0087171,0
3.0006e+05,0.00059397,2.1178,0.0084999,0
3.0389e+05,0.00057151,2.1081,0.0082881,0
3.0776e+05,0.00054994,2.0983,0.0080816,0
3.1169e+05,0.00052923,2.0886,0.0078802,0
3.1566e+05,0.00050935,2.0788,0.0076838,0
3.1968e+05,0.00049026,2.0691,0.0074923,0
3.2376e+05,0.00047193,2.0594,0.0073055,0
3.2789e+05,0.00045433,2.0496,0.0071234,0
3.3207e+05,0.00043742,2.0399,0.0069457,0
3.363e+05,0.00042118,2.0302,0.0067725,0
3.4059e+05,0.00040559,2.0206,0.0066036,0
3.4493e+05,0.00039061,2.0109,0.0064389,0
3.4933e+05,0.00037623,2.0013,0.0062783,0
3.5378e+05,0.00036241,1.9916,0.0061217,0
3.5829e+05,0.00034913,1.982,0.005969,0
3.6286e+05,0.00033638,1.9724,0.00582,0
3.6748e+05,0.00032413,1.9628,0.0056748,0
3.7217e+05,0.00031236,1.9532,0.0055332,0
3.7691e+05,0.00030105,1.9436,0.0053952,0
3.8172e+05,0.00029018,1.9341,0.0052605,0
3.8659e+05,0.00027974,1.9246,0.0051293,0
3.9151e+05,0.0002697,1.915,0.0050013,0
3.9651e+05,0.00026005,1.9055,0.0048765,0
4.0156e+05,0.00025078,1.8961,0.0047548,0
4.0668e+05,0.00024187,1.8866,0.0046361,0
4.1186e+05,0.0002333,1.8772,0.0045205,0
4.1711e+05,0.00022507,1.8678,0.0044077,0
4.2243e+05,0.00021715,1.8584,0.0042977,0
4.2782e+05,0.00020953,1.849,0.0041905,0
4.3327e+05,0.00020221,1.8396,0.0040859,0
4.388e+05,0.00019517,1.8303,0.0039839,0
4.4439e+05,0.00018839,1.821,0.0038845,0
4.5006e+05,0.00018188,1.8117,0.0037876,0
4.5579e+05,0.00017561,1.8024,0.0036931,0
4.616e+05,0.00016957,1.7931,0.0036009,0
4.6749e+05,0.00016377,1.7838,0.003511,0
4.7345e+05,0.00015818,1.7746,0.0034234,0
4.7948e+05,0.0001528,1.7654,0.003338,0
4.856e+05,0.00014763,1.7562,0.0032546,0
4.9179e+05,0.00014265,1.747,0.0031734,0
4.9806e+05,0.00013785,1.7378,0.0030942,0
5.0441e+05,0.0001338,1.7287,0.0030168,0
5.1084e+05,0.00013013,1.7195,0.0029413,0
5.1735e+05,0.00012655,1.7103,0.0028678,0
5.2395e+05,0.00012307,1.7012,0.002796,0
5.3063e+05,0.00011969,1.6921,0.0027261,0
5.3739e+05,0.0001164,1.683,0.0026579,0
5.4424e+05,0.0001132,1.674,0.0025914,0
5.5118e+05,0.00011009,1.6649,0.0025265,0
5.5821e+05,0.00010706,1.6559,0.0024633,0
5.6532e+05,0.00010412,1.6469,0.0024017,0
5.7253e+05,0.00010126,1.638,0.0023416,0
5.7983e+05,9.8475e-05,1.629,0.002283,0
5.8722e+05,9.5768e-05,1.6201,0.0022259,0
5.9471e+05,9.3136e-05,1.6112,0.0021702,0
6.0229e+05,9.0576e-05,1.6023,0.0021159,0
6.0997e+05,8.8086e-05,1.5935,0.002063,0
6.1774e+05,8.5665e-05,1.5847,0.0020114,0
6.2562e+05,8.3311e-05,1.5759,0.0019611,0
6.336e+05,8.1021e-05,1.5671,0.001912,0
6.4167e+05,7.8794e-05,1.5583,0.0018642,0
6.4985e+05,7.6628e-05,1.5496,0.0018175,0
6.5814e+05,7.4522e-05,1.5409,0.0017721,0
6.6653e+05,7.2474e-05,1.5322,0.0017277,0
6.7503e+05,7.0482e-05,1.5235,0.0016845,0
6.8363e+05,6.8545e-05,1.5149,0.0016424,0
6.9235e+05,6.6661e-05,1.5063,0.0016013,0
7.0117e+05,6.4829e-05,1.4977,0.0015612,0
7.1011e+05,6.3047e-05,1.4891,0.0015221,0
7.1917e+05,6.1314e-05,1.4806,0.0014841,0
7.2833e+05,5.9629e-05,1.4721,0.0014469,0
7.3762e+05,5.799e-05,1.4636,0.0014107,0
7.4702e+05,5.6396e-05,1.4551,0.0013754,0
7.5655e+05,5.4846e-05,1.4467,0.001341,0
7.6619e+05,5.3338e-05,1.4383,0.0013075,0
7.7596e+05,5.1872e-05,1.4299,0.0012748,0
7.8585e+05,5.0447e-05,1.4215,0.0012429,0
7.9587e+05,4.906e-05,1.4132,0.0012118,0
8.0602e+05,4.7712e-05,1.4049,0.0011815,0
8.1629e+05,4.64e-05,1.3966,0.0011519,0
8.267e+05,4.5125e-05,1.3883,0.0011231,0
8.3724e+05,4.3885e-05,1.3801,0.001095,0
8.4791e+05,4.2679e-05,1.3719,0.0010676,0
8.5872e+05,4.1506e-05,1.3637,0.0010409,0
8.6967e+05,4.0365e-05,1.3555,0.0010148,0
8.8076e+05,3.9255e-05,1.3474,0.00098946,0
8.9199e+05,3.8176e-05,1.3393,0.0009647,0
9.0336e+05,3.7127e-05,1.3312,0.00094057,0
9.1488e+05,3.6107e-05,1.3231,0.00091704,0
9.2654e+05,3.5114e-05,1.3151,0.0008941,0
9.3835e+05,3.4149e-05,1.3071,0.00087173,0
9.5031e+05,3.3211e-05,1.2991,0.00084992,0
9.6243e+05,3.2298e-05,1.2911,0.00082865,0
9.747e+05,3.141e-05,1.2832,0.00080792,0
9.8713e+05,3.0547e-05,1.2753,0.00078771,0
9.9971e+05,2.9707e-05,1.2674,0.000768,0
1.0125e+06,2.9052e-05,1.2596,0.00074879,0
1.0254e+06,2.8415e-05,1.2518,0.00073006,7.3244e-08
1.0384e+06,2.7792e-05,1.244,0.00071179,1.7479e-06
1.0517e+06,2.7183e-05,1.2362,0.00069398,5.6976e-06
1.0651e+06,2.6587e-05,1.2285,0.00067662,1.2009e-05
1.0787e+06,2.6004e-05,1.2207,0.00065969,2.0772e-05
1.0924e+06,2.5434e-05,1.2131,0.00064319,3.2078e-05
1.1063e+06,2.4876e-05,1.2054,0.0006271,4.6022e-05
1.1204e+06,2.4331e-05,1.1978,0.00061141,6.2702e-05
1.1347e+06,2.3797e-05,1.1901,0.00059611,8.2218e-05
1.1492e+06,2.3275e-05,1.1826,0.0005812,0.00010467
1.1638e+06,2.2765e-05,1.175,0.00056666,0.00013018
1.1787e+06,2.2266e-05,1.1675,0.00055248,0.00015883
1.1937e+06,2.1778e-05,1.16,0.00053866,0.00019076
1.2089e+06,2.13e-05,1.1525,0.00052518,0.00022607
1.2243e+06,2.0833e-05,1.1451,0.00051205,0.00026489
1.2399e+06,2.0376e-05,1.1376,0.00049923,0.00030733
1.2558e+06,1.993e-05,1.1302,0.00048675,0.00035353
1.2718e+06,1.9493e-05,1.1229,0.00047457,0.00040361
1.288e+06,1.9065e-05,1.1155,0.00046269,0.00045772
1.3044e+06,1.8647e-05,1.1082,0.00045112,0.00051597
1.321e+06,1.8238e-05,1.101,0.00043983,0.00057853
1.3379e+06,1.7839e-05,1.0937,0.00042883,0.00064553
1.3549e+06,1.7447e-05,1.0865,0.0004181,0.00071713
1.3722e+06,1.7065e-05,1.0793,0.00040764,0.00079347
1.3897e+06,1.6691e-05,1.0721,0.00039744,0.00087473
1.4074e+06,1.6325e-05,1.065,0.0003875,0.00096105
1.4254e+06,1.5967e-05,1.0578,0.0003778,0.0010526
1.4435e+06,1.5617e-05,1.0508,0.00036835,0.0011496
1.4619e+06,1.5274e-05,1.0437,0.00035914,0.0012522
1.4806e+06,1.494e-05,1.0367,0.00035015,0.0013605
1.4994e+06,1.4612e-05,1.0297,0.00034139,0.0014748
1.5186e+06,1.4292e-05,1.0227,0.00033285,0.0015854
1.5379e+06,1.3978e-05,1.0157,0.00032452,0.0017044
1.5575e+06,1.3672e-05,1.0088,0.0003164,0.0018321
1.5774e+06,1.3372e-05,1.0019,0.00030849,0.0019684
1.5975e+06,1.3079e-05,0.99508,0.00030077,0.0021133
1.6179e+06,1.2792e-05,0.98825,0.00029325,0.0022668
1.6385e+06,1.2512e-05,0.98144,0.00028591,0.0024286
1.6594e+06,1.2237e-05,0.97467,0.00027876,0.0025989
1.6805e+06,1.1969e-05,0.96792,0.00027178,0.0027775
1.7019e+06,1.1707e-05,0.9612,0.00026498,0.0029644
1.7236e+06,1.145e-05,0.95452,0.00025835,0.0031595
1.7456e+06,1.1199e-05,0.94786,0.00025189,0.0033628
1.7679e+06,1.0953e-05,0.94122,0.00024559,0.0035741
1.7904e+06,1.0713e-05,0.93462,0.00023944,0.0037935
1.8132e+06,1.0478e-05,0.92805,0.00023345,0.0040209
1.8364e+06,1.0249e-05,0.9215,0.00022761,0.0042562
1.8598e+06,1.0024e-05,0.91499,0.00022192,0.0044993
1.8835e+06,9.804e-06,0.9085,0.00021637,0.0047502
1.9075e+06,9.5891e-06,0.90204,0.00021095,0.0050089
1.9318e+06,9.3788e-06,0.89561,0.00020568,0.0052753
1.9564e+06,9.1732e-06,0.88921,0.00020053,0.0055492
1.9814e+06,8.9721e-06,0.88284,0.00019551,0.0058308
2.0066e+06,8.7754e-06,0.8765,0.00019062,0.0061199
2.0322e+06,8.5829e-06,0.87019,0.00018585,0.0064164
2.0581e+06,8.3948e-06,0.86391,0.0001812,0.0067203
2.0844e+06,8.2107e-06,0.85765,0.00017667,0.0070315
2.1109e+06,8.0307e-06,0.85143,0.00017225,0.00735
2.1378e+06,7.8546e-06,0.84524,0.00016794,0.0076758
2.1651e+06,7.6824e-06,0.83907,0.00016374,0.0080087
2.1927e+06,7.514e-06,0.83294,0.00015964,0.0083487
2.2207e+06,7.3492e-06,0.82683,0.00015565,0.0086958
2.249e+06,7.1881e-06,0.82075,0.00015176,0.0090499
2.2776e+06,7.0305e-06,0.81471,0.00014796,0.0094109
2.3067e+06,6.8763e-06,0.80869,0.00014426,0.0097788
2.3361e+06,6.7256e-06,0.8027,0.00014065,0.010154
2.3659e+06,6.5781e-06,0.79674,0.00013713,0.010535
2.396e+06,6.4339e-06,0.79081,0.0001337,0.010923
2.4266e+06,6.2928e-06,0.78492,0.00013035,0.011318
2.4575e+06,6.1548e-06,0.77905,0.00012709,0.01172
2.4888e+06,6.0199e-06,0.77321,0.00012391,0.012128
2.5206e+06,5.8879e-06,0.7674,0.00012081,0.012542
2.5527e+06,5.7588e-06,0.76162,0.00011779,0.012963
2.5853e+06,5.6325e-06,0.75587,0.00011484,0.013391
2.6182e+06,5.509e-06,0.75014,0.00011197,0.013825
2.6516e+06,5.3883e-06,0.74445,0.00010917,0.014265
2.6854e+06,5.2701e-06,0.73879,0.00010644,0.014711
2.7196e+06,5.1546e-06,0.73316,0.00010377,0.015163
2.7543e+06,5.0416e-06,0.72756,0.00010118,0.015622
2.7894e+06,4.931e-06,0.72199,9.8647e-05,0.016087
2.825e+06,4.8229e-06,0.71644,9.6179e-05,0.016557
2.861e+06,4.7172e-06,0.71093,9.3773e-05,0.017034
2.8975e+06,4.6137e-06,0.70545,9.1427e-05,0.017517
2.9344e+06,4.5126e-06,0.69999,8.914e-05,0.018005
2.9718e+06,4.4136e-06,0.69457,8.691e-05,0.018499
3.0097e+06,4.3092e-06,0.68918,8.4735e-05,0.019
3.0481e+06,4.1855e-06,0.68381,8.2615e-05,0.019505
3.0869e+06,4.0653e-06,0.67848,8.0549e-05,0.020017
3.1263e+06,3.9485e-06,0.67317,7.8533e-05,0.020534
3.1661e+06,3.8351e-06,0.6679,7.6569e-05,0.021056
3.2065e+06,3.725e-06,0.66265,7.4653e-05,0.021585
3.2474e+06,3.618e-06,0.65744,7.2785e-05,0.022118
3.2888e+06,3.5141e-06,0.65225,7.0964e-05,0.022657
3.3307e+06,3.4132e-06,0.64709,6.9189e-05,0.023201
3.3732e+06,3.3152e-06,0.64197,6.7458e-05,0.023751
3.4162e+06,3.22e-06,0.63687,6.577e-05,0.024306
3.4597e+06,3.1275e-06,0.6318,6.4125e-05,0.024866
3.5038e+06,3.0377e-06,0.62676,6.2521e-05,0.025431
3.5485e+06,2.9505e-06,0.62175,6.0957e-05,0.026002
3.5937e+06,2.8658e-06,0.61677,5.9431e-05,0.026577
3.6396e+06,2.7835e-06,0.61182,5.7945e-05,0.027158
3.686e+06,2.7035e-06,0.6069,5.6495e-05,0.027743
3.733e+06,2.6259e-06,0.60201,5.5082e-05,0.028334
3.7805e+06,2.5505e-06,0.59715,5.3704e-05,0.028929
3.8287e+06,2.4773e-06,0.59232,5.236e-05,0.029529
3.8776e+06,2.4061e-06,0.58751,5.105e-05,0.030134
3.927e+06,2.337e-06,0.58274,4.9773e-05,0.030743
3.9771e+06,2.2699e-06,0.57799,4.8528e-05,0.031357
4.0278e+06,2.2047e-06,0.57327,4.7314e-05,0.031976
4.0791e+06,2.1414e-06,0.56859,4.613e-05,0.0326
4.1311e+06,2.0799e-06,0.56393,4.4976e-05,0.033228
4.1838e+06,2.0202e-06,0.5593,4.3851e-05,0.03386
4.2371e+06,1.9622e-06,0.5547,4.2754e-05,0.034497
4.2911e+06,1.9058e-06,0.55012,4.1684e-05,0.035138
4.3458e+06,1.8511e-06,0.54558,4.0641e-05,0.035784
4.4012e+06,1.798e-06,0.54107,3.9624e-05,0.036434
4.4573e+06,1.7463e-06,0.53658,3.8633e-05,0.037088
4.5142e+06,1.6962e-06,0.53212,3.7666e-05,0.037747
4.5717e+06,1.6475e-06,0.52769,3.6724e-05,0.038409
4.63e+06,1.6002e-06,0.52329,3.5805e-05,0.039076
4.689e+06,1.5542e-06,0.51892,3.491e-05,0.039747
4.7488e+06,1.5096e-06,0.51458,3.4036e-05,0.040422
4.8094e+06,1.4662e-06,0.51026,3.3185e-05,0.041101
4.8707e+06,1.4241e-06,0.50597,3.2354e-05,0.041783
4.9328e+06,1.3832e-06,0.50171,3.1545e-05,0.04247
4.9957e+06,1.3435e-06,0.49748,3.0756e-05,0.043161
5.0593e+06,1.3049e-06,0.49328,2.9986e-05,0.043855
5.1238e+06,1.2675e-06,0.4891,2.9236e-05,0.044553
5.1892e+06,1.2311e-06,0.48496,2.8505e-05,0.045255
5.2553e+06,1.1957e-06,0.48084,2.7792e-05,0.04596
5.3223e+06,1.1614e-06,0.47674,2.7096e-05,0.046669
5.3902e+06,1.128e-06,0.47268,2.6418e-05,0.047382
5.4589e+06,1.0956e-06,0.46864,2.5757e-05,0.048098
5.5285e+06,1.0642e-06,0.46463,2.5113e-05,0.048818
5.599e+06,1.0336e-06,0.46065,2.4485e-05,0.049541
5.6703e+06,1.0039e-06,0.45669,2.3872e-05,0.050268
5.7426e+06,9.7509e-07,0.45276,2.3275e-05,0.050998
5.8158e+06,9.4709e-07,0.44886,2.2693e-05,0.051732
5.89e+06,9.1989e-07,0.44499,2.2125e-05,0.052468
5.9651e+06,8.9348e-07,0.44114,2.1571e-05,0.053208
6.0411e+06,8.6782e-07,0.43732,2.1032e-05,0.053951
6.1181e+06,8.429e-07,0.43353,2.0506e-05,0.054698
6.1961e+06,8.187e-07,0.42976,1.9993e-05,0.055447
6.2751e+06,7.9519e-07,0.42602,1.9492e-05,0.0562
6.3551e+06,7.7235e-07,0.42231,1.9005e-05,0.056955
6.4362e+06,7.5017e-07,0.41862,1.8529e-05,0.057714
6.5182e+06,7.2863e-07,0.41496,1.8066e-05,0.058475
6.6013e+06,7.0771e-07,0.41132,1.7614e-05,0.05924
6.6855e+06,6.8738e-07,0.40771,1.7173e-05,0.060007
6.7707e+06,6.6764e-07,0.40413,1.6743e-05,0.060777
6.857e+06,6.4847e-07,0.40057,1.6325e-05,0.06155
6.9444e+06,6.2985e-07,0.39704,1.5916e-05,0.062326
7.033e+06,6.1176e-07,0.39353,1.5518e-05,0.063105
7.1226e+06,5.9419e-07,0.39005,1.513e-05,0.063886
7.2134e+06,5.7713e-07,0.3866,1.4751e-05,0.06467
7.3054e+06,5.6056e-07,0.38317,1.4382e-05,0.065456
7.3985e+06,5.4446e-07,0.37976,1.4022e-05,0.066245
7.4928e+06,5.2883e-07,0.37638,1.3672e-05,0.067037
7.5884e+06,5.1364e-07,0.37303,1.333e-05,0.067831
7.6851e+06,4.9889e-07,0.3697,1.2996e-05,0.068627
7.7831e+06,4.8456e-07,0.36639,1.2671e-05,0.069426
7.8823e+06,4.7065e-07,0.36311,1.2354e-05,0.070227
7.9828e+06,4.5713e-07,0.35985,1.2045e-05,0.071031
8.0846e+06,4.4401e-07,0.35662,1.1743e-05,0.071837
8.1876e+06,4.3126e-07,0.35342,1.145e-05,0.072645
8.292e+06,4.1887e-07,0.35023,1.1163e-05,0.073455
8.3977e+06,4.0684e-07,0.34708,1.0884e-05,0.074268
8.5048e+06,3.9516e-07,0.34394,1.0612e-05,0.075083
8.6132e+06,3.8381e-07,0.34083,1.0346e-05,0.0759
8.723e+06,3.7279e-07,0.33774,1.0087e-05,0.076719
8.8342e+06,3.6209e-07,0.33468,9.835e-06,0.07754
8.9469e+06,3.5169e-07,0.33164,9.5889e-06,0.078363
9.0609e+06,3.4159e-07,0.32862,9.349e-06,0.079188
9.1764e+06,3.3178e-07,0.32563,9.1151e-06,0.080014
9.2934e+06,3.2225e-07,0.32266,8.8871e-06,0.080843
9.4119e+06,3.13e-07,0.31971,8.6647e-06,0.081674
9.5319e+06,3.0401e-07,0.31679,8.448e-06,0.082506
9.6534e+06,2.9528e-07,0.31389,8.2366e-06,0.083341
9.7765e+06,2.868e-07,0.31101,8.0306e-06,0.084177
9.9011e+06,2.7856e-07,0.30815,7.8296e-06,0.085014
1.0027e+07,2.7057e-07,0.30532,7.6338e-06,0.085854
1.0155e+07,2.628e-07,0.30251,7.4428e-06,0.086695
1.0285e+07,2.5525e-07,0.29972,7.2566e-06,0.087537
1.0416e+07,2.4792e-07,0.29696,7.075e-06,0.088382
1.0549e+07,2.408e-07,0.29421,6.898e-06,0.089227
1.0683e+07,2.3389e-07,0.29149,6.7254e-06,0.090075
1.0819e+07,2.2717e-07,0.28879,6.5572e-06,0.090924
1.0957e+07,2.2065e-07,0.28611,6.3931e-06,0.091774
1.1097e+07,2.1431e-07,0.28345,6.2332e-06,0.092625
1.1238e+07,2.0815e-07,0.28082,6.0773e-06,0.093478
1.1382e+07,2.0218e-07,0.2782,5.9252e-06,0.094333
1.1527e+07,1.9637e-07,0.27561,5.777e-06,0.095189
1.1674e+07,1.9073e-07,0.27304,5.6324e-06,0.096045
1.1822e+07,1.8526e-07,0.27048,5.4915e-06,0.096904
1.1973e+07,1.7994e-07,0.26795,5.3541e-06,0.097763
1.2126e+07,1.7477e-07,0.26544,5.2202e-06,0.098624
1.228e+07,1.6975e-07,0.26295,5.0896e-06,0.099485
1.2437e+07,1.6488e-07,0.26048,4.9623e-06,0.10035
1.2596e+07,1.6014e-07,0.25804,4.8381e-06,0.10121
1.2756e+07,1.5554e-07,0.25561,4.7171e-06,0.10208
1.2919e+07,1.5108e-07,0.2532,4.5991e-06,0.10294
1.3083e+07,1.4674e-07,0.25081,4.484e-06,0.10381
1.325e+07,1.4252e-07,0.24844,4.3718e-06,0.10468
1.3419e+07,1.3843e-07,0.24609,4.2625e-06,0.10555
1.359e+07,1.3446e-07,0.24376,4.1558e-06,0.10642
1.3764e+07,1.3059e-07,0.24145,4.0518e-06,0.10729
1.3939e+07,1.2684e-07,0.23916,3.9505e-06,0.10816
1.4117e+07,1.232e-07,0.23689,3.8516e-06,0.10903
1.4297e+07,1.1966e-07,0.23464,3.7553e-06,0.1099
1.4479e+07,1.1623e-07,0.23241,3.6613e-06,0.11078
1.4664e+07,1.1289e-07,0.23019,3.5697e-06,0.11165
1.485e+07,1.0965e-07,0.228,3.4804e-06,0.11253
1.504e+07,1.065e-07,0.22582,3.3933e-06,0.1134
1.5232e+07,1.0344e-07,0.22366,3.3085e-06,0.11428
1.5426e+07,1.0047e-07,0.22152,3.2257e-06,0.11516
1.5622e+07,9.7585e-08,0.2194,3.145e-06,0.11603
1.5822e+07,9.4783e-08,0.21729,3.0663e-06,0.11691
1.6023e+07,9.2061e-08,0.21521,2.9896e-06,0.11779
1.6228e+07,8.9417e-08,0.21314,2.9148e-06,0.11867
1.6434e+07,8.685e-08,0.21109,2.8419e-06,0.11955
1.6644e+07,8.4356e-08,0.20906,2.7708e-06,0.12043
1.6856e+07,8.1933e-08,0.20704,2.7015e-06,0.12131
1.7071e+07,7.958e-08,0.20505,2.6339e-06,0.12219
1.7289e+07,7.7295e-08,0.20307,2.568e-06,0.12307
1.7509e+07,7.5076e-08,0.2011,2.5037e-06,0.12395
1.7732e+07,7.292e-08,0.19916,2.4411e-06,0.12484
1.7958e+07,7.0826e-08,0.19723,2.38e-06,0.12572
1.8187e+07,6.8792e-08,0.19532,2.3205e-06,0.1266
1.8419e+07,6.6816e-08,0.19342,2.2624e-06,0.12748
1.8654e+07,6.4898e-08,0.19154,2.2058e-06,0.12836
1.8892e+07,6.3034e-08,0.18968,2.1506e-06,0.12925
1.9133e+07,6.1224e-08,0.18783,2.0968e-06,0.13013
1.9377e+07,5.9466e-08,0.186,2.0444e-06,0.13101
1.9624e+07,5.7758e-08,0.18419,1.9932e-06,0.13189
1.9874e+07,5.6099e-08,0.18239,1.9434e-06,0.13278
