# 1DMC-N photon cross sections for Cd (Z=48), barn/atom
#grid 600 10000 2e+07
#Z 48
#atomic_weight 112.41400
E_eV,photo,incoh,coh,pair
10064,22339,11.651,476.74,0
10192,21576,11.751,471.01,0
10322,20838,11.852,465.33,0
10453,20126,11.953,459.69,0
10587,19438,12.053,454.1,0
10722,18774,12.154,448.56,0
10858,18133,12.254,443.05,0
10997,17513,12.354,437.59,0
11137,16914,12.454,432.17,0
11279,16336,12.554,426.79,0
11423,15778,12.654,421.45,0
11568,15239,12.754,416.14,0
11716,14718,12.854,410.88,0
11865,14215,12.953,405.65,0
12016,13729,13.052,400.46,0
12170,13260,13.151,395.3,0
12325,12807,13.25,390.18,0
12482,12369,13.349,385.09,0
12641,11947,13.447,380.03,0
12802,11538,13.546,375.01,0
12965,11144,13.644,370.03,0
13131,10763,13.741,365.07,0
13298,10395,13.839,360.15,0
13468,10040,13.936,355.26,0
13639,9697.1,14.033,350.4,0
13813,9365.7,14.13,345.57,0
13989,9045.6,14.226,340.78,0
14168,8736.5,14.322,336.01,0
14348,8437.9,14.418,331.28,0
14531,8149.6,14.513,326.57,0
14716,7871.1,14.608,321.9,0
14904,7602.1,14.703,317.25,0
15094,7340.3,14.797,312.64,0
15286,7085.4,14.891,308.06,0
15481,6839.4,14.984,303.5,0
15679,6602,15.078,298.98,0
15879,6372.8,15.17,294.5,0
16081,6151.5,15.263,290.05,0
16286,5938,15.355,285.63,0
16494,5731.8,15.447,281.25,0
16704,5532.8,15.538,276.91,0
16917,5340.8,15.629,272.6,0
17133,5155.3,15.719,268.33,0
17351,4976.4,15.809,264.11,0
17572,4803.6,15.899,259.92,0
17796,4636.8,15.988,255.77,0
18023,4475.8,16.077,251.66,0
18253,4320.5,16.165,247.59,0
18486,4170.5,16.253,243.57,0
18721,4025.7,16.341,239.59,0
18960,3885.9,16.428,235.64,0
19202,3751,16.514,231.75,0
19446,3620.8,16.601,227.89,0
19694,3495.1,16.687,224.08,0
19945,3373.7,16.772,220.31,0
20200,3255.6,16.857,216.59,0
20457,3141.3,16.942,212.91,0
20718,3031,17.026,209.28,0
20982,2924.5,17.11,205.69,0
21250,2821.8,17.193,202.15,0
21521,2722.8,17.276,198.65,0
21795,2627.1,17.359,195.2,0
22073,2534.9,17.44,191.8,0
22354,2445.9,17.522,188.44,0
22639,2360,17.603,185.13,0
22928,2277.1,17.683,181.86,0
23220,2197.2,17.763,178.65,0
23516,2120,17.842,175.47,0
23816,2045.6,17.921,172.35,0
24120,1973.8,17.999,169.27,0
24427,1904.5,18.076,166.24,0
24738,1837.6,18.153,163.26,0
25054,1773.1,18.229,160.32,0
25373,1710.8,18.305,157.43,0
25697,1650.7,18.38,154.58,0
26024,1592.8,18.454,151.78,0
26356,1536.8,18.528,149.02,0
26692,1482.9,18.601,146.32,0
27032,9007.3,18.673,143.65,0
27377,8718.7,18.745,141.03,0
27726,8439.2,18.816,138.46,0
28080,8168.5,18.886,135.93,0
28438,7906.3,18.956,133.44,0
28800,7652.2,19.024,131,0
29167,7406.1,19.092,128.6,0
29539,7167.6,19.159,126.24,0
29916,6936.5,19.226,123.92,0
30297,6712.2,19.291,121.65,0
30683,6494.8,19.356,119.41,0
31074,6284.1,19.42,117.22,0
31471,6079.9,19.484,115.06,0
31872,5882,19.546,112.95,0
32278,5690.2,19.608,110.87,0
32690,5504.4,19.668,108.83,0
33106,5324.3,19.728,106.82,0
33528,5149.7,19.787,104.85,0
33956,4980.7,19.846,102.91,0
34389,4816.8,19.903,101,0
34827,4658.1,19.96,99.131,0
35271,4504.4,20.015,97.29,0
35721,4355.5,20.07,95.48,0
36176,4211.2,20.124,93.701,0
36638,4071.5,20.177,91.952,0
37105,3936.1,20.229,90.232,0
37578,3805,20.281,88.54,0
38057,3678.1,20.331,86.877,0
38542,3555.2,20.381,85.241,0
39033,3436.1,20.429,83.632,0
39531,3320.9,20.477,82.049,0
40035,3209.3,20.524,80.493,0
40545,3101.3,20.57,78.962,0
41062,2996.7,20.615,77.456,0
41586,2895.5,20.659,75.975,0
42116,2797.6,20.702,74.518,0
42653,2702.8,20.744,73.085,0
43196,2611.1,20.786,71.675,0
43747,2522.4,20.826,70.288,0
44305,2436.6,20.865,68.924,0
44870,2353.6,20.904,67.582,0
45442,2273.3,20.941,66.262,0
46021,2195.6,20.977,64.963,0
46608,2120.5,21.013,63.686,0
47202,2047.9,21.047,62.43,0
47804,1977.7,21.081,61.194,0
48413,1909.9,21.113,59.979,0
49030,1844.3,21.144,58.783,0
49655,1780.9,21.175,57.608,0
50289,1719.6,21.204,56.451,0
50930,1660.4,21.232,55.313,0
51579,1603.1,21.259,54.195,0
52236,1547.8,21.285,53.095,0
52902,1494.4,21.31,52.014,0
53577,1442.7,21.334,50.952,0
54260,1392.8,21.357,49.908,0
54952,1344.6,21.379,48.882,0
55652,1298,21.4,47.875,0
56362,1253,21.42,46.885,0
57080,1209.5,21.438,45.912,0
57808,1167.5,21.456,44.958,0
58545,1126.9,21.472,44.02,0
59291,1087.6,21.487,43.1,0
60047,1049.7,21.502,42.196,0
60813,1013.1,21.515,41.309,0
61588,977.74,21.527,40.439,0
62373,943.58,21.538,39.585,0
63168,910.58,21.548,38.747,0
63974,878.7,21.556,37.925,0
64789,847.91,21.564,37.119,0
65615,818.18,21.571,36.328,0
66452,789.46,21.576,35.553,0
67299,761.73,21.58,34.792,0
68157,734.95,21.584,34.047,0
69026,709.08,21.586,33.317,0
69906,684.11,21.587,32.6,0
70797,660,21.587,31.899,0
71700,636.72,21.586,31.211,0
72614,614.24,21.584,30.537,0
73539,592.55,21.58,29.877,0
74477,571.6,21.576,29.23,0
75426,551.38,21.57,28.597,0
76388,531.85,21.564,27.977,0
77362,513.01,21.556,27.369,0
78348,494.82,21.548,26.774,0
79347,477.27,21.538,26.192,0
80359,460.33,21.527,25.622,0
81383,443.97,21.515,25.063,0
82421,428.18,21.502,24.517,0
83471,412.95,21.488,23.982,0
84536,398.25,21.473,23.458,0
85613,384.07,21.456,22.946,0
86705,370.38,21.439,22.444,0
87810,357.17,21.421,21.953,0
88930,344.43,21.402,21.472,0
90063,332.13,21.382,21.002,0
91211,320.27,21.361,20.542,0
92374,308.82,21.339,20.091,0
93552,297.78,21.316,19.65,0
94745,287.13,21.292,19.218,0
95953,276.85,21.267,18.796,0
97176,266.94,21.242,18.382,0
98415,257.37,21.215,17.978,0
99669,248.15,21.188,17.582,0
1.0094e+05,239.25,21.16,17.195,0
1.0223e+05,230.67,21.131,16.815,0
1.0353e+05,222.39,21.101,16.444,0
1.0485e+05,214.41,21.07,16.081,0
1.0619e+05,206.71,21.039,15.726,0
1.0754e+05,199.29,21.007,15.378,0
1.0891e+05,192.13,20.974,15.038,0
1.103e+05,185.22,20.94,14.705,0
1.1171e+05,178.56,20.905,14.379,0
1.1313e+05,172.14,20.87,14.06,0
1.1457e+05,165.94,20.834,13.748,0
1.1603e+05,159.97,20.797,13.443,0
1.1751e+05,154.21,20.759,13.144,0
1.1901e+05,148.66,20.721,12.852,0
1.2053e+05,143.31,20.682,12.565,0
1.2206e+05,138.15,20.642,12.285,0
1.2362e+05,133.17,20.602,12.011,0
1.252e+05,128.37,20.561,11.743,0
1.2679e+05,123.74,20.519,11.48,0
1.2841e+05,119.28,20.476,11.223,0
1.3005e+05,114.99,20.433,10.972,0
1.317e+05,110.84,20.389,10.726,0
1.3338e+05,106.84,20.344,10.485,0
1.3508e+05,102.99,20.299,10.249,0
1.3681e+05,99.279,20.253,10.019,0
1.3855e+05,95.699,20.206,9.7929,0
1.4032e+05,92.249,20.159,9.5721,0
1.4211e+05,88.923,20.111,9.3559,0
1.4392e+05,85.717,20.063,9.1445,0
1.4575e+05,82.626,20.014,8.9375,0
1.4761e+05,79.648,19.964,8.735,0
1.4949e+05,76.777,19.914,8.5369,0
1.514e+05,74.009,19.863,8.343,0
1.5333e+05,71.342,19.812,8.1532,0
1.5528e+05,68.771,19.76,7.9676,0
1.5726e+05,66.293,19.708,7.7859,0
1.5927e+05,63.905,19.655,7.6082,0
1.613e+05,61.603,19.601,7.4343,0
1.6335e+05,59.385,19.547,7.2642,0
1.6544e+05,57.247,19.493,7.0978,0
1.6755e+05,55.186,19.438,6.935,0
1.6968e+05,53.201,19.382,6.7757,0
1.7184e+05,51.287,19.326,6.6199,0
1.7404e+05,49.442,19.269,6.4675,0
1.7625e+05,47.665,19.212,6.3184,0
1.785e+05,45.951,19.155,6.1726,0
1.8078e+05,44.3,19.097,6.03,0
1.8308e+05,42.709,19.039,5.8906,0
1.8542e+05,41.176,18.98,5.7542,0
1.8778e+05,39.698,18.921,5.6208,0
1.9017e+05,38.274,18.861,5.4903,0
1.926e+05,36.902,18.801,5.3627,0
1.9505e+05,35.579,18.741,5.238,0
1.9754e+05,34.305,18.68,5.116,0
2.0006e+05,33.076,18.619,4.9967,0
2.0261e+05,31.892,18.558,4.8801,0
2.0519e+05,30.751,18.496,4.766,0
2.0781e+05,29.652,18.434,4.6545,0
2.1046e+05,28.592,18.371,4.5455,0
2.1314e+05,27.571,18.309,4.4389,0
2.1586e+05,26.587,18.246,4.3347,0
2.1861e+05,25.639,18.182,4.2328,0
2.214e+05,24.725,18.118,4.1333,0
2.2422e+05,23.845,18.054,4.036,0
2.2708e+05,22.997,17.99,3.9409,0
2.2997e+05,22.179,17.925,3.8479,0
2.329e+05,21.392,17.861,3.7571,0
2.3587e+05,20.633,17.796,3.6683,0
2.3888e+05,19.901,17.73,3.5816,0
2.4193e+05,19.197,17.665,3.4968,0
2.4501e+05,18.518,17.599,3.414,0
2.4813e+05,17.863,17.533,3.333,0
2.513e+05,17.233,17.466,3.254,0
2.545e+05,16.625,17.4,3.1767,0
2.5775e+05,16.04,17.333,3.1012,0
2.6103e+05,15.476,17.266,3.0275,0
2.6436e+05,14.932,17.199,2.9554,0
2.6773e+05,14.409,17.132,2.8851,0
2.7114e+05,13.904,17.064,2.8163,0
2.746e+05,13.417,16.997,2.7492,0
2.781e+05,12.949,16.929,2.6836,0
2.8165e+05,12.497,16.861,2.6195,0
2.8524e+05,12.062,16.793,2.557,0
2.8887e+05,11.642,16.725,2.4959,0
2.9255e+05,11.238,16.656,2.4362,0
2.9628e+05,10.849,16.588,2.3779,0
3.0006e+05,10.473,16.519,2.321,0
3.0389e+05,10.112,16.451,2.2654,0
3.0776e+05,9.7629,16.382,2.2112,0
3.1169e+05,9.4268,16.313,2.1582,0
3.1566e+05,9.103,16.244,2.1064,0
3.1968e+05,8.7908,16.175,2.0559,0
3.2376e+05,8.4898,16.106,2.0065,0
3.2789e+05,8.1997,16.036,1.9584,0
3.3207e+05,7.9201,15.967,1.9113,0
3.363e+05,7.6505,15.898,1.8654,0
3.4059e+05,7.3906,15.828,1.8205,0
3.4493e+05,7.14,15.758,1.7767,0
3.4933e+05,6.8984,15.689,1.7339,0
3.5378e+05,6.6654,15.619,1.6922,0
3.5829e+05,6.4408,15.549,1.6514,0
3.6286e+05,6.2241,15.479,1.6115,0
3.6748e+05,6.0152,15.41,1.5727,0
3.7217e+05,5.8138,15.34,1.5347,0
3.7691e+05,5.6195,15.27,1.4976,0
3.8172e+05,5.4321,15.2,1.4614,0
3.8659e+05,5.2514,15.129,1.4261,0
3.9151e+05,5.0771,15.059,1.3916,0
3.9651e+05,4.9089,14.989,1.3579,0
4.0156e+05,4.7467,14.919,1.325,0
4.0668e+05,4.5903,14.849,1.2929,0
4.1186e+05,4.4393,14.778,1.2615,0
4.1711e+05,4.2937,14.708,1.2309,0
4.2243e+05,4.1532,14.638,1.201,0
4.2782e+05,4.0177,14.568,1.1719,0
4.3327e+05,3.8869,14.498,1.1434,0
4.388e+05,3.7607,14.428,1.1156,0
4.4439e+05,3.639,14.357,1.0884,0
4.5006e+05,3.5215,14.288,1.062,0
4.5579e+05,3.4081,14.218,1.0361,0
4.616e+05,3.2987,14.148,1.0109,0
4.6749e+05,3.1931,14.078,0.98624,0
4.7345e+05,3.0912,14.009,0.9622,0
4.7948e+05,2.9929,13.939,0.93874,0
4.856e+05,2.898,13.87,0.91584,0
4.9179e+05,2.8063,13.801,0.89349,0
4.9806e+05,2.7179,13.732,0.87169,0
5.0441e+05,2.6399,13.662,0.85004,0
5.1084e+05,2.5673,13.592,0.82878,0
5.1735e+05,2.4968,13.521,0.80804,0
5.2395e+05,2.4281,13.451,0.78783,0
5.3063e+05,2.3614,13.381,0.76812,0
5.3739e+05,2.2965,13.311,0.7489,0
5.4424e+05,2.2334,13.242,0.73016,0
5.5118e+05,2.172,13.172,0.7119,0
5.5821e+05,2.1123,13.103,0.69409,0
5.6532e+05,2.0542,13.033,0.67672,0
5.7253e+05,1.9978,12.964,0.65979,0
5.7983e+05,1.9429,12.895,0.64328,0
5.8722e+05,1.8895,12.826,0.62719,0
5.9471e+05,1.8375,12.757,0.6115,0
6.0229e+05,1.787,12.689,0.5962,0
6.0997e+05,1.7379,12.62,0.58128,0
6.1774e+05,1.6901,12.552,0.56674,0
6.2562e+05,1.6437,12.484,0.55256,0
6.336e+05,1.5985,12.416,0.53874,0
6.4167e+05,1.5546,12.348,0.52526,0
6.4985e+05,1.5119,12.28,0.51212,0
6.5814e+05,1.4703,12.213,0.49931,0
6.6653e+05,1.4299,12.145,0.48682,0
6.7503e+05,1.3906,12.078,0.47464,0
6.8363e+05,1.3524,12.011,0.46276,0
6.9235e+05,1.3152,11.944,0.45118,0
7.0117e+05,1.279,11.877,0.4399,0
7.1011e+05,1.2439,11.811,0.42889,0
7.1917e+05,1.2097,11.744,0.41816,0
7.2833e+05,1.1765,11.678,0.4077,0
7.3762e+05,1.1441,11.612,0.3975,0
7.4702e+05,1.1127,11.546,0.38756,0
7.5655e+05,1.0821,11.48,0.37786,0
7.6619e+05,1.0524,11.414,0.36841,0
7.7596e+05,1.0234,11.349,0.35919,0
7.8585e+05,0.9953,11.284,0.3502,0
7.9587e+05,0.96794,11.219,0.34144,0
8.0602e+05,0.94134,11.154,0.3329,0
8.1629e+05,0.91547,11.089,0.32457,0
8.267e+05,0.8903,11.024,0.31645,0
8.3724e+05,0.86583,10.96,0.30853,0
8.4791e+05,0.84204,10.896,0.30082,0
8.5872e+05,0.81889,10.832,0.29329,0
8.6967e+05,0.79638,10.768,0.28595,0
8.8076e+05,0.7745,10.704,0.2788,0
8.9199e+05,0.75321,10.641,0.27182,0
9.0336e+05,0.73251,10.577,0.26502,0
9.1488e+05,0.71237,10.514,0.25839,0
9.2654e+05,0.69279,10.451,0.25193,0
9.3835e+05,0.67375,10.389,0.24562,0
9.5031e+05,0.65523,10.326,0.23948,0
9.6243e+05,0.63722,10.264,0.23349,0
9.747e+05,0.61971,10.201,0.22765,0
9.8713e+05,0.60268,10.139,0.22195,0
9.9971e+05,0.58611,10.078,0.2164,0
1.0125e+06,0.57319,10.016,0.21098,0
1.0254e+06,0.56062,9.9545,0.20571,7.5706e-06
1.0384e+06,0.54833,9.8932,0.20056,0.00018067
1.0517e+06,0.53631,9.8322,0.19554,0.00058892
1.0651e+06,0.52455,9.7713,0.19065,0.0012413
1.0787e+06,0.51305,9.7106,0.18588,0.002147
1.0924e+06,0.5018,9.6502,0.18123,0.0033156
1.1063e+06,0.4908,9.5899,0.1767,0.0047569
1.1204e+06,0.48003,9.5298,0.17228,0.006481
1.1347e+06,0.46951,9.4699,0.16797,0.0084982
1.1492e+06,0.45922,9.4102,0.16376,0.010819
1.1638e+06,0.44915,9.3507,0.15967,0.013455
1.1787e+06,0.4393,9.2914,0.15567,0.016417
1.1937e+06,0.42967,9.2323,0.15178,0.019717
1.2089e+06,0.42025,9.1735,0.14798,0.023367
1.2243e+06,0.41103,9.1148,0.14428,0.027379
1.2399e+06,0.40202,9.0563,0.14067,0.031767
1.2558e+06,0.39321,8.998,0.13715,0.036542
1.2718e+06,0.38459,8.9399,0.13372,0.041718
1.288e+06,0.37615,8.8821,0.13037,0.04731
1.3044e+06,0.36791,8.8244,0.12711,0.053332
1.321e+06,0.35984,8.7669,0.12393,0.059798
1.3379e+06,0.35195,8.7097,0.12083,0.066723
1.3549e+06,0.34423,8.6526,0.11781,0.074124
1.3722e+06,0.33669,8.5958,0.11486,0.082015
1.3897e+06,0.3293,8.5392,0.11199,0.090413
1.4074e+06,0.32208,8.4827,0.10918,0.099336
1.4254e+06,0.31502,8.4265,0.10645,0.1088
1.4435e+06,0.30811,8.3705,0.10379,0.11882
1.4619e+06,0.30136,8.3147,0.10119,0.12943
1.4806e+06,0.29475,8.2592,0.098662,0.14063
1.4994e+06,0.28829,8.2038,0.096193,0.15244
1.5186e+06,0.28197,8.1487,0.093787,0.16406
1.5379e+06,0.27579,8.0937,0.09144,0.17604
1.5575e+06,0.26974,8.039,0.089153,0.18839
1.5774e+06,0.26383,7.9845,0.086922,0.20111
1.5975e+06,0.25804,7.9302,0.084748,0.2142
1.6179e+06,0.25238,7.8762,0.082627,0.22766
1.6385e+06,0.24685,7.8223,0.08056,0.24148
1.6594e+06,0.24144,7.7687,0.078545,0.25566
1.6805e+06,0.23614,7.7152,0.07658,0.27019
1.7019e+06,0.23097,7.6621,0.074664,0.28509
1.7236e+06,0.2259,7.6091,0.072796,0.30033
1.7456e+06,0.22095,7.5563,0.070975,0.31593
1.7679e+06,0.2161,7.5038,0.069199,0.33187
1.7904e+06,0.21137,7.4515,0.067468,0.34815
1.8132e+06,0.20673,7.3994,0.06578,0.36477
1.8364e+06,0.2022,7.3475,0.064134,0.38174
1.8598e+06,0.19777,7.2959,0.06253,0.39903
1.8835e+06,0.19343,7.2444,0.060965,0.41666
1.9075e+06,0.18919,7.1932,0.05944,0.43462
1.9318e+06,0.18504,7.1423,0.057953,0.45291
1.9564e+06,0.18098,7.0915,0.056503,0.47152
1.9814e+06,0.17702,7.041,0.05509,0.49045
2.0066e+06,0.17313,6.9907,0.053711,0.5097
2.0322e+06,0.16934,6.9406,0.052368,0.52927
2.0581e+06,0.16563,6.8908,0.051057,0.54915
2.0844e+06,0.16199,6.8411,0.04978,0.56935
2.1109e+06,0.15844,6.7917,0.048535,0.58985
2.1378e+06,0.15497,6.7426,0.04732,0.61065
2.1651e+06,0.15157,6.6936,0.046137,0.63176
2.1927e+06,0.14825,6.6449,0.044982,0.65317
2.2207e+06,0.145,6.5965,0.043857,0.67488
2.249e+06,0.14182,6.5482,0.04276,0.69688
2.2776e+06,0.13871,6.5002,0.04169,0.71917
2.3067e+06,0.13567,6.4524,0.040647,0.74176
2.3361e+06,0.13269,6.4048,0.03963,0.76463
2.3659e+06,0.12978,6.3575,0.038639,0.78779
2.396e+06,0.12694,6.3104,0.037672,0.81123
2.4266e+06,0.12416,6.2635,0.036729,0.83495
2.4575e+06,0.12143,6.2169,0.035811,0.85894
2.4888e+06,0.11877,6.1705,0.034915,0.88321
2.5206e+06,0.11617,6.1243,0.034041,0.90775
2.5527e+06,0.11362,6.0784,0.03319,0.93257
2.5853e+06,0.11113,6.0326,0.032359,0.95765
2.6182e+06,0.10869,5.9872,0.03155,0.98299
2.6516e+06,0.10631,5.9419,0.03076,1.0086
2.6854e+06,0.10398,5.8969,0.029991,1.0345
2.7196e+06,0.1017,5.8521,0.02924,1.0606
2.7543e+06,0.099468,5.8076,0.028509,1.087
2.7894e+06,0.097287,5.7632,0.027796,1.1136
2.825e+06,0.095154,5.7192,0.0271,1.1405
2.861e+06,0.093068,5.6753,0.026422,1.1676
2.8975e+06,0.091027,5.6317,0.025761,1.195
2.9344e+06,0.089032,5.5883,0.025117,1.2226
2.9718e+06,0.08708,5.5452,0.024488,1.2504
3.0097e+06,0.085019,5.5022,0.023876,1.2785
3.0481e+06,0.082578,5.4595,0.023278,1.3069
3.0869e+06,0.080206,5.4171,0.022696,1.3354
3.1263e+06,0.077903,5.3749,0.022128,1.3642
3.1661e+06,0.075666,5.3329,0.021575,1.3932
3.2065e+06,0.073493,5.2911,0.021035,1.4225
3.2474e+06,0.071383,5.2496,0.020509,1.452
3.2888e+06,0.069333,5.2083,0.019996,1.4816
3.3307e+06,0.067342,5.1673,0.019495,1.5116
3.3732e+06,0.065408,5.1264,0.019008,1.5417
3.4162e+06,0.06353,5.0859,0.018532,1.572
3.4597e+06,0.061705,5.0455,0.018068,1.6026
3.5038e+06,0.059934,5.0054,0.017616,1.6333
3.5485e+06,0.058212,4.9655,0.017176,1.6643
3.5937e+06,0.056541,4.9258,0.016746,1.6955
3.6396e+06,0.054917,4.8864,0.016327,1.7269
3.686e+06,0.05334,4.8472,0.015918,1.7584
3.733e+06,0.051808,4.8082,0.01552,1.7902
3.7805e+06,0.050321,4.7695,0.015132,1.8222
3.8287e+06,0.048876,4.731,0.014753,1.8544
3.8776e+06,0.047472,4.6927,0.014384,1.8867
3.927e+06,0.046109,4.6546,0.014024,1.9193
3.9771e+06,0.044785,4.6168,0.013674,1.952
4.0278e+06,0.043499,4.5792,0.013331,1.985
4.0791e+06,0.04225,4.5419,0.012998,2.0181
4.1311e+06,0.041036,4.5048,0.012673,2.0514
4.1838e+06,0.039858,4.4679,0.012356,2.0848
4.2371e+06,0.038713,4.4312,0.012047,2.1185
4.2911e+06,0.037602,4.3947,0.011745,2.1523
4.3458e+06,0.036522,4.3585,0.011451,2.1863
4.4012e+06,0.035473,4.3225,0.011165,2.2204
4.4573e+06,0.034454,4.2868,0.010886,2.2548
4.5142e+06,0.033465,4.2512,0.010613,2.2893
4.5717e+06,0.032504,4.2159,0.010348,2.3239
4.63e+06,0.031571,4.1808,0.010089,2.3588
4.689e+06,0.030664,4.146,0.0098364,2.3937
4.7488e+06,0.029783,4.1113,0.0095903,2.4289
4.8094e+06,0.028928,4.0769,0.0093504,2.4642
4.8707e+06,0.028097,4.0427,0.0091165,2.4996
4.9328e+06,0.027291,4.0087,0.0088884,2.5352
4.9957e+06,0.026507,3.975,0.008666,2.571
5.0593e+06,0.025746,3.9415,0.0084492,2.6069
5.1238e+06,0.025006,3.9082,0.0082378,2.6429
5.1892e+06,0.024288,3.8751,0.0080317,2.6791
5.2553e+06,0.023591,3.8422,0.0078308,2.7155
5.3223e+06,0.022913,3.8096,0.0076349,2.7519
5.3902e+06,0.022255,3.7771,0.0074439,2.7886
5.4589e+06,0.021616,3.7449,0.0072576,2.8253
5.5285e+06,0.020996,3.7129,0.0070761,2.8622
5.599e+06,0.020393,3.6812,0.006899,2.8992
5.6703e+06,0.019807,3.6496,0.0067264,2.9363
5.7426e+06,0.019238,3.6183,0.0065581,2.9736
5.8158e+06,0.018686,3.5871,0.0063941,3.011
5.89e+06,0.018149,3.5562,0.0062341,3.0485
5.9651e+06,0.017628,3.5255,0.0060781,3.0862
6.0411e+06,0.017122,3.495,0.0059261,3.1239
6.1181e+06,0.01663,3.4648,0.0057778,3.1618
6.1961e+06,0.016153,3.4347,0.0056333,3.1998
6.2751e+06,0.015689,3.4048,0.0054923,3.2379
6.3551e+06,0.015238,3.3752,0.0053549,3.2762
6.4362e+06,0.014801,3.3458,0.005221,3.3145
6.5182e+06,0.014376,3.3165,0.0050903,3.3529
6.6013e+06,0.013963,3.2875,0.004963,3.3915
6.6855e+06,0.013562,3.2587,0.0048388,3.4302
6.7707e+06,0.013172,3.2301,0.0047178,3.4689
6.857e+06,0.012794,3.2017,0.0045997,3.5078
6.9444e+06,0.012427,3.1735,0.0044847,3.5468
7.033e+06,0.01207,3.1455,0.0043725,3.5858
7.1226e+06,0.011723,3.1177,0.0042631,3.625
7.2134e+06,0.011387,3.0901,0.0041564,3.6642
7.3054e+06,0.01106,3.0628,0.0040524,3.7036
7.3985e+06,0.010742,3.0356,0.0039511,3.743
7.4928e+06,0.010434,3.0086,0.0038522,3.7826
7.5884e+06,0.010134,2.9818,0.0037558,3.8222
7.6851e+06,0.0098429,2.9552,0.0036619,3.8619
7.7831e+06,0.0095603,2.9288,0.0035703,3.9017
7.8823e+06,0.0092858,2.9026,0.0034809,3.9416
7.9828e+06,0.0090191,2.8766,0.0033938,3.9815
8.0846e+06,0.0087601,2.8508,0.0033089,4.0215
8.1876e+06,0.0085085,2.8252,0.0032262,4.0616
8.292e+06,0.0082642,2.7998,0.0031454,4.1018
8.3977e+06,0.0080269,2.7746,0.0030667,4.1421
8.5048e+06,0.0077964,2.7495,0.00299,4.1824
8.6132e+06,0.0075725,2.7247,0.0029152,4.2228
8.723e+06,0.007355,2.7,0.0028423,4.2633
8.8342e+06,0.0071438,2.6756,0.0027712,4.3038
8.9469e+06,0.0069387,2.6513,0.0027018,4.3444
9.0609e+06,0.0067394,2.6272,0.0026343,4.3851
9.1764e+06,0.0065459,2.6033,0.0025683,4.4258
9.2934e+06,0.0063579,2.5796,0.0025041,4.4666
9.4119e+06,0.0061754,2.556,0.0024414,4.5075
9.5319e+06,0.005998,2.5327,0.0023804,4.5484
9.6534e+06,0.0058258,2.5095,0.0023208,4.5894
9.7765e+06,0.0056585,2.4865,0.0022628,4.6304
9.9011e+06,0.005496,2.4637,0.0022061,4.6715
1.0027e+07,0.0053382,2.4411,0.0021509,4.7126
1.0155e+07,0.0051849,2.4186,0.0020971,4.7538
1.0285e+07,0.005036,2.3964,0.0020447,4.795
1.0416e+07,0.0048914,2.3743,0.0019935,4.8363
1.0549e+07,0.0047509,2.3523,0.0019436,4.8776
1.0683e+07,0.0046145,2.3306,0.001895,4.9189
1.0819e+07,0.004482,2.309,0.0018476,4.9603
1.0957e+07,0.0043533,2.2876,0.0018014,5.0018
1.1097e+07,0.0042282,2.2664,0.0017563,5.0433
1.1238e+07,0.0041068,2.2453,0.0017124,5.0848
1.1382e+07,0.0039889,2.2244,0.0016695,5.1263
1.1527e+07,0.0038743,2.2037,0.0016278,5.1679
1.1674e+07,0.0037631,2.1831,0.001587,5.2096
1.1822e+07,0.003655,2.1628,0.0015473,5.2512
1.1973e+07,0.0035501,2.1425,0.0015086,5.2929
1.2126e+07,0.0034481,2.1225,0.0014709,5.3346
1.228e+07,0.0033491,2.1026,0.0014341,5.3764
1.2437e+07,0.0032529,2.0828,0.0013982,5.4181
1.2596e+07,0.0031595,2.0633,0.0013632,5.4599
1.2756e+07,0.0030688,2.0439,0.0013291,5.5018
1.2919e+07,0.0029807,2.0246,0.0012959,5.5436
1.3083e+07,0.0028951,2.0055,0.0012634,5.5855
1.325e+07,0.0028119,1.9866,0.0012318,5.6273
1.3419e+07,0.0027312,1.9678,0.001201,5.6692
1.359e+07,0.0026528,1.9492,0.001171,5.7111
1.3764e+07,0.0025766,1.9308,0.0011417,5.7531
1.3939e+07,0.0025026,1.9125,0.0011131,5.795
1.4117e+07,0.0024307,1.8943,0.0010853,5.837
1.4297e+07,0.0023609,1.8763,0.0010581,5.8789
1.4479e+07,0.0022931,1.8585,0.0010316,5.9209
1.4664e+07,0.0022273,1.8408,0.0010058,5.9629
1.485e+07,0.0021633,1.8232,0.00098067,6.0049
1.504e+07,0.0021012,1.8058,0.00095614,6.0469
1.5232e+07,0.0020409,1.7886,0.00093222,6.0889
1.5426e+07,0.0019822,1.7715,0.00090889,6.1309
1.5622e+07,0.0019253,1.7545,0.00088616,6.1729
1.5822e+07,0.00187,1.7377,0.00086399,6.2149
1.6023e+07,0.0018163,1.721,0.00084237,6.2569
1.6228e+07,0.0017642,1.7045,0.0008213,6.2989
1.6434e+07,0.0017135,1.6881,0.00080075,6.3409
1.6644e+07,0.0016643,1.6718,0.00078072,6.3829
1.6856e+07,0.0016165,1.6557,0.00076118,6.4249
1.7071e+07,0.0015701,1.6398,0.00074214,6.4668
1.7289e+07,0.001525,1.6239,0.00072357,6.5088
1.7509e+07,0.0014812,1.6083,0.00070547,6.5508
1.7732e+07,0.0014387,1.5927,0.00068782,6.5927
1.7958e+07,0.0013974,1.5773,0.00067061,6.6347
1.8187e+07,0.0013572,1.562,0.00065384,6.6766
1.8419e+07,0.0013183,1.5468,0.00063748,6.7185
1.8654e+07,0.0012804,1.5318,0.00062153,6.7604
1.8892e+07,0.0012436,1.5169,0.00060598,6.8023
1.9133e+07,0.0012079,1.5022,0.00059082,6.8441
1.9377e+07,0.0011732,1.4876,0.00057604,6.886
1.9624e+07,0.0011395,1.4731,0.00056163,6.9278
1.9874e+07,0.0011068,1.4587,0.00054758,6.9696
