# 1DMC-N photon cross sections for Gd (Z=64), barn/atom
#grid 600 10000 2e+07
#Z 64
#atomic_weight 157.25000
E_eV,photo,incoh,coh,pair
10064,68228,14.017,915.89,0
10192,65981,14.132,904.52,0
10322,63809,14.248,893.22,0
10453,61708,14.364,881.98,0
10587,59676,14.48,870.82,0
10722,57711,14.597,859.72,0
10858,55811,14.714,848.7,0
10997,53974,14.831,837.76,0
11137,52196,14.949,826.9,0
11279,50478,15.067,816.11,0
11423,48816,15.186,805.42,0
11568,47209,15.305,794.8,0
11716,45654,15.425,784.27,0
11865,44151,15.545,773.84,0
12016,42697,15.665,763.49,0
12170,41291,15.786,753.23,0
12325,39932,15.907,743.07,0
12482,38617,16.028,733,0
12641,37346,16.149,723.02,0
12802,36116,16.271,713.15,0
12965,34927,16.394,703.37,0
13131,33777,16.516,693.68,0
13298,32665,16.639,684.1,0
13468,31589,16.762,674.62,0
13639,30549,16.886,665.24,0
13813,29543,17.009,655.96,0
13989,28571,17.133,646.78,0
14168,27630,17.257,637.71,0
14348,26720,17.382,628.74,0
14531,25840,17.507,619.87,0
14716,24990,17.631,611.11,0
14904,24167,17.756,602.45,0
15094,23363,17.882,593.89,0
15286,22579,18.007,585.44,0
15481,21821,18.133,577.09,0
15679,21088,18.259,568.84,0
15879,20380,18.384,560.69,0
16081,19696,18.51,552.63,0
16286,19034,18.636,544.67,0
16494,18395,18.762,536.81,0
16704,17778,18.888,529.03,0
16917,17181,19.013,521.35,0
17133,16604,19.139,513.75,0
17351,16046,19.265,506.24,0
17572,15508,19.39,498.82,0
17796,14987,19.515,491.49,0
18023,14484,19.64,484.24,0
18253,13997,19.764,477.07,0
18486,13527,19.888,469.98,0
18721,13073,20.012,462.98,0
18960,12634,20.135,456.05,0
19202,12210,20.258,449.2,0
19446,11800,20.381,442.43,0
19694,11404,20.503,435.74,0
19945,11021,20.624,429.12,0
20200,10646,20.745,422.57,0
20457,10283,20.865,416.1,0
20718,9931.6,20.984,409.71,0
20982,9592.6,21.103,403.38,0
21250,9265.2,21.221,397.13,0
21521,8948.9,21.338,390.94,0
21795,8643.4,21.454,384.83,0
22073,8348.4,21.57,378.78,0
22354,8063.4,21.685,372.81,0
22639,7788.1,21.799,366.9,0
22928,7522.3,21.913,361.05,0
23220,7265.5,22.026,355.27,0
23516,7017.5,22.137,349.56,0
23816,6778,22.249,343.92,0
24120,6546.6,22.359,338.33,0
24427,6323.1,22.468,332.81,0
24738,6107.3,22.576,327.36,0
25054,5898.8,22.684,321.96,0
25373,5697.4,22.791,316.63,0
25697,5503,22.896,311.36,0
26024,5315.1,23.001,306.15,0
26356,5133.7,23.105,301,0
26692,4958.4,23.208,295.91,0
27032,4789.2,23.31,290.88,0
27377,4625.7,23.411,285.91,0
27726,4467.8,23.511,281,0
28080,4315.3,23.61,276.14,0
28438,4168,23.708,271.35,0
28800,4025.7,23.805,266.61,0
29167,3888.3,23.9,261.92,0
29539,3755.5,23.995,257.3,0
29916,3627.4,24.089,252.73,0
30297,3502.1,24.182,248.21,0
30683,3380.9,24.273,243.75,0
31074,3263.8,24.364,239.34,0
31471,3150.8,24.453,235,0
31872,3041.7,24.541,230.71,0
32278,2936.3,24.629,226.48,0
32690,2834.7,24.715,222.31,0
33106,2736.5,24.8,218.2,0
33528,2641.8,24.883,214.15,0
33956,2550.3,24.966,210.16,0
34389,2462,25.048,206.23,0
34827,2376.7,25.128,202.36,0
35271,2294.4,25.207,198.55,0
35721,2215,25.285,194.8,0
36176,2138.3,25.362,191.11,0
36638,2064.2,25.438,187.49,0
37105,1992.7,25.512,183.92,0
37578,1923.7,25.586,180.41,0
38057,1857.1,25.658,176.97,0
38542,1792.8,25.729,173.58,0
39033,1730.7,25.799,170.25,0
39531,1670.8,25.867,166.98,0
40035,1612.9,25.935,163.77,0
40545,1556.6,26.001,160.62,0
41062,1502.3,26.066,157.53,0
41586,1449.8,26.13,154.5,0
42116,1399.2,26.192,151.52,0
42653,1350.4,26.254,148.59,0
43196,1303.3,26.314,145.72,0
43747,1257.8,26.373,142.9,0
44305,1213.9,26.431,140.13,0
44870,1171.5,26.487,137.42,0
45442,1130.6,26.543,134.76,0
46021,1091.2,26.597,132.14,0
46608,1053.1,26.65,129.58,0
47202,1016.3,26.701,127.06,0
47804,980.84,26.751,124.59,0
48413,946.61,26.801,122.17,0
49030,913.57,26.848,119.79,0
49655,881.68,26.895,117.46,0
50289,4711.1,26.94,115.17,0
50930,4556,26.984,112.92,0
51579,4406,27.027,110.72,0
52236,4260.9,27.069,108.56,0
52902,4120.6,27.109,106.44,0
53577,3984.9,27.148,104.36,0
54260,3853.7,27.186,102.31,0
54952,3726.8,27.222,100.31,0
55652,3604,27.258,98.335,0
56362,3485.3,27.292,96.4,0
57080,3370.5,27.324,94.5,0
57808,3259.5,27.355,92.634,0
58545,3152.2,27.385,90.801,0
59291,3048.3,27.414,89,0
60047,2947.9,27.442,87.231,0
60813,2850.7,27.468,85.493,0
61588,2756.7,27.493,83.786,0
62373,2665.9,27.516,82.109,0
63168,2577.9,27.538,80.461,0
63974,2492.9,27.559,78.842,0
64789,2410.6,27.579,77.251,0
65615,2331,27.597,75.689,0
66452,2254,27.614,74.155,0
67299,2179.5,27.629,72.647,0
68157,2107.4,27.644,71.167,0
69026,2037.6,27.657,69.712,0
69906,1970.1,27.668,68.284,0
70797,1904.7,27.679,66.881,0
71700,1841.5,27.688,65.504,0
72614,1780.3,27.695,64.151,0
73539,1721.1,27.702,62.822,0
74477,1663.8,27.707,61.517,0
75426,1608.3,27.71,60.236,0
76388,1554.7,27.713,58.979,0
77362,1502.7,27.714,57.743,0
78348,1452.4,27.713,56.531,0
79347,1403.7,27.712,55.34,0
80359,1356.6,27.709,54.171,0
81383,1311,27.704,53.024,0
82421,1266.8,27.699,51.898,0
83471,1224.1,27.692,50.792,0
84536,1182.8,27.684,49.708,0
85613,1142.8,27.674,48.644,0
86705,1104.1,27.663,47.6,0
87810,1066.7,27.651,46.577,0
88930,1030.5,27.638,45.573,0
90063,995.47,27.623,44.589,0
91211,961.61,27.607,43.625,0
92374,928.87,27.589,42.679,0
93552,897.22,27.57,41.753,0
94745,866.62,27.55,40.845,0
95953,837.04,27.529,39.955,0
97176,808.44,27.506,39.084,0
98415,780.8,27.482,38.23,0
99669,754.09,27.457,37.394,0
1.0094e+05,728.27,27.43,36.575,0
1.0223e+05,703.33,27.402,35.774,0
1.0353e+05,679.22,27.373,34.989,0
1.0485e+05,655.93,27.343,34.221,0
1.0619e+05,633.42,27.311,33.468,0
1.0754e+05,611.68,27.278,32.731,0
1.0891e+05,590.67,27.244,32.01,0
1.103e+05,570.36,27.208,31.304,0
1.1171e+05,550.75,27.172,30.613,0
1.1313e+05,531.8,27.134,29.937,0
1.1457e+05,513.5,27.095,29.275,0
1.1603e+05,495.82,27.055,28.627,0
1.1751e+05,478.73,27.014,27.992,0
1.1901e+05,462.23,26.972,27.371,0
1.2053e+05,446.3,26.928,26.764,0
1.2206e+05,430.9,26.884,26.169,0
1.2362e+05,416.04,26.838,25.588,0
1.252e+05,401.68,26.791,25.018,0
1.2679e+05,387.81,26.744,24.461,0
1.2841e+05,374.41,26.695,23.916,0
1.3005e+05,361.48,26.645,23.383,0
1.317e+05,348.98,26.595,22.862,0
1.3338e+05,336.92,26.543,22.351,0
1.3508e+05,325.27,26.49,21.852,0
1.3681e+05,314.02,26.437,21.364,0
1.3855e+05,303.16,26.382,20.886,0
1.4032e+05,292.67,26.327,20.418,0
1.4211e+05,282.55,26.27,19.961,0
1.4392e+05,272.77,26.213,19.514,0
1.4575e+05,263.33,26.155,19.077,0
1.4761e+05,254.21,26.096,18.649,0
1.4949e+05,245.41,26.036,18.231,0
1.514e+05,236.92,25.976,17.822,0
1.5333e+05,228.71,25.914,17.422,0
1.5528e+05,220.8,25.852,17.03,0
1.5726e+05,213.15,25.789,16.648,0
1.5927e+05,205.77,25.725,16.273,0
1.613e+05,198.65,25.661,15.907,0
1.6335e+05,191.77,25.595,15.549,0
1.6544e+05,185.13,25.529,15.199,0
1.6755e+05,178.72,25.463,14.857,0
1.6968e+05,172.54,25.395,14.521,0
1.7184e+05,166.56,25.327,14.194,0
1.7404e+05,160.8,25.258,13.873,0
1.7625e+05,155.24,25.189,13.559,0
1.785e+05,149.87,25.118,13.253,0
1.8078e+05,144.69,25.047,12.953,0
1.8308e+05,139.68,24.976,12.659,0
1.8542e+05,134.86,24.904,12.372,0
1.8778e+05,130.2,24.831,12.091,0
1.9017e+05,125.7,24.758,11.816,0
1.926e+05,121.36,24.684,11.547,0
1.9505e+05,117.17,24.609,11.284,0
1.9754e+05,113.12,24.534,11.027,0
2.0006e+05,109.22,24.458,10.775,0
2.0261e+05,105.45,24.382,10.528,0
2.0519e+05,101.82,24.305,10.287,0
2.0781e+05,98.309,24.228,10.052,0
2.1046e+05,94.922,24.15,9.821,0
2.1314e+05,91.655,24.072,9.5954,0
2.1586e+05,88.501,23.993,9.3748,0
2.1861e+05,85.458,23.914,9.1589,0
2.214e+05,82.521,23.834,8.9478,0
2.2422e+05,79.688,23.754,8.7414,0
2.2708e+05,76.953,23.673,8.5395,0
2.2997e+05,74.314,23.592,8.3421,0
2.329e+05,71.768,23.511,8.149,0
2.3587e+05,69.311,23.429,7.9602,0
2.3888e+05,66.94,23.346,7.7755,0
2.4193e+05,64.653,23.264,7.595,0
2.4501e+05,62.445,23.181,7.4185,0
2.4813e+05,60.315,23.097,7.2459,0
2.513e+05,58.26,23.013,7.0771,0
2.545e+05,56.277,22.929,6.9122,0
2.5775e+05,54.363,22.845,6.7509,0
2.6103e+05,52.517,22.76,6.5932,0
2.6436e+05,50.735,22.675,6.4391,0
2.6773e+05,49.016,22.589,6.2884,0
2.7114e+05,47.357,22.504,6.1411,0
2.746e+05,45.756,22.418,5.9972,0
2.781e+05,44.212,22.331,5.8565,0
2.8165e+05,42.721,22.245,5.7189,0
2.8524e+05,41.283,22.158,5.5845,0
2.8887e+05,39.895,22.071,5.4531,0
2.9255e+05,38.556,21.984,5.3247,0
2.9628e+05,37.263,21.896,5.1993,0
3.0006e+05,36.016,21.808,5.0766,0
3.0389e+05,34.813,21.72,4.9568,0
3.0776e+05,33.652,21.632,4.8398,0
3.1169e+05,32.531,21.544,4.7254,0
3.1566e+05,31.45,21.456,4.6136,0
3.1968e+05,30.406,21.367,4.5043,0
3.2376e+05,29.399,21.278,4.3976,0
3.2789e+05,28.426,21.189,4.2933,0
3.3207e+05,27.488,21.1,4.1914,0
3.363e+05,26.582,21.011,4.0919,0
3.4059e+05,25.707,20.922,3.9946,0
3.4493e+05,24.863,20.832,3.8996,0
3.4933e+05,24.048,20.743,3.8068,0
3.5378e+05,23.261,20.653,3.7161,0
3.5829e+05,22.502,20.563,3.6275,0
3.6286e+05,21.768,20.473,3.5409,0
3.6748e+05,21.06,20.383,3.4564,0
3.7217e+05,20.377,20.293,3.3738,0
3.7691e+05,19.717,20.203,3.2931,0
3.8172e+05,19.079,20.113,3.2143,0
3.8659e+05,18.464,20.023,3.1374,0
3.9151e+05,17.869,19.933,3.0622,0
3.9651e+05,17.295,19.842,2.9888,0
4.0156e+05,16.741,19.752,2.917,0
4.0668e+05,16.206,19.662,2.847,0
4.1186e+05,15.689,19.571,2.7786,0
4.1711e+05,15.189,19.481,2.7118,0
4.2243e+05,14.707,19.391,2.6466,0
4.2782e+05,14.241,19.3,2.5829,0
4.3327e+05,13.791,19.21,2.5207,0
4.388e+05,13.356,19.12,2.46,0
4.4439e+05,12.936,19.029,2.4007,0
4.5006e+05,12.53,18.939,2.3428,0
4.5579e+05,12.138,18.849,2.2863,0
4.616e+05,11.759,18.759,2.2311,0
4.6749e+05,11.393,18.668,2.1772,0
4.7345e+05,11.04,18.578,2.1246,0
4.7948e+05,10.698,18.488,2.0733,0
4.856e+05,10.368,18.398,2.0232,0
4.9179e+05,10.049,18.308,1.9743,0
4.9806e+05,9.7405,18.218,1.9266,0
5.0441e+05,9.4634,18.126,1.8789,0
5.1084e+05,9.2033,18.034,1.8319,0
5.1735e+05,8.9503,17.942,1.786,0
5.2395e+05,8.7043,17.85,1.7413,0
5.3063e+05,8.4651,17.758,1.6978,0
5.3739e+05,8.2324,17.667,1.6553,0
5.4424e+05,8.0062,17.575,1.6139,0
5.5118e+05,7.7861,17.484,1.5735,0
5.5821e+05,7.5721,17.393,1.5342,0
5.6532e+05,7.364,17.302,1.4958,0
5.7253e+05,7.1616,17.211,1.4583,0
5.7983e+05,6.9648,17.12,1.4219,0
5.8722e+05,6.7733,17.029,1.3863,0
5.9471e+05,6.5872,16.939,1.3516,0
6.0229e+05,6.4061,16.849,1.3178,0
6.0997e+05,6.23,16.759,1.2848,0
6.1774e+05,6.0588,16.669,1.2527,0
6.2562e+05,5.8923,16.579,1.2213,0
6.336e+05,5.7303,16.49,1.1908,0
6.4167e+05,5.5728,16.4,1.161,0
6.4985e+05,5.4197,16.311,1.1319,0
6.5814e+05,5.2707,16.222,1.1036,0
6.6653e+05,5.1258,16.134,1.076,0
6.7503e+05,4.9849,16.045,1.0491,0
6.8363e+05,4.8479,15.957,1.0229,0
6.9235e+05,4.7147,15.868,0.99726,0
7.0117e+05,4.5851,15.78,0.97231,0
7.1011e+05,4.4591,15.693,0.94799,0
7.1917e+05,4.3365,15.605,0.92427,0
7.2833e+05,4.2173,15.518,0.90115,0
7.3762e+05,4.1014,15.43,0.8786,0
7.4702e+05,3.9887,15.343,0.85662,0
7.5655e+05,3.8791,15.257,0.83519,0
7.6619e+05,3.7724,15.17,0.8143,0
7.7596e+05,3.6688,15.084,0.79392,0
7.8585e+05,3.5679,14.998,0.77406,0
7.9587e+05,3.4699,14.912,0.7547,0
8.0602e+05,3.3745,14.826,0.73582,0
8.1629e+05,3.2817,14.741,0.71741,0
8.267e+05,3.1915,14.655,0.69946,0
8.3724e+05,3.1038,14.57,0.68196,0
8.4791e+05,3.0185,14.485,0.6649,0
8.5872e+05,2.9355,14.401,0.64826,0
8.6967e+05,2.8549,14.316,0.63205,0
8.8076e+05,2.7764,14.232,0.61623,0
8.9199e+05,2.7001,14.148,0.60082,0
9.0336e+05,2.6259,14.065,0.58578,0
9.1488e+05,2.5537,13.981,0.57113,0
9.2654e+05,2.4835,13.898,0.55684,0
9.3835e+05,2.4153,13.815,0.54291,0
9.5031e+05,2.3489,13.732,0.52933,0
9.6243e+05,2.2843,13.65,0.51608,0
9.747e+05,2.2215,13.567,0.50317,0
9.8713e+05,2.1605,13.485,0.49058,0
9.9971e+05,2.1011,13.404,0.47831,0
1.0125e+06,2.0547,13.322,0.46634,0
1.0254e+06,2.0097,13.241,0.45468,1.5609e-05
1.0384e+06,1.9656,13.16,0.4433,0.00037251
1.0517e+06,1.9225,13.079,0.43221,0.0012142
1.0651e+06,1.8804,12.998,0.4214,0.0025593
1.0787e+06,1.8392,12.918,0.41086,0.0044268
1.0924e+06,1.7988,12.838,0.40058,0.0068362
1.1063e+06,1.7594,12.758,0.39056,0.0098079
1.1204e+06,1.7208,12.678,0.38078,0.013363
1.1347e+06,1.6831,12.599,0.37126,0.017522
1.1492e+06,1.6462,12.52,0.36197,0.022308
1.1638e+06,1.6101,12.441,0.35291,0.027742
1.1787e+06,1.5748,12.363,0.34408,0.03385
1.1937e+06,1.5403,12.284,0.33548,0.040654
1.2089e+06,1.5065,12.206,0.32708,0.048179
1.2243e+06,1.4735,12.129,0.3189,0.056452
1.2399e+06,1.4412,12.051,0.31092,0.065497
1.2558e+06,1.4096,11.974,0.30314,0.075343
1.2718e+06,1.3787,11.897,0.29556,0.086016
1.288e+06,1.3484,11.82,0.28817,0.097546
1.3044e+06,1.3189,11.744,0.28096,0.10996
1.321e+06,1.2899,11.667,0.27393,0.12329
1.3379e+06,1.2617,11.592,0.26707,0.13757
1.3549e+06,1.234,11.516,0.26039,0.15283
1.3722e+06,1.2069,11.44,0.25388,0.1691
1.3897e+06,1.1805,11.365,0.24753,0.18642
1.4074e+06,1.1546,11.291,0.24133,0.20481
1.4254e+06,1.1293,11.216,0.2353,0.22433
1.4435e+06,1.1045,11.142,0.22941,0.245
1.4619e+06,1.0803,11.068,0.22367,0.26686
1.4806e+06,1.0566,10.994,0.21807,0.28995
1.4994e+06,1.0335,10.92,0.21262,0.31431
1.5186e+06,1.0108,10.847,0.2073,0.33826
1.5379e+06,0.98863,10.774,0.20211,0.36275
1.5575e+06,0.96696,10.702,0.19706,0.3878
1.5774e+06,0.94575,10.629,0.19213,0.41342
1.5975e+06,0.92502,10.557,0.18732,0.43959
1.6179e+06,0.90474,10.486,0.18263,0.46632
1.6385e+06,0.8849,10.414,0.17806,0.4936
1.6594e+06,0.8655,10.343,0.17361,0.52143
1.6805e+06,0.84652,10.272,0.16927,0.54979
1.7019e+06,0.82796,10.201,0.16503,0.5787
1.7236e+06,0.80981,10.131,0.1609,0.60813
1.7456e+06,0.79205,10.061,0.15688,0.6381
1.7679e+06,0.77469,9.9911,0.15295,0.66859
1.7904e+06,0.7577,9.9216,0.14913,0.6996
1.8132e+06,0.74109,9.8525,0.14539,0.73112
1.8364e+06,0.72484,9.7836,0.14176,0.76316
1.8598e+06,0.70895,9.715,0.13821,0.7957
1.8835e+06,0.6934,9.6466,0.13475,0.82875
1.9075e+06,0.6782,9.5786,0.13138,0.8623
1.9318e+06,0.66333,9.5109,0.12809,0.89634
1.9564e+06,0.64879,9.4435,0.12489,0.93087
1.9814e+06,0.63456,9.3763,0.12177,0.96589
2.0066e+06,0.62065,9.3095,0.11872,1.0014
2.0322e+06,0.60704,9.2429,0.11575,1.0374
2.0581e+06,0.59373,9.1767,0.11285,1.0738
2.0844e+06,0.58071,9.1108,0.11003,1.1108
2.1109e+06,0.56798,9.0451,0.10728,1.1482
2.1378e+06,0.55553,8.9798,0.10459,1.186
2.1651e+06,0.54335,8.9147,0.10198,1.2243
2.1927e+06,0.53144,8.85,0.099425,1.2631
2.2207e+06,0.51978,8.7855,0.096938,1.3023
2.249e+06,0.50839,8.7214,0.094513,1.342
2.2776e+06,0.49724,8.6576,0.092148,1.3821
2.3067e+06,0.48634,8.594,0.089843,1.4226
2.3361e+06,0.47568,8.5308,0.087595,1.4636
2.3659e+06,0.46525,8.4679,0.085404,1.505
2.396e+06,0.45505,8.4052,0.083267,1.5469
2.4266e+06,0.44507,8.3429,0.081184,1.5891
2.4575e+06,0.43531,8.2809,0.079153,1.6318
2.4888e+06,0.42577,8.2192,0.077173,1.6749
2.5206e+06,0.41643,8.1578,0.075242,1.7184
2.5527e+06,0.4073,8.0967,0.073359,1.7623
2.5853e+06,0.39837,8.0359,0.071524,1.8066
2.6182e+06,0.38964,7.9754,0.069735,1.8514
2.6516e+06,0.38109,7.9152,0.06799,1.8965
2.6854e+06,0.37274,7.8553,0.066289,1.942
2.7196e+06,0.36456,7.7958,0.064631,1.9879
2.7543e+06,0.35657,7.7365,0.063014,2.0342
2.7894e+06,0.34875,7.6776,0.061437,2.0808
2.825e+06,0.34111,7.6189,0.0599,2.1279
2.861e+06,0.33363,7.5606,0.058402,2.1753
2.8975e+06,0.32631,7.5026,0.056941,2.2231
2.9344e+06,0.31916,7.4448,0.055516,2.2712
2.9718e+06,0.31216,7.3874,0.054127,2.3197
3.0097e+06,0.30477,7.3303,0.052773,2.3686
3.0481e+06,0.29602,7.2735,0.051453,2.4178
3.0869e+06,0.28752,7.217,0.050165,2.4674
3.1263e+06,0.27927,7.1609,0.04891,2.5173
3.1661e+06,0.27125,7.105,0.047687,2.5676
3.2065e+06,0.26346,7.0494,0.046494,2.6182
3.2474e+06,0.25589,6.9942,0.045331,2.6692
3.2888e+06,0.24854,6.9392,0.044196,2.7205
3.3307e+06,0.24141,6.8846,0.043091,2.7721
3.3732e+06,0.23447,6.8303,0.042013,2.824
3.4162e+06,0.22774,6.7763,0.040962,2.8763
3.4597e+06,0.2212,6.7226,0.039937,2.9289
3.5038e+06,0.21485,6.6691,0.038938,2.9818
3.5485e+06,0.20868,6.6161,0.037964,3.035
3.5937e+06,0.20269,6.5633,0.037014,3.0885
3.6396e+06,0.19687,6.5108,0.036088,3.1424
3.686e+06,0.19121,6.4586,0.035185,3.1965
3.733e+06,0.18572,6.4067,0.034305,3.2509
3.7805e+06,0.18039,6.3552,0.033446,3.3057
3.8287e+06,0.17521,6.3039,0.03261,3.3607
3.8776e+06,0.17018,6.253,0.031794,3.416
3.927e+06,0.16529,6.2023,0.030998,3.4716
3.9771e+06,0.16054,6.152,0.030223,3.5275
4.0278e+06,0.15593,6.1019,0.029467,3.5836
4.0791e+06,0.15146,6.0522,0.02873,3.6401
4.1311e+06,0.14711,6.0028,0.028011,3.6968
4.1838e+06,0.14288,5.9536,0.02731,3.7538
4.2371e+06,0.13878,5.9048,0.026627,3.811
4.2911e+06,0.13479,5.8563,0.025961,3.8685
4.3458e+06,0.13092,5.8081,0.025311,3.9263
4.4012e+06,0.12716,5.7602,0.024678,3.9843
4.4573e+06,0.12351,5.7125,0.024061,4.0426
4.5142e+06,0.11996,5.6652,0.023459,4.1011
4.5717e+06,0.11652,5.6182,0.022872,4.1598
4.63e+06,0.11317,5.5715,0.022299,4.2189
4.689e+06,0.10992,5.5251,0.021742,4.2781
4.7488e+06,0.10677,5.4789,0.021198,4.3376
4.8094e+06,0.1037,5.4331,0.020667,4.3973
4.8707e+06,0.10072,5.3876,0.02015,4.4573
4.9328e+06,0.097831,5.3423,0.019646,4.5175
4.9957e+06,0.095021,5.2974,0.019155,4.5779
5.0593e+06,0.092293,5.2527,0.018675,4.6385
5.1238e+06,0.089642,5.2084,0.018208,4.6993
5.1892e+06,0.087068,5.1643,0.017753,4.7604
5.2553e+06,0.084568,5.1206,0.017309,4.8217
5.3223e+06,0.082139,5.0771,0.016876,4.8832
5.3902e+06,0.079781,5.0339,0.016453,4.9449
5.4589e+06,0.07749,4.991,0.016042,5.0067
5.5285e+06,0.075264,4.9484,0.01564,5.0688
5.599e+06,0.073103,4.9061,0.015249,5.1311
5.6703e+06,0.071004,4.864,0.014868,5.1936
5.7426e+06,0.068965,4.8223,0.014496,5.2563
5.8158e+06,0.066984,4.7808,0.014133,5.3191
5.89e+06,0.065061,4.7397,0.013779,5.3822
5.9651e+06,0.063193,4.6988,0.013435,5.4454
6.0411e+06,0.061378,4.6582,0.013099,5.5088
6.1181e+06,0.059615,4.6178,0.012771,5.5724
6.1961e+06,0.057903,4.5778,0.012451,5.6362
6.2751e+06,0.056241,4.538,0.01214,5.7001
6.3551e+06,0.054626,4.4985,0.011836,5.7642
6.4362e+06,0.053057,4.4593,0.01154,5.8285
6.5182e+06,0.051533,4.4204,0.011251,5.8929
6.6013e+06,0.050054,4.3817,0.01097,5.9575
6.6855e+06,0.048616,4.3434,0.010695,6.0222
6.7707e+06,0.04722,4.3053,0.010428,6.0871
6.857e+06,0.045864,4.2674,0.010167,6.1522
6.9444e+06,0.044547,4.2299,0.0099125,6.2174
7.033e+06,0.043268,4.1926,0.0096645,6.2827
7.1226e+06,0.042025,4.1555,0.0094228,6.3482
7.2134e+06,0.040818,4.1188,0.009187,6.4138
7.3054e+06,0.039646,4.0823,0.0089572,6.4796
7.3985e+06,0.038508,4.0461,0.0087331,6.5454
7.4928e+06,0.037402,4.0101,0.0085146,6.6115
7.5884e+06,0.036328,3.9745,0.0083016,6.6776
7.6851e+06,0.035285,3.939,0.0080939,6.7439
7.7831e+06,0.034272,3.9039,0.0078914,6.8103
7.8823e+06,0.033287,3.869,0.007694,6.8768
7.9828e+06,0.032331,3.8343,0.0075015,6.9435
8.0846e+06,0.031403,3.8,0.0073138,7.0102
8.1876e+06,0.030501,3.7658,0.0071308,7.0771
8.292e+06,0.029625,3.732,0.0069524,7.1441
8.3977e+06,0.028775,3.6984,0.0067785,7.2112
8.5048e+06,0.027948,3.665,0.0066089,7.2784
8.6132e+06,0.027146,3.6319,0.0064436,7.3457
8.723e+06,0.026366,3.5991,0.0062824,7.4131
8.8342e+06,0.025609,3.5665,0.0061252,7.4806
8.9469e+06,0.024874,3.5341,0.005972,7.5482
9.0609e+06,0.024159,3.502,0.0058225,7.6159
9.1764e+06,0.023466,3.4701,0.0056769,7.6836
9.2934e+06,0.022792,3.4385,0.0055349,7.7515
9.4119e+06,0.022137,3.4072,0.0053964,7.8195
9.5319e+06,0.021502,3.3761,0.0052614,7.8875
9.6534e+06,0.020884,3.3452,0.0051297,7.9556
9.7765e+06,0.020284,3.3145,0.0050014,8.0238
9.9011e+06,0.019702,3.2841,0.0048763,8.0921
1.0027e+07,0.019136,3.254,0.0047543,8.1604
1.0155e+07,0.018587,3.2241,0.0046353,8.2288
1.0285e+07,0.018053,3.1944,0.0045194,8.2973
1.0416e+07,0.017534,3.1649,0.0044063,8.3658
1.0549e+07,0.017031,3.1357,0.0042961,8.4344
1.0683e+07,0.016542,3.1067,0.0041886,8.5031
1.0819e+07,0.016067,3.078,0.0040838,8.5718
1.0957e+07,0.015605,3.0495,0.0039816,8.6406
1.1097e+07,0.015157,3.0212,0.003882,8.7094
1.1238e+07,0.014722,2.9931,0.0037849,8.7783
1.1382e+07,0.014299,2.9653,0.0036902,8.8473
1.1527e+07,0.013889,2.9376,0.0035979,8.9163
1.1674e+07,0.01349,2.9102,0.0035079,8.9853
1.1822e+07,0.013102,2.8831,0.0034201,9.0544
1.1973e+07,0.012726,2.8561,0.0033346,9.1235
1.2126e+07,0.012361,2.8294,0.0032511,9.1926
1.228e+07,0.012006,2.8029,0.0031698,9.2618
1.2437e+07,0.011661,2.7766,0.0030905,9.331
1.2596e+07,0.011326,2.7505,0.0030132,9.4003
1.2756e+07,0.011001,2.7246,0.0029378,9.4696
1.2919e+07,0.010685,2.699,0.0028643,9.5389
1.3083e+07,0.010378,2.6736,0.0027926,9.6082
1.325e+07,0.01008,2.6483,0.0027228,9.6776
1.3419e+07,0.0097907,2.6233,0.0026546,9.7469
1.359e+07,0.0095095,2.5985,0.0025882,9.8163
1.3764e+07,0.0092365,2.5739,0.0025235,9.8857
1.3939e+07,0.0089712,2.5495,0.0024603,9.9552
1.4117e+07,0.0087136,2.5253,0.0023988,10.025
1.4297e+07,0.0084634,2.5013,0.0023388,10.094
1.4479e+07,0.0082203,2.4775,0.0022803,10.164
1.4664e+07,0.0079843,2.4539,0.0022232,10.233
1.485e+07,0.007755,2.4305,0.0021676,10.302
1.504e+07,0.0075323,2.4074,0.0021134,10.372
1.5232e+07,0.007316,2.3844,0.0020605,10.441
1.5426e+07,0.0071059,2.3616,0.0020089,10.511
1.5622e+07,0.0069019,2.339,0.0019587,10.58
1.5822e+07,0.0067037,2.3165,0.0019097,10.65
1.6023e+07,0.0065112,2.2943,0.0018619,10.719
1.6228e+07,0.0063242,2.2723,0.0018153,10.789
1.6434e+07,0.0061426,2.2505,0.0017699,10.858
1.6644e+07,0.0059662,2.2288,0.0017256,10.927
1.6856e+07,0.0057949,2.2073,0.0016825,10.997
1.7071e+07,0.0056284,2.1861,0.0016404,11.066
1.7289e+07,0.0054668,2.165,0.0015993,11.136
1.7509e+07,0.0053098,2.144,0.0015593,11.205
1.7732e+07,0.0051573,2.1233,0.0015203,11.274
1.7958e+07,0.0050092,2.1028,0.0014823,11.343
1.8187e+07,0.0048654,2.0824,0.0014452,11.413
1.8419e+07,0.0047257,2.0622,0.001409,11.482
1.8654e+07,0.00459,2.0422,0.0013738,11.551
1.8892e+07,0.0044582,2.0223,0.0013394,11.62
1.9133e+07,0.0043301,2.0027,0.0013059,11.689
1.9377e+07,0.0042058,1.9832,0.0012732,11.759
1.9624e+07,0.004085,1.9638,0.0012414,11.828
1.9874e+07,0.0039677,1.9447,0.0012103,11.897
