# 1DMC-N photon cross sections for H (Z=1), barn/atom
#grid 600 10000 2e+07
#Z 1
#atomic_weight 1.00780
E_eV,photo,incoh,coh,pair
10064,0.0044593,0.59956,0.040737,0
10192,0.004269,0.60019,0.039813,0
10322,0.0040868,0.60079,0.038909,0
10453,0.0039124,0.60136,0.038023,0
10587,0.0037455,0.60192,0.037157,0
10722,0.0035856,0.60245,0.036308,0
10858,0.0034326,0.60296,0.035478,0
10997,0.0032861,0.60345,0.034665,0
11137,0.0031459,0.60392,0.033869,0
11279,0.0030116,0.60437,0.033091,0
11423,0.0028831,0.6048,0.032329,0
11568,0.0027601,0.6052,0.031584,0
11716,0.0026423,0.60559,0.030854,0
11865,0.0025295,0.60595,0.030141,0
12016,0.0024215,0.6063,0.029442,0
12170,0.0023182,0.60662,0.028759,0
12325,0.0022192,0.60693,0.028091,0
12482,0.0021245,0.60722,0.027438,0
12641,0.0020338,0.60749,0.026798,0
12802,0.0019469,0.60774,0.026173,0
12965,0.0018638,0.60797,0.025561,0
13131,0.0017842,0.60819,0.024963,0
13298,0.001708,0.60838,0.024378,0
13468,0.0016351,0.60856,0.023806,0
13639,0.0015653,0.60873,0.023247,0
13813,0.0014984,0.60887,0.0227,0
13989,0.0014344,0.609,0.022165,0
14168,0.0013732,0.60912,0.021642,0
14348,0.0013145,0.60922,0.021131,0
14531,0.0012584,0.6093,0.020632,0
14716,0.0012046,0.60936,0.020143,0
14904,0.0011531,0.60942,0.019666,0
15094,0.0011039,0.60945,0.019199,0
15286,0.0010567,0.60948,0.018743,0
15481,0.0010115,0.60949,0.018297,0
15679,0.00096831,0.60948,0.017862,0
15879,0.00092692,0.60946,0.017436,0
16081,0.00088731,0.60943,0.01702,0
16286,0.00084938,0.60938,0.016613,0
16494,0.00081307,0.60932,0.016216,0
16704,0.00077831,0.60924,0.015828,0
16917,0.00074504,0.60916,0.015449,0
17133,0.00071319,0.60905,0.015078,0
17351,0.00068269,0.60894,0.014716,0
17572,0.0006535,0.60881,0.014363,0
17796,0.00062556,0.60867,0.014017,0
18023,0.00059881,0.60851,0.01368,0
18253,0.00057321,0.60834,0.01335,0
18486,0.00054869,0.60816,0.013028,0
18721,0.00052523,0.60796,0.012714,0
18960,0.00050277,0.60775,0.012407,0
19202,0.00048127,0.60753,0.012107,0
19446,0.00046069,0.6073,0.011814,0
19694,0.00044098,0.60705,0.011528,0
19945,0.00042212,0.6068,0.011248,0
20200,0.00040407,0.60652,0.010976,0
20457,0.00038679,0.60624,0.010709,0
20718,0.00037025,0.60595,0.010449,0
20982,0.00035442,0.60564,0.010195,0
21250,0.00033926,0.60532,0.0099473,0
21521,0.00032475,0.60499,0.0097052,0
21795,0.00031086,0.60465,0.0094689,0
22073,0.00029757,0.60429,0.0092382,0
22354,0.00028484,0.60392,0.0090129,0
22639,0.00027266,0.60355,0.0087931,0
22928,0.000261,0.60316,0.0085784,0
23220,0.00024984,0.60276,0.0083689,0
23516,0.00023915,0.60234,0.0081643,0
23816,0.00022892,0.60192,0.0079647,0
24120,0.00021913,0.60149,0.0077698,0
24427,0.00020976,0.60104,0.0075796,0
24738,0.00020079,0.60058,0.0073939,0
25054,0.0001922,0.60012,0.0072127,0
25373,0.00018398,0.59964,0.0070359,0
25697,0.00017611,0.59915,0.0068633,0
26024,0.00016858,0.59865,0.0066949,0
26356,0.00016137,0.59814,0.0065305,0
26692,0.00015446,0.59762,0.00637,0
27032,0.00014786,0.59709,0.0062135,0
27377,0.00014153,0.59655,0.0060607,0
27726,0.00013548,0.59599,0.0059116,0
28080,0.00012968,0.59543,0.0057662,0
28438,0.00012413,0.59486,0.0056242,0
28800,0.00011882,0.59428,0.0054857,0
29167,0.00011374,0.59369,0.0053506,0
29539,0.00010887,0.59309,0.0052188,0
29916,0.00010421,0.59248,0.0050901,0
30297,9.9755e-05,0.59186,0.0049646,0
30683,9.5485e-05,0.59123,0.004842,0
31074,9.1398e-05,0.59059,0.0047225,0
31471,8.7486e-05,0.58994,0.0046059,0
31872,8.3741e-05,0.58928,0.0044922,0
32278,8.0157e-05,0.58861,0.0043812,0
32690,7.6726e-05,0.58794,0.0042729,0
33106,7.3442e-05,0.58725,0.0041673,0
33528,7.0298e-05,0.58655,0.0040642,0
33956,6.7289e-05,0.58585,0.0039637,0
34389,6.4409e-05,0.58513,0.0038656,0
34827,6.1652e-05,0.58441,0.00377,0
35271,5.9013e-05,0.58367,0.0036767,0
35721,5.6488e-05,0.58293,0.0035856,0
36176,5.407e-05,0.58217,0.0034968,0
36638,5.1756e-05,0.58141,0.0034102,0
37105,4.9541e-05,0.58063,0.0033257,0
37578,4.7421e-05,0.57985,0.0032433,0
38057,4.5391e-05,0.57906,0.0031629,0
38542,4.3449e-05,0.57825,0.0030845,0
39033,4.159e-05,0.57744,0.003008,0
39531,3.981e-05,0.57662,0.0029334,0
40035,3.8107e-05,0.57578,0.0028606,0
40545,3.6478e-05,0.57494,0.0027896,0
41062,3.4918e-05,0.57409,0.0027204,0
41586,3.3425e-05,0.57323,0.0026529,0
42116,3.1996e-05,0.57236,0.0025871,0
42653,3.0628e-05,0.57148,0.0025229,0
43196,2.9319e-05,0.57059,0.0024602,0
43747,2.8066e-05,0.56969,0.0023991,0
44305,2.6866e-05,0.56878,0.0023396,0
44870,2.5718e-05,0.56786,0.0022815,0
45442,2.4619e-05,0.56693,0.0022248,0
46021,2.3567e-05,0.566,0.0021695,0
46608,2.256e-05,0.56505,0.0021156,0
47202,2.1596e-05,0.5641,0.002063,0
47804,2.0674e-05,0.56313,0.0020117,0
48413,1.9791e-05,0.56216,0.0019617,0
49030,1.8945e-05,0.56118,0.0019129,0
49655,1.8136e-05,0.56019,0.0018654,0
50289,1.7362e-05,0.55919,0.001819,0
50930,1.662e-05,0.55818,0.0017737,0
51579,1.591e-05,0.55716,0.0017296,0
52236,1.5231e-05,0.55614,0.0016865,0
52902,1.4581e-05,0.55511,0.0016445,0
53577,1.3958e-05,0.55406,0.0016036,0
54260,1.3363e-05,0.55301,0.0015637,0
54952,1.2792e-05,0.55195,0.0015247,0
55652,1.2246e-05,0.55088,0.0014867,0
56362,1.1724e-05,0.5498,0.0014497,0
57080,1.1224e-05,0.54872,0.0014136,0
57808,1.0745e-05,0.54762,0.0013784,0
58545,1.0287e-05,0.54651,0.001344,0
59291,9.8482e-06,0.5454,0.0013105,0
60047,9.4283e-06,0.54428,0.0012779,0
60813,9.0265e-06,0.54315,0.001246,0
61588,8.6419e-06,0.542,0.001215,0
62373,8.2737e-06,0.54085,0.0011847,0
63168,7.9212e-06,0.5397,0.0011551,0
63974,7.5838e-06,0.53853,0.0011263,0
64789,7.2609e-06,0.53735,0.0010982,0
65615,6.9517e-06,0.53617,0.0010708,0
66452,6.6558e-06,0.53497,0.0010441,0
67299,6.3725e-06,0.53377,0.0010181,0
68157,6.1013e-06,0.53256,0.00099267,0
69026,5.8417e-06,0.53134,0.0009679,0
69906,5.5932e-06,0.53012,0.00094375,0
70797,5.3554e-06,0.52888,0.0009202,0
71700,5.1276e-06,0.52764,0.00089723,0
72614,4.9096e-06,0.52639,0.00087484,0
73539,4.7009e-06,0.52513,0.000853,0
74477,4.5012e-06,0.52386,0.00083171,0
75426,4.3099e-06,0.52258,0.00081095,0
76388,4.1268e-06,0.5213,0.0007907,0
77362,3.9516e-06,0.52001,0.00077096,0
78348,3.7838e-06,0.51871,0.00075172,0
79347,3.6231e-06,0.5174,0.00073295,0
80359,3.4694e-06,0.51608,0.00071465,0
81383,3.3221e-06,0.51476,0.0006968,0
82421,3.1811e-06,0.51343,0.0006794,0
83471,3.0462e-06,0.51209,0.00066243,0
84536,2.9169e-06,0.51075,0.00064589,0
85613,2.7933e-06,0.50939,0.00062976,0
86705,2.6748e-06,0.50803,0.00061403,0
87810,2.5615e-06,0.50667,0.0005987,0
88930,2.4529e-06,0.50529,0.00058374,0
90063,2.349e-06,0.50391,0.00056916,0
91211,2.2496e-06,0.50252,0.00055495,0
92374,2.1543e-06,0.50113,0.00054109,0
93552,2.0631e-06,0.49973,0.00052757,0
94745,1.9759e-06,0.49832,0.0005144,0
95953,1.8923e-06,0.4969,0.00050155,0
97176,1.8123e-06,0.49548,0.00048902,0
98415,1.7357e-06,0.49406,0.00047681,0
99669,1.6623e-06,0.49262,0.0004649,0
1.0094e+05,1.5921e-06,0.49118,0.00045329,0
1.0223e+05,1.5249e-06,0.48974,0.00044197,0
1.0353e+05,1.4606e-06,0.48829,0.00043093,0
1.0485e+05,1.399e-06,0.48683,0.00042017,0
1.0619e+05,1.34e-06,0.48537,0.00040967,0
1.0754e+05,1.2835e-06,0.4839,0.00039944,0
1.0891e+05,1.2294e-06,0.48243,0.00038947,0
1.103e+05,1.1776e-06,0.48095,0.00037974,0
1.1171e+05,1.1281e-06,0.47946,0.00037025,0
1.1313e+05,1.0806e-06,0.47797,0.00036101,0
1.1457e+05,1.0352e-06,0.47647,0.00035199,0
1.1603e+05,9.9165e-07,0.47497,0.0003432,0
1.1751e+05,9.4998e-07,0.47346,0.00033462,0
1.1901e+05,9.1009e-07,0.47195,0.00032627,0
1.2053e+05,8.7189e-07,0.47043,0.00031811,0
1.2206e+05,8.3532e-07,0.46891,0.00031017,0
1.2362e+05,8.0029e-07,0.46738,0.00030242,0
1.252e+05,7.6676e-07,0.46585,0.00029486,0
1.2679e+05,7.3465e-07,0.46431,0.0002875,0
1.2841e+05,7.039e-07,0.46277,0.00028031,0
1.3005e+05,6.7446e-07,0.46122,0.00027331,0
1.317e+05,6.4626e-07,0.45966,0.00026648,0
1.3338e+05,6.1926e-07,0.45811,0.00025982,0
1.3508e+05,5.9341e-07,0.45654,0.00025332,0
1.3681e+05,5.6865e-07,0.45498,0.00024699,0
1.3855e+05,5.4494e-07,0.45341,0.00024082,0
1.4032e+05,5.2223e-07,0.45183,0.0002348,0
1.4211e+05,5.0049e-07,0.45025,0.00022893,0
1.4392e+05,4.7966e-07,0.44867,0.00022321,0
1.4575e+05,4.5972e-07,0.44708,0.00021763,0
1.4761e+05,4.4062e-07,0.44548,0.00021219,0
1.4949e+05,4.2232e-07,0.44389,0.00020688,0
1.514e+05,4.048e-07,0.44228,0.00020171,0
1.5333e+05,3.8802e-07,0.44068,0.00019667,0
1.5528e+05,3.7195e-07,0.43907,0.00019175,0
1.5726e+05,3.5655e-07,0.43746,0.00018695,0
1.5927e+05,3.4181e-07,0.43584,0.00018228,0
1.613e+05,3.2769e-07,0.43422,0.00017772,0
1.6335e+05,3.1416e-07,0.4326,0.00017327,0
1.6544e+05,3.012e-07,0.43097,0.00016894,0
1.6755e+05,2.8879e-07,0.42934,0.00016471,0
1.6968e+05,2.769e-07,0.42771,0.00016059,0
1.7184e+05,2.6551e-07,0.42608,0.00015657,0
1.7404e+05,2.546e-07,0.42444,0.00015266,0
1.7625e+05,2.4415e-07,0.4228,0.00014884,0
1.785e+05,2.3413e-07,0.42116,0.00014511,0
1.8078e+05,2.2454e-07,0.41952,0.00014148,0
1.8308e+05,2.1535e-07,0.41788,0.00013794,0
1.8542e+05,2.0654e-07,0.41623,0.00013449,0
1.8778e+05,1.9811e-07,0.41458,0.00013113,0
1.9017e+05,1.9003e-07,0.41293,0.00012785,0
1.926e+05,1.8228e-07,0.41128,0.00012465,0
1.9505e+05,1.7486e-07,0.40963,0.00012153,0
1.9754e+05,1.6775e-07,0.40798,0.00011849,0
2.0006e+05,1.6094e-07,0.40632,0.00011553,0
2.0261e+05,1.5441e-07,0.40467,0.00011264,0
2.0519e+05,1.4815e-07,0.40302,0.00010982,0
2.0781e+05,1.4215e-07,0.40136,0.00010707,0
2.1046e+05,1.3641e-07,0.3997,0.00010439,0
2.1314e+05,1.309e-07,0.39805,0.00010178,0
2.1586e+05,1.2562e-07,0.39639,9.9234e-05,0
2.1861e+05,1.2056e-07,0.39473,9.6751e-05,0
2.214e+05,1.1572e-07,0.39307,9.4331e-05,0
2.2422e+05,1.1107e-07,0.39142,9.1971e-05,0
2.2708e+05,1.0662e-07,0.38976,8.967e-05,0
2.2997e+05,1.0235e-07,0.3881,8.7427e-05,0
2.329e+05,9.8257e-08,0.38644,8.524e-05,0
2.3587e+05,9.4335e-08,0.38479,8.3107e-05,0
2.3888e+05,9.0576e-08,0.38313,8.1028e-05,0
2.4193e+05,8.6972e-08,0.38147,7.9001e-05,0
2.4501e+05,8.3517e-08,0.37982,7.7025e-05,0
2.4813e+05,8.0204e-08,0.37816,7.5098e-05,0
2.513e+05,7.7029e-08,0.37651,7.322e-05,0
2.545e+05,7.3984e-08,0.37485,7.1388e-05,0
2.5775e+05,7.1065e-08,0.3732,6.9603e-05,0
2.6103e+05,6.8266e-08,0.37155,6.7862e-05,0
2.6436e+05,6.5582e-08,0.36989,6.6164e-05,0
2.6773e+05,6.3008e-08,0.36824,6.4509e-05,0
2.7114e+05,6.054e-08,0.36659,6.2896e-05,0
2.746e+05,5.8173e-08,0.36494,6.1323e-05,0
2.781e+05,5.5903e-08,0.3633,5.9789e-05,0
2.8165e+05,5.3726e-08,0.36165,5.8293e-05,0
2.8524e+05,5.1638e-08,0.36,5.6835e-05,0
2.8887e+05,4.9635e-08,0.35836,5.5414e-05,0
2.9255e+05,4.7714e-08,0.35672,5.4028e-05,0
2.9628e+05,4.5871e-08,0.35507,5.2676e-05,0
3.0006e+05,4.4103e-08,0.35343,5.1359e-05,0
3.0389e+05,4.2407e-08,0.3518,5.0075e-05,0
3.0776e+05,4.078e-08,0.35016,4.8822e-05,0
3.1169e+05,3.9218e-08,0.34853,4.7602e-05,0
3.1566e+05,3.772e-08,0.34689,4.6412e-05,0
3.1968e+05,3.6283e-08,0.34526,4.5251e-05,0
3.2376e+05,3.4904e-08,0.34363,4.412e-05,0
3.2789e+05,3.3581e-08,0.342,4.3016e-05,0
3.3207e+05,3.2311e-08,0.34038,4.1941e-05,0
3.363e+05,3.1092e-08,0.33876,4.0892e-05,0
3.4059e+05,2.9922e-08,0.33713,3.9869e-05,0
3.4493e+05,2.88e-08,0.33552,3.8872e-05,0
3.4933e+05,2.7722e-08,0.3339,3.79e-05,0
3.5378e+05,2.6688e-08,0.33228,3.6952e-05,0
3.5829e+05,2.5696e-08,0.33067,3.6028e-05,0
3.6286e+05,2.4743e-08,0.32906,3.5127e-05,0
3.6748e+05,2.3828e-08,0.32746,3.4248e-05,0
3.7217e+05,2.295e-08,0.32585,3.3392e-05,0
3.7691e+05,2.2107e-08,0.32425,3.2557e-05,0
3.8172e+05,2.1297e-08,0.32265,3.1742e-05,0
3.8659e+05,2.052e-08,0.32105,3.0948e-05,0
3.9151e+05,1.9774e-08,0.31946,3.0174e-05,0
3.9651e+05,1.9057e-08,0.31787,2.9419e-05,0
4.0156e+05,1.8368e-08,0.31628,2.8683e-05,0
4.0668e+05,1.7707e-08,0.31469,2.7965e-05,0
4.1186e+05,1.7072e-08,0.31311,2.7265e-05,0
4.1711e+05,1.6462e-08,0.31153,2.6583e-05,0
4.2243e+05,1.5876e-08,0.30995,2.5918e-05,0
4.2782e+05,1.5313e-08,0.30838,2.5269e-05,0
4.3327e+05,1.4772e-08,0.30681,2.4636e-05,0
4.388e+05,1.4252e-08,0.30524,2.402e-05,0
4.4439e+05,1.3752e-08,0.30368,2.3419e-05,0
4.5006e+05,1.3271e-08,0.30212,2.2833e-05,0
4.5579e+05,1.2809e-08,0.30056,2.2261e-05,0
4.616e+05,1.2365e-08,0.299,2.1704e-05,0
4.6749e+05,1.1937e-08,0.29745,2.1161e-05,0
4.7345e+05,1.1526e-08,0.2959,2.0631e-05,0
4.7948e+05,1.1131e-08,0.29436,2.0115e-05,0
4.856e+05,1.0751e-08,0.29282,1.9612e-05,0
4.9179e+05,1.0385e-08,0.29128,1.9121e-05,0
4.9806e+05,1.0033e-08,0.28975,1.8643e-05,0
5.0441e+05,9.7374e-09,0.28821,1.8177e-05,0
5.1084e+05,9.4697e-09,0.28668,1.7722e-05,0
5.1735e+05,9.2095e-09,0.28516,1.7279e-05,0
5.2395e+05,8.9563e-09,0.28364,1.6846e-05,0
5.3063e+05,8.7102e-09,0.28212,1.6425e-05,0
5.3739e+05,8.4708e-09,0.2806,1.6014e-05,0
5.4424e+05,8.2379e-09,0.27909,1.5613e-05,0
5.5118e+05,8.0115e-09,0.27758,1.5223e-05,0
5.5821e+05,7.7913e-09,0.27608,1.4842e-05,0
5.6532e+05,7.5772e-09,0.27458,1.4471e-05,0
5.7253e+05,7.3689e-09,0.27308,1.4109e-05,0
5.7983e+05,7.1664e-09,0.27159,1.3756e-05,0
5.8722e+05,6.9694e-09,0.2701,1.3411e-05,0
5.9471e+05,6.7779e-09,0.26862,1.3076e-05,0
6.0229e+05,6.5916e-09,0.26714,1.2749e-05,0
6.0997e+05,6.4104e-09,0.26566,1.243e-05,0
6.1774e+05,6.2342e-09,0.26419,1.2119e-05,0
6.2562e+05,6.0629e-09,0.26272,1.1816e-05,0
6.336e+05,5.8962e-09,0.26125,1.152e-05,0
6.4167e+05,5.7342e-09,0.25979,1.1232e-05,0
6.4985e+05,5.5766e-09,0.25834,1.0951e-05,0
6.5814e+05,5.4233e-09,0.25688,1.0677e-05,0
6.6653e+05,5.2742e-09,0.25543,1.041e-05,0
6.7503e+05,5.1293e-09,0.25399,1.0149e-05,0
6.8363e+05,4.9883e-09,0.25255,9.8954e-06,0
6.9235e+05,4.8512e-09,0.25111,9.6479e-06,0
7.0117e+05,4.7178e-09,0.24968,9.4065e-06,0
7.1011e+05,4.5882e-09,0.24825,9.1712e-06,0
7.1917e+05,4.4621e-09,0.24683,8.9417e-06,0
7.2833e+05,4.3394e-09,0.24541,8.718e-06,0
7.3762e+05,4.2202e-09,0.24399,8.4999e-06,0
7.4702e+05,4.1042e-09,0.24258,8.2872e-06,0
7.5655e+05,3.9914e-09,0.24117,8.0799e-06,0
7.6619e+05,3.8817e-09,0.23977,7.8778e-06,0
7.7596e+05,3.775e-09,0.23837,7.6807e-06,0
7.8585e+05,3.6712e-09,0.23697,7.4885e-06,0
7.9587e+05,3.5703e-09,0.23558,7.3012e-06,0
8.0602e+05,3.4722e-09,0.2342,7.1185e-06,0
8.1629e+05,3.3767e-09,0.23281,6.9404e-06,0
8.267e+05,3.2839e-09,0.23144,6.7668e-06,0
8.3724e+05,3.1937e-09,0.23006,6.5975e-06,0
8.4791e+05,3.1059e-09,0.22869,6.4324e-06,0
8.5872e+05,3.0205e-09,0.22733,6.2715e-06,0
8.6967e+05,2.9375e-09,0.22596,6.1146e-06,0
8.8076e+05,2.8568e-09,0.22461,5.9616e-06,0
8.9199e+05,2.7783e-09,0.22326,5.8125e-06,0
9.0336e+05,2.7019e-09,0.22191,5.6671e-06,0
9.1488e+05,2.6276e-09,0.22056,5.5253e-06,0
9.2654e+05,2.5554e-09,0.21922,5.3871e-06,0
9.3835e+05,2.4852e-09,0.21789,5.2523e-06,0
9.5031e+05,2.4169e-09,0.21656,5.1209e-06,0
9.6243e+05,2.3504e-09,0.21523,4.9928e-06,0
9.747e+05,2.2858e-09,0.21391,4.8679e-06,0
9.8713e+05,2.223e-09,0.21259,4.7461e-06,0
9.9971e+05,2.1619e-09,0.21128,4.6273e-06,0
1.0125e+06,2.1142e-09,0.20997,4.5116e-06,0
1.0254e+06,2.0679e-09,0.20866,4.3987e-06,2.2152e-09
1.0384e+06,2.0225e-09,0.20736,4.2887e-06,5.2866e-08
1.0517e+06,1.9782e-09,0.20607,4.1814e-06,1.7232e-07
1.0651e+06,1.9348e-09,0.20478,4.0767e-06,3.6321e-07
1.0787e+06,1.8924e-09,0.20349,3.9748e-06,6.2823e-07
1.0924e+06,1.8509e-09,0.20221,3.8753e-06,9.7018e-07
1.1063e+06,1.8103e-09,0.20093,3.7784e-06,1.3919e-06
1.1204e+06,1.7706e-09,0.19966,3.6838e-06,1.8964e-06
1.1347e+06,1.7318e-09,0.19839,3.5917e-06,2.4866e-06
1.1492e+06,1.6938e-09,0.19712,3.5018e-06,3.1658e-06
1.1638e+06,1.6567e-09,0.19587,3.4142e-06,3.9371e-06
1.1787e+06,1.6204e-09,0.19461,3.3288e-06,4.8039e-06
1.1937e+06,1.5849e-09,0.19336,3.2455e-06,5.7695e-06
1.2089e+06,1.5501e-09,0.19211,3.1643e-06,6.8375e-06
1.2243e+06,1.5161e-09,0.19087,3.0851e-06,8.0115e-06
1.2399e+06,1.4829e-09,0.18963,3.008e-06,9.2952e-06
1.2558e+06,1.4504e-09,0.1884,2.9327e-06,1.0692e-05
1.2718e+06,1.4186e-09,0.18717,2.8593e-06,1.2207e-05
1.288e+06,1.3875e-09,0.18595,2.7878e-06,1.3843e-05
1.3044e+06,1.357e-09,0.18473,2.7181e-06,1.5605e-05
1.321e+06,1.3273e-09,0.18352,2.6501e-06,1.7497e-05
1.3379e+06,1.2982e-09,0.18231,2.5838e-06,1.9524e-05
1.3549e+06,1.2697e-09,0.1811,2.5191e-06,2.1689e-05
1.3722e+06,1.2419e-09,0.1799,2.4561e-06,2.3998e-05
1.3897e+06,1.2147e-09,0.17871,2.3946e-06,2.6456e-05
1.4074e+06,1.188e-09,0.17752,2.3347e-06,2.9067e-05
1.4254e+06,1.162e-09,0.17633,2.2763e-06,3.1836e-05
1.4435e+06,1.1365e-09,0.17515,2.2194e-06,3.4769e-05
1.4619e+06,1.1116e-09,0.17397,2.1639e-06,3.7871e-05
1.4806e+06,1.0872e-09,0.1728,2.1097e-06,4.1148e-05
1.4994e+06,1.0634e-09,0.17163,2.0569e-06,4.4605e-05
1.5186e+06,1.0401e-09,0.17047,2.0055e-06,4.7347e-05
1.5379e+06,1.0173e-09,0.16931,1.9553e-06,5.0334e-05
1.5575e+06,9.9495e-10,0.16816,1.9064e-06,5.3596e-05
1.5774e+06,9.7313e-10,0.16701,1.8587e-06,5.7133e-05
1.5975e+06,9.518e-10,0.16587,1.8122e-06,6.0944e-05
1.6179e+06,9.3093e-10,0.16473,1.7669e-06,6.5029e-05
1.6385e+06,9.1052e-10,0.16359,1.7227e-06,6.9387e-05
1.6594e+06,8.9055e-10,0.16246,1.6796e-06,7.4018e-05
1.6805e+06,8.7103e-10,0.16134,1.6375e-06,7.8923e-05
1.7019e+06,8.5193e-10,0.16022,1.5966e-06,8.41e-05
1.7236e+06,8.3325e-10,0.1591,1.5566e-06,8.9549e-05
1.7456e+06,8.1498e-10,0.15799,1.5177e-06,9.527e-05
1.7679e+06,7.9711e-10,0.15689,1.4797e-06,0.00010126
1.7904e+06,7.7964e-10,0.15579,1.4427e-06,0.00010753
1.8132e+06,7.6254e-10,0.15469,1.4066e-06,0.00011406
1.8364e+06,7.4582e-10,0.1536,1.3714e-06,0.00012086
1.8598e+06,7.2947e-10,0.15251,1.3371e-06,0.00012794
1.8835e+06,7.1348e-10,0.15143,1.3036e-06,0.00013528
1.9075e+06,6.9783e-10,0.15035,1.271e-06,0.0001429
1.9318e+06,6.8253e-10,0.14928,1.2392e-06,0.00015078
1.9564e+06,6.6757e-10,0.14822,1.2082e-06,0.00015893
1.9814e+06,6.5293e-10,0.14715,1.178e-06,0.00016735
2.0066e+06,6.3862e-10,0.1461,1.1485e-06,0.00017603
2.0322e+06,6.2462e-10,0.14504,1.1198e-06,0.00018499
2.0581e+06,6.1092e-10,0.144,1.0918e-06,0.00019421
2.0844e+06,5.9753e-10,0.14295,1.0645e-06,0.00020369
2.1109e+06,5.8442e-10,0.14192,1.0378e-06,0.00021344
2.1378e+06,5.7161e-10,0.14088,1.0119e-06,0.00022346
2.1651e+06,5.5908e-10,0.13986,9.8656e-07,0.00023374
2.1927e+06,5.4682e-10,0.13883,9.6187e-07,0.00024429
2.2207e+06,5.3483e-10,0.13782,9.3781e-07,0.0002551
2.249e+06,5.231e-10,0.1368,9.1435e-07,0.00026617
2.2776e+06,5.1164e-10,0.1358,8.9147e-07,0.00027751
2.3067e+06,5.0042e-10,0.13479,8.6917e-07,0.00028911
2.3361e+06,4.8945e-10,0.13379,8.4742e-07,0.00030097
2.3659e+06,4.7871e-10,0.1328,8.2622e-07,0.00031309
2.396e+06,4.6822e-10,0.13181,8.0555e-07,0.00032547
2.4266e+06,4.5795e-10,0.13083,7.854e-07,0.00033811
2.4575e+06,4.4791e-10,0.12985,7.6575e-07,0.00035102
2.4888e+06,4.3809e-10,0.12888,7.4659e-07,0.00036418
2.5206e+06,4.2849e-10,0.12791,7.2791e-07,0.0003776
2.5527e+06,4.1909e-10,0.12695,7.097e-07,0.00039128
2.5853e+06,4.099e-10,0.12599,6.9195e-07,0.00040522
2.6182e+06,4.0092e-10,0.12503,6.7464e-07,0.00041941
2.6516e+06,3.9212e-10,0.12408,6.5776e-07,0.00043386
2.6854e+06,3.8353e-10,0.12314,6.413e-07,0.00044856
2.7196e+06,3.7512e-10,0.1222,6.2526e-07,0.00046353
2.7543e+06,3.6689e-10,0.12127,6.0962e-07,0.00047874
2.7894e+06,3.5885e-10,0.12034,5.9436e-07,0.00049421
2.825e+06,3.5098e-10,0.11942,5.7949e-07,0.00050993
2.861e+06,3.4329e-10,0.1185,5.65e-07,0.00052591
2.8975e+06,3.3576e-10,0.11758,5.5086e-07,0.00054214
2.9344e+06,3.284e-10,0.11667,5.3708e-07,0.00055862
2.9718e+06,3.212e-10,0.11577,5.2364e-07,0.00057535
3.0097e+06,3.136e-10,0.11487,5.1054e-07,0.00059233
3.0481e+06,3.0459e-10,0.11398,4.9777e-07,0.00060956
3.0869e+06,2.9585e-10,0.11309,4.8532e-07,0.00062704
3.1263e+06,2.8735e-10,0.1122,4.7318e-07,0.00064477
3.1661e+06,2.791e-10,0.11132,4.6134e-07,0.00066275
3.2065e+06,2.7108e-10,0.11045,4.498e-07,0.00068097
3.2474e+06,2.633e-10,0.10958,4.3854e-07,0.00069945
3.2888e+06,2.5574e-10,0.10871,4.2757e-07,0.00071816
3.3307e+06,2.4839e-10,0.10786,4.1687e-07,0.00073712
3.3732e+06,2.4126e-10,0.107,4.0644e-07,0.00075633
3.4162e+06,2.3433e-10,0.10615,3.9628e-07,0.00077578
3.4597e+06,2.276e-10,0.10531,3.8636e-07,0.00079547
3.5038e+06,2.2107e-10,0.10447,3.767e-07,0.00081541
3.5485e+06,2.1472e-10,0.10363,3.6727e-07,0.00083559
3.5937e+06,2.0855e-10,0.1028,3.5808e-07,0.00085601
3.6396e+06,2.0256e-10,0.10198,3.4913e-07,0.00087666
3.686e+06,1.9675e-10,0.10116,3.4039e-07,0.00089756
3.733e+06,1.911e-10,0.10034,3.3187e-07,0.0009187
3.7805e+06,1.8561e-10,0.09953,3.2357e-07,0.00094007
3.8287e+06,1.8028e-10,0.098724,3.1548e-07,0.00096169
3.8776e+06,1.751e-10,0.097923,3.0758e-07,0.00098354
3.927e+06,1.7007e-10,0.097127,2.9989e-07,0.0010056
3.9771e+06,1.6519e-10,0.096336,2.9239e-07,0.0010279
4.0278e+06,1.6045e-10,0.09555,2.8507e-07,0.0010505
4.0791e+06,1.5584e-10,0.094769,2.7794e-07,0.0010733
4.1311e+06,1.5136e-10,0.093992,2.7099e-07,0.0010963
4.1838e+06,1.4702e-10,0.09322,2.6421e-07,0.0011196
4.2371e+06,1.428e-10,0.092453,2.576e-07,0.001143
4.2911e+06,1.387e-10,0.091691,2.5115e-07,0.0011668
4.3458e+06,1.3471e-10,0.090934,2.4487e-07,0.0011907
4.4012e+06,1.3084e-10,0.090181,2.3874e-07,0.0012149
4.4573e+06,1.2709e-10,0.089434,2.3277e-07,0.0012393
4.5142e+06,1.2344e-10,0.088691,2.2695e-07,0.0012639
4.5717e+06,1.1989e-10,0.087952,2.2127e-07,0.0012888
4.63e+06,1.1645e-10,0.087219,2.1573e-07,0.0013139
4.689e+06,1.1311e-10,0.08649,2.1034e-07,0.0013392
4.7488e+06,1.0986e-10,0.085766,2.0507e-07,0.0013647
4.8094e+06,1.067e-10,0.085047,1.9994e-07,0.0013904
4.8707e+06,1.0364e-10,0.084332,1.9494e-07,0.0014164
4.9328e+06,1.0066e-10,0.083622,1.9006e-07,0.0014426
4.9957e+06,9.7772e-11,0.082917,1.8531e-07,0.001469
5.0593e+06,9.4965e-11,0.082216,1.8067e-07,0.0014957
5.1238e+06,9.2237e-11,0.08152,1.7615e-07,0.0015225
5.1892e+06,8.9589e-11,0.080829,1.7175e-07,0.0015496
5.2553e+06,8.7016e-11,0.080142,1.6745e-07,0.0015769
5.3223e+06,8.4517e-11,0.07946,1.6326e-07,0.0016044
5.3902e+06,8.209e-11,0.078782,1.5917e-07,0.0016321
5.4589e+06,7.9733e-11,0.078109,1.5519e-07,0.0016601
5.5285e+06,7.7443e-11,0.077441,1.5131e-07,0.0016882
5.599e+06,7.5219e-11,0.076777,1.4752e-07,0.0017166
5.6703e+06,7.3059e-11,0.076118,1.4383e-07,0.0017452
5.7426e+06,7.0961e-11,0.075463,1.4024e-07,0.001774
5.8158e+06,6.8924e-11,0.074813,1.3673e-07,0.001803
5.89e+06,6.6944e-11,0.074167,1.3331e-07,0.0018322
5.9651e+06,6.5022e-11,0.073526,1.2997e-07,0.0018616
6.0411e+06,6.3155e-11,0.072889,1.2672e-07,0.0018912
6.1181e+06,6.1341e-11,0.072257,1.2355e-07,0.0019211
6.1961e+06,5.958e-11,0.071629,1.2046e-07,0.0019511
6.2751e+06,5.7869e-11,0.071005,1.1744e-07,0.0019814
6.3551e+06,5.6207e-11,0.070386,1.1451e-07,0.0020118
6.4362e+06,5.4593e-11,0.069772,1.1164e-07,0.0020425
6.5182e+06,5.3025e-11,0.069161,1.0885e-07,0.0020733
6.6013e+06,5.1503e-11,0.068555,1.0613e-07,0.0021044
6.6855e+06,5.0024e-11,0.067954,1.0347e-07,0.0021356
6.7707e+06,4.8587e-11,0.067356,1.0088e-07,0.0021671
6.857e+06,4.7192e-11,0.066763,9.8358e-08,0.0021987
6.9444e+06,4.5837e-11,0.066175,9.5897e-08,0.0022306
7.033e+06,4.452e-11,0.06559,9.3498e-08,0.0022626
7.1226e+06,4.3242e-11,0.06501,9.1159e-08,0.0022949
7.2134e+06,4.2e-11,0.064434,8.8878e-08,0.0023273
7.3054e+06,4.0794e-11,0.063863,8.6655e-08,0.00236
7.3985e+06,3.9623e-11,0.063295,8.4487e-08,0.0023928
7.4928e+06,3.8485e-11,0.062732,8.2373e-08,0.0024258
7.5884e+06,3.738e-11,0.062173,8.0312e-08,0.002459
7.6851e+06,3.6306e-11,0.061618,7.8303e-08,0.0024924
7.7831e+06,3.5264e-11,0.061067,7.6344e-08,0.002526
7.8823e+06,3.4251e-11,0.06052,7.4434e-08,0.0025598
7.9828e+06,3.3267e-11,0.059977,7.2572e-08,0.0025937
8.0846e+06,3.2312e-11,0.059439,7.0756e-08,0.0026279
8.1876e+06,3.1384e-11,0.058904,6.8986e-08,0.0026622
8.292e+06,3.0483e-11,0.058374,6.726e-08,0.0026967
8.3977e+06,2.9608e-11,0.057847,6.5577e-08,0.0027314
8.5048e+06,2.8757e-11,0.057325,6.3937e-08,0.0027663
8.6132e+06,2.7932e-11,0.056806,6.2337e-08,0.0028013
8.723e+06,2.7129e-11,0.056292,6.0778e-08,0.0028366
8.8342e+06,2.635e-11,0.055781,5.9257e-08,0.002872
8.9469e+06,2.5594e-11,0.055274,5.7775e-08,0.0029076
9.0609e+06,2.4859e-11,0.054772,5.6329e-08,0.0029434
9.1764e+06,2.4145e-11,0.054273,5.492e-08,0.0029793
9.2934e+06,2.3452e-11,0.053778,5.3546e-08,0.0030154
9.4119e+06,2.2778e-11,0.053287,5.2206e-08,0.0030517
9.5319e+06,2.2124e-11,0.052799,5.09e-08,0.0030882
9.6534e+06,2.1489e-11,0.052316,4.9627e-08,0.0031248
9.7765e+06,2.0872e-11,0.051836,4.8385e-08,0.0031616
9.9011e+06,2.0272e-11,0.05136,4.7175e-08,0.0031986
1.0027e+07,1.969e-11,0.050888,4.5995e-08,0.0032358
1.0155e+07,1.9125e-11,0.050419,4.4844e-08,0.0032731
1.0285e+07,1.8575e-11,0.049955,4.3722e-08,0.0033106
1.0416e+07,1.8042e-11,0.049494,4.2628e-08,0.0033482
1.0549e+07,1.7524e-11,0.049036,4.1562e-08,0.003386
1.0683e+07,1.7021e-11,0.048582,4.0522e-08,0.003424
1.0819e+07,1.6532e-11,0.048132,3.9508e-08,0.0034621
1.0957e+07,1.6057e-11,0.047686,3.852e-08,0.0035004
1.1097e+07,1.5596e-11,0.047243,3.7556e-08,0.0035389
1.1238e+07,1.5148e-11,0.046803,3.6616e-08,0.0035775
1.1382e+07,1.4713e-11,0.046368,3.57e-08,0.0036163
1.1527e+07,1.4291e-11,0.045935,3.4807e-08,0.0036552
1.1674e+07,1.388e-11,0.045507,3.3936e-08,0.0036943
1.1822e+07,1.3482e-11,0.045081,3.3087e-08,0.0037335
1.1973e+07,1.3095e-11,0.044659,3.226e-08,0.0037729
1.2126e+07,1.2719e-11,0.044241,3.1452e-08,0.0038125
1.228e+07,1.2353e-11,0.043826,3.0666e-08,0.0038522
1.2437e+07,1.1999e-11,0.043415,2.9898e-08,0.003892
1.2596e+07,1.1654e-11,0.043007,2.915e-08,0.003932
1.2756e+07,1.1319e-11,0.042602,2.8421e-08,0.0039721
1.2919e+07,1.0994e-11,0.0422,2.771e-08,0.0040124
1.3083e+07,1.0679e-11,0.041802,2.7017e-08,0.0040529
1.325e+07,1.0372e-11,0.041407,2.6341e-08,0.0040934
1.3419e+07,1.0074e-11,0.041016,2.5682e-08,0.0041342
1.359e+07,9.7848e-12,0.040628,2.5039e-08,0.004175
1.3764e+07,9.5038e-12,0.040243,2.4413e-08,0.004216
1.3939e+07,9.2309e-12,0.039861,2.3802e-08,0.0042572
1.4117e+07,8.9659e-12,0.039482,2.3207e-08,0.0042985
1.4297e+07,8.7084e-12,0.039107,2.2626e-08,0.0043399
1.4479e+07,8.4583e-12,0.038735,2.206e-08,0.0043815
1.4664e+07,8.2154e-12,0.038366,2.1508e-08,0.0044232
1.485e+07,7.9795e-12,0.038,2.097e-08,0.004465
1.504e+07,7.7504e-12,0.037637,2.0445e-08,0.0045069
1.5232e+07,7.5278e-12,0.037277,1.9934e-08,0.004549
1.5426e+07,7.3116e-12,0.03692,1.9435e-08,0.0045913
1.5622e+07,7.1017e-12,0.036567,1.8949e-08,0.0046336
1.5822e+07,6.8977e-12,0.036216,1.8475e-08,0.0046761
1.6023e+07,6.6996e-12,0.035868,1.8013e-08,0.0047187
1.6228e+07,6.5073e-12,0.035524,1.7562e-08,0.0047615
1.6434e+07,6.3204e-12,0.035182,1.7123e-08,0.0048043
1.6644e+07,6.1389e-12,0.034843,1.6694e-08,0.0048473
1.6856e+07,5.9626e-12,0.034507,1.6277e-08,0.0048904
1.7071e+07,5.7914e-12,0.034175,1.5869e-08,0.0049336
1.7289e+07,5.6251e-12,0.033845,1.5472e-08,0.004977
1.7509e+07,5.4635e-12,0.033517,1.5085e-08,0.0050205
1.7732e+07,5.3067e-12,0.033193,1.4708e-08,0.0050641
1.7958e+07,5.1543e-12,0.032872,1.434e-08,0.0051078
1.8187e+07,5.0063e-12,0.032553,1.3981e-08,0.0051516
1.8419e+07,4.8625e-12,0.032237,1.3631e-08,0.0051955
1.8654e+07,4.7229e-12,0.031924,1.329e-08,0.0052396
1.8892e+07,4.5872e-12,0.031613,1.2958e-08,0.0052837
1.9133e+07,4.4555e-12,0.031306,1.2634e-08,0.005328
1.9377e+07,4.3276e-12,0.031001,1.2318e-08,0.0053724
1.9624e+07,4.2033e-12,0.030699,1.2009e-08,0.0054169
1.9874e+07,4.0826e-12,0.030399,1.1709e-08,0.0054615
