# 1DMC-N photon cross sections for Li (Z=3), barn/atom
#grid 600 10000 2e+07
#Z 3
#atomic_weight 6.94000
E_eV,photo,incoh,coh,pair
10064,1.5349,1.486,0.85482,0
10192,1.4711,1.4925,0.83947,0
10322,1.4099,1.4988,0.82431,0
10453,1.3513,1.505,0.80934,0
10587,1.2951,1.5112,0.79456,0
10722,1.2412,1.5172,0.77997,0
10858,1.1896,1.5232,0.76557,0
10997,1.1401,1.5291,0.75137,0
11137,1.0926,1.5349,0.73736,0
11279,1.0471,1.5406,0.72355,0
11423,1.0035,1.5461,0.70992,0
11568,0.96167,1.5516,0.69649,0
11716,0.92158,1.5571,0.68325,0
11865,0.88316,1.5624,0.67021,0
12016,0.84633,1.5676,0.65736,0
12170,0.81103,1.5727,0.6447,0
12325,0.77719,1.5777,0.63223,0
12482,0.74475,1.5827,0.61995,0
12641,0.71367,1.5875,0.60786,0
12802,0.68387,1.5923,0.59595,0
12965,0.65531,1.5969,0.58424,0
13131,0.62794,1.6015,0.57271,0
13298,0.6017,1.606,0.56137,0
13468,0.57656,1.6103,0.55021,0
13639,0.55246,1.6146,0.53923,0
13813,0.52936,1.6188,0.52844,0
13989,0.50722,1.6229,0.51782,0
14168,0.48601,1.6269,0.50739,0
14348,0.46568,1.6308,0.49713,0
14531,0.44619,1.6346,0.48705,0
14716,0.42752,1.6383,0.47714,0
14904,0.40963,1.642,0.4674,0
15094,0.39248,1.6455,0.45784,0
15286,0.37605,1.6489,0.44844,0
15481,0.3603,1.6523,0.43921,0
15679,0.34521,1.6556,0.43015,0
15879,0.33074,1.6587,0.42125,0
16081,0.31689,1.6618,0.41251,0
16286,0.30361,1.6648,0.40392,0
16494,0.29089,1.6677,0.3955,0
16704,0.27869,1.6706,0.38722,0
16917,0.26701,1.6733,0.3791,0
17133,0.25582,1.676,0.37113,0
17351,0.24509,1.6785,0.36331,0
17572,0.23482,1.681,0.35563,0
17796,0.22497,1.6834,0.3481,0
18023,0.21554,1.6857,0.3407,0
18253,0.2065,1.688,0.33345,0
18486,0.19784,1.6901,0.32633,0
18721,0.18954,1.6922,0.31935,0
18960,0.18159,1.6942,0.31251,0
19202,0.17397,1.6961,0.30579,0
19446,0.16668,1.698,0.2992,0
19694,0.15968,1.6997,0.29274,0
19945,0.15299,1.7014,0.28641,0
20200,0.14657,1.703,0.2802,0
20457,0.14042,1.7045,0.27411,0
20718,0.13453,1.706,0.26814,0
20982,0.12889,1.7074,0.26229,0
21250,0.12348,1.7087,0.25656,0
21521,0.11831,1.7099,0.25093,0
21795,0.11334,1.7111,0.24542,0
22073,0.10859,1.7122,0.24002,0
22354,0.10403,1.7132,0.23473,0
22639,0.09967,1.7142,0.22954,0
22928,0.095489,1.715,0.22446,0
23220,0.091482,1.7158,0.21948,0
23516,0.087644,1.7166,0.21461,0
23816,0.083966,1.7172,0.20983,0
24120,0.080443,1.7178,0.20515,0
24427,0.077067,1.7184,0.20056,0
24738,0.073832,1.7188,0.19607,0
25054,0.070733,1.7192,0.19167,0
25373,0.067763,1.7195,0.18736,0
25697,0.064918,1.7198,0.18314,0
26024,0.062192,1.72,0.17901,0
26356,0.05958,1.7201,0.17496,0
26692,0.057077,1.7202,0.171,0
27032,0.05468,1.7202,0.16713,0
27377,0.052382,1.7201,0.16333,0
27726,0.050181,1.72,0.15961,0
28080,0.048072,1.7198,0.15597,0
28438,0.046051,1.7195,0.15241,0
28800,0.044115,1.7192,0.14893,0
29167,0.04226,1.7188,0.14552,0
29539,0.040482,1.7184,0.14218,0
29916,0.038779,1.7179,0.13891,0
30297,0.037147,1.7173,0.13571,0
30683,0.035583,1.7167,0.13258,0
31074,0.034085,1.716,0.12952,0
31471,0.032649,1.7153,0.12652,0
31872,0.031274,1.7145,0.12359,0
32278,0.029956,1.7137,0.12072,0
32690,0.028694,1.7128,0.11792,0
33106,0.027485,1.7118,0.11517,0
33528,0.026326,1.7108,0.11249,0
33956,0.025217,1.7097,0.10987,0
34389,0.024154,1.7086,0.1073,0
34827,0.023135,1.7075,0.10479,0
35271,0.02216,1.7063,0.10233,0
35721,0.021226,1.705,0.099933,0
36176,0.020331,1.7037,0.097585,0
36638,0.019473,1.7024,0.09529,0
37105,0.018652,1.701,0.093046,0
37578,0.017866,1.6995,0.090852,0
38057,0.017112,1.698,0.088707,0
38542,0.016391,1.6965,0.086611,0
39033,0.0157,1.6949,0.084561,0
39531,0.015038,1.6933,0.082558,0
40035,0.014404,1.6916,0.0806,0
40545,0.013797,1.6899,0.078687,0
41062,0.013215,1.6882,0.076817,0
41586,0.012658,1.6864,0.07499,0
42116,0.012125,1.6846,0.073205,0
42653,0.011614,1.6827,0.07146,0
43196,0.011125,1.6808,0.069755,0
43747,0.010656,1.6789,0.068089,0
44305,0.010207,1.6769,0.066462,0
44870,0.0097776,1.6748,0.064871,0
45442,0.0093657,1.6728,0.063317,0
46021,0.0089713,1.6706,0.061799,0
46608,0.0085935,1.6685,0.060316,0
47202,0.0082316,1.6663,0.058868,0
47804,0.007885,1.6641,0.057453,0
48413,0.007553,1.6618,0.05607,0
49030,0.007235,1.6594,0.05472,0
49655,0.0069303,1.6571,0.053401,0
50289,0.0066385,1.6547,0.052113,0
50930,0.0063589,1.6522,0.050855,0
51579,0.0060912,1.6497,0.049626,0
52236,0.0058346,1.6472,0.048425,0
52902,0.0055889,1.6446,0.047253,0
53577,0.0053536,1.642,0.046109,0
54260,0.0051282,1.6393,0.044991,0
54952,0.0049122,1.6366,0.043899,0
55652,0.0047054,1.6339,0.042834,0
56362,0.0045072,1.6311,0.041793,0
57080,0.0043174,1.6283,0.040777,0
57808,0.0041356,1.6254,0.039785,0
58545,0.0039614,1.6225,0.038817,0
59291,0.0037946,1.6196,0.037871,0
60047,0.0036347,1.6166,0.036948,0
60813,0.0034817,1.6135,0.036047,0
61588,0.003335,1.6105,0.035167,0
62373,0.0031946,1.6074,0.034308,0
63168,0.00306,1.6042,0.03347,0
63974,0.0029311,1.6011,0.032652,0
64789,0.0028077,1.5978,0.031853,0
65615,0.0026894,1.5946,0.031074,0
66452,0.0025762,1.5913,0.030313,0
67299,0.0024677,1.588,0.02957,0
68157,0.0023638,1.5846,0.028845,0
69026,0.0022643,1.5813,0.028138,0
69906,0.002169,1.5779,0.027448,0
70797,0.0020777,1.5744,0.026774,0
71700,0.0019902,1.5709,0.026117,0
72614,0.0019065,1.5674,0.025475,0
73539,0.0018263,1.5639,0.024849,0
74477,0.0017495,1.5603,0.024239,0
75426,0.0016759,1.5568,0.023643,0
76388,0.0016055,1.5532,0.023061,0
77362,0.001538,1.5495,0.022494,0
78348,0.0014734,1.5459,0.02194,0
79347,0.0014115,1.5422,0.0214,0
80359,0.0013522,1.5385,0.020873,0
81383,0.0012955,1.5347,0.020359,0
82421,0.0012411,1.531,0.019857,0
83471,0.001189,1.5272,0.019368,0
84536,0.0011392,1.5234,0.01889,0
85613,0.0010914,1.5196,0.018425,0
86705,0.0010457,1.5157,0.01797,0
87810,0.0010019,1.5119,0.017527,0
88930,0.00095989,1.508,0.017094,0
90063,0.0009197,1.5041,0.016672,0
91211,0.0008812,1.5001,0.01626,0
92374,0.00084433,1.4962,0.015859,0
93552,0.00080901,1.4922,0.015467,0
94745,0.00077518,1.4882,0.015085,0
95953,0.00074277,1.4841,0.014712,0
97176,0.00071172,1.4801,0.014348,0
98415,0.00068199,1.476,0.013993,0
99669,0.0006535,1.4719,0.013646,0
1.0094e+05,0.00062622,1.4677,0.013309,0
1.0223e+05,0.00060008,1.4636,0.012979,0
1.0353e+05,0.00057505,1.4594,0.012658,0
1.0485e+05,0.00055106,1.4552,0.012344,0
1.0619e+05,0.00052809,1.4509,0.012038,0
1.0754e+05,0.00050607,1.4467,0.01174,0
1.0891e+05,0.00048499,1.4424,0.011448,0
1.103e+05,0.00046479,1.4381,0.011164,0
1.1171e+05,0.00044544,1.4338,0.010887,0
1.1313e+05,0.0004269,1.4294,0.010617,0
1.1457e+05,0.00040914,1.425,0.010353,0
1.1603e+05,0.00039213,1.4206,0.010096,0
1.1751e+05,0.00037583,1.4162,0.0098455,0
1.1901e+05,0.00036021,1.4118,0.0096008,0
1.2053e+05,0.00034526,1.4074,0.0093622,0
1.2206e+05,0.00033092,1.4029,0.0091295,0
1.2362e+05,0.0003172,1.3984,0.0089025,0
1.252e+05,0.00030404,1.3939,0.0086811,0
1.2679e+05,0.00029144,1.3894,0.0084652,0
1.2841e+05,0.00027937,1.3848,0.0082546,0
1.3005e+05,0.0002678,1.3803,0.0080492,0
1.317e+05,0.00025672,1.3757,0.0078488,0
1.3338e+05,0.0002461,1.3711,0.0076535,0
1.3508e+05,0.00023593,1.3665,0.007463,0
1.3681e+05,0.00022618,1.3619,0.0072772,0
1.3855e+05,0.00021684,1.3572,0.007096,0
1.4032e+05,0.00020789,1.3526,0.0069192,0
1.4211e+05,0.00019932,1.3479,0.0067469,0
1.4392e+05,0.00019111,1.3432,0.0065789,0
1.4575e+05,0.00018324,1.3385,0.006415,0
1.4761e+05,0.00017569,1.3338,0.0062552,0
1.4949e+05,0.00016847,1.3291,0.0060993,0
1.514e+05,0.00016154,1.3243,0.0059474,0
1.5333e+05,0.00015491,1.3196,0.0057992,0
1.5528e+05,0.00014855,1.3148,0.0056547,0
1.5726e+05,0.00014246,1.3101,0.0055138,0
1.5927e+05,0.00013662,1.3053,0.0053764,0
1.613e+05,0.00013102,1.3005,0.0052424,0
1.6335e+05,0.00012566,1.2957,0.0051117,0
1.6544e+05,0.00012052,1.2909,0.0049843,0
1.6755e+05,0.0001156,1.286,0.0048601,0
1.6968e+05,0.00011088,1.2812,0.0047389,0
1.7184e+05,0.00010636,1.2764,0.0046208,0
1.7404e+05,0.00010203,1.2715,0.0045056,0
1.7625e+05,9.7873e-05,1.2667,0.0043933,0
1.785e+05,9.3893e-05,1.2618,0.0042837,0
1.8078e+05,9.0079e-05,1.2569,0.0041769,0
1.8308e+05,8.6423e-05,1.252,0.0040728,0
1.8542e+05,8.2919e-05,1.2471,0.0039712,0
1.8778e+05,7.9561e-05,1.2423,0.0038721,0
1.9017e+05,7.6342e-05,1.2374,0.0037756,0
1.926e+05,7.3257e-05,1.2325,0.0036814,0
1.9505e+05,7.03e-05,1.2275,0.0035896,0
1.9754e+05,6.7465e-05,1.2226,0.0035,0
2.0006e+05,6.4748e-05,1.2177,0.0034127,0
2.0261e+05,6.2143e-05,1.2128,0.0033275,0
2.0519e+05,5.9645e-05,1.2079,0.0032445,0
2.0781e+05,5.7251e-05,1.2029,0.0031635,0
2.1046e+05,5.4956e-05,1.198,0.0030846,0
2.1314e+05,5.2755e-05,1.1931,0.0030076,0
2.1586e+05,5.0646e-05,1.1881,0.0029325,0
2.1861e+05,4.8624e-05,1.1832,0.0028593,0
2.214e+05,4.6685e-05,1.1783,0.0027879,0
2.2422e+05,4.4826e-05,1.1733,0.0027183,0
2.2708e+05,4.3044e-05,1.1684,0.0026504,0
2.2997e+05,4.1335e-05,1.1634,0.0025842,0
2.329e+05,3.9697e-05,1.1585,0.0025197,0
2.3587e+05,3.8125e-05,1.1536,0.0024568,0
2.3888e+05,3.6619e-05,1.1486,0.0023954,0
2.4193e+05,3.5174e-05,1.1437,0.0023356,0
2.4501e+05,3.3789e-05,1.1387,0.0022773,0
2.4813e+05,3.246e-05,1.1338,0.0022204,0
2.513e+05,3.1186e-05,1.1288,0.0021649,0
2.545e+05,2.9963e-05,1.1239,0.0021108,0
2.5775e+05,2.8791e-05,1.1189,0.0020581,0
2.6103e+05,2.7667e-05,1.114,0.0020067,0
2.6436e+05,2.6588e-05,1.109,0.0019565,0
2.6773e+05,2.5554e-05,1.1041,0.0019077,0
2.7114e+05,2.4562e-05,1.0992,0.00186,0
2.746e+05,2.361e-05,1.0942,0.0018135,0
2.781e+05,2.2696e-05,1.0893,0.0017682,0
2.8165e+05,2.182e-05,1.0844,0.001724,0
2.8524e+05,2.0979e-05,1.0794,0.0016809,0
2.8887e+05,2.0173e-05,1.0745,0.0016389,0
2.9255e+05,1.9399e-05,1.0696,0.0015979,0
2.9628e+05,1.8656e-05,1.0647,0.001558,0
3.0006e+05,1.7943e-05,1.0598,0.001519,0
3.0389e+05,1.7259e-05,1.0548,0.0014811,0
3.0776e+05,1.6603e-05,1.0499,0.0014441,0
3.1169e+05,1.5973e-05,1.045,0.001408,0
3.1566e+05,1.5368e-05,1.0401,0.0013728,0
3.1968e+05,1.4788e-05,1.0352,0.0013385,0
3.2376e+05,1.4231e-05,1.0303,0.001305,0
3.2789e+05,1.3696e-05,1.0255,0.0012724,0
3.3207e+05,1.3183e-05,1.0206,0.0012406,0
3.363e+05,1.269e-05,1.0157,0.0012095,0
3.4059e+05,1.2217e-05,1.0109,0.0011793,0
3.4493e+05,1.1762e-05,1.006,0.0011498,0
3.4933e+05,1.1326e-05,1.0011,0.0011211,0
3.5378e+05,1.0907e-05,0.9963,0.001093,0
3.5829e+05,1.0505e-05,0.99146,0.0010657,0
3.6286e+05,1.0118e-05,0.98663,0.0010391,0
3.6748e+05,9.7473e-06,0.98181,0.0010131,0
3.7217e+05,9.3909e-06,0.97699,0.00098775,0
3.7691e+05,9.0485e-06,0.97219,0.00096305,0
3.8172e+05,8.7196e-06,0.96739,0.00093897,0
3.8659e+05,8.4037e-06,0.9626,0.00091549,0
3.9151e+05,8.1002e-06,0.95782,0.0008926,0
3.9651e+05,7.8086e-06,0.95305,0.00087027,0
4.0156e+05,7.5284e-06,0.94829,0.00084851,0
4.0668e+05,7.2592e-06,0.94354,0.0008273,0
4.1186e+05,7.0005e-06,0.9388,0.00080661,0
4.1711e+05,6.7518e-06,0.93407,0.00078645,0
4.2243e+05,6.5128e-06,0.92935,0.00076678,0
4.2782e+05,6.283e-06,0.92464,0.00074761,0
4.3327e+05,6.0621e-06,0.91993,0.00072892,0
4.388e+05,5.8497e-06,0.91524,0.00071069,0
4.4439e+05,5.6455e-06,0.91056,0.00069292,0
4.5006e+05,5.4491e-06,0.90589,0.0006756,0
4.5579e+05,5.2602e-06,0.90123,0.00065871,0
4.616e+05,5.0785e-06,0.89658,0.00064224,0
4.6749e+05,4.9037e-06,0.89194,0.00062618,0
4.7345e+05,4.7355e-06,0.88731,0.00061053,0
4.7948e+05,4.5737e-06,0.88269,0.00059527,0
4.856e+05,4.418e-06,0.87808,0.00058039,0
4.9179e+05,4.2681e-06,0.87348,0.00056588,0
4.9806e+05,4.1239e-06,0.8689,0.00055173,0
5.0441e+05,4.0026e-06,0.86431,0.00053793,0
5.1084e+05,3.8926e-06,0.85973,0.00052448,0
5.1735e+05,3.7856e-06,0.85515,0.00051135,0
5.2395e+05,3.6816e-06,0.85059,0.00049856,0
5.3063e+05,3.5804e-06,0.84604,0.00048609,0
5.3739e+05,3.482e-06,0.8415,0.00047393,0
5.4424e+05,3.3863e-06,0.83697,0.00046207,0
5.5118e+05,3.2932e-06,0.83245,0.00045051,0
5.5821e+05,3.2027e-06,0.82795,0.00043924,0
5.6532e+05,3.1147e-06,0.82345,0.00042825,0
5.7253e+05,3.029e-06,0.81897,0.00041754,0
5.7983e+05,2.9458e-06,0.8145,0.00040709,0
5.8722e+05,2.8648e-06,0.81004,0.00039691,0
5.9471e+05,2.7861e-06,0.80559,0.00038698,0
6.0229e+05,2.7095e-06,0.80115,0.00037729,0
6.0997e+05,2.635e-06,0.79673,0.00036786,0
6.1774e+05,2.5626e-06,0.79231,0.00035865,0
6.2562e+05,2.4922e-06,0.78791,0.00034968,0
6.336e+05,2.4237e-06,0.78352,0.00034093,0
6.4167e+05,2.3571e-06,0.77914,0.0003324,0
6.4985e+05,2.2923e-06,0.77478,0.00032409,0
6.5814e+05,2.2293e-06,0.77042,0.00031598,0
6.6653e+05,2.168e-06,0.76608,0.00030807,0
6.7503e+05,2.1084e-06,0.76175,0.00030037,0
6.8363e+05,2.0505e-06,0.75743,0.00029285,0
6.9235e+05,1.9941e-06,0.75313,0.00028552,0
7.0117e+05,1.9393e-06,0.74883,0.00027838,0
7.1011e+05,1.886e-06,0.74455,0.00027142,0
7.1917e+05,1.8342e-06,0.74028,0.00026463,0
7.2833e+05,1.7837e-06,0.73602,0.00025801,0
7.3762e+05,1.7347e-06,0.73178,0.00025155,0
7.4702e+05,1.687e-06,0.72755,0.00024526,0
7.5655e+05,1.6407e-06,0.72333,0.00023912,0
7.6619e+05,1.5956e-06,0.71912,0.00023314,0
7.7596e+05,1.5517e-06,0.71493,0.00022731,0
7.8585e+05,1.5091e-06,0.71074,0.00022162,0
7.9587e+05,1.4676e-06,0.70657,0.00021608,0
8.0602e+05,1.4273e-06,0.70242,0.00021067,0
8.1629e+05,1.388e-06,0.69827,0.0002054,0
8.267e+05,1.3499e-06,0.69414,0.00020026,0
8.3724e+05,1.3128e-06,0.69002,0.00019525,0
8.4791e+05,1.2767e-06,0.68592,0.00019037,0
8.5872e+05,1.2416e-06,0.68182,0.0001856,0
8.6967e+05,1.2075e-06,0.67774,0.00018096,0
8.8076e+05,1.1743e-06,0.67367,0.00017643,0
8.9199e+05,1.142e-06,0.66962,0.00017202,0
9.0336e+05,1.1106e-06,0.66558,0.00016771,0
9.1488e+05,1.0801e-06,0.66155,0.00016352,0
9.2654e+05,1.0504e-06,0.65753,0.00015943,0
9.3835e+05,1.0215e-06,0.65353,0.00015544,0
9.5031e+05,9.9347e-07,0.64954,0.00015155,0
9.6243e+05,9.6616e-07,0.64556,0.00014776,0
9.747e+05,9.3961e-07,0.6416,0.00014406,0
9.8713e+05,9.1378e-07,0.63765,0.00014046,0
9.9971e+05,8.8867e-07,0.63371,0.00013694,0
1.0125e+06,8.6907e-07,0.62979,0.00013352,0
1.0254e+06,8.5002e-07,0.62588,0.00013018,1.8604e-08
1.0384e+06,8.3138e-07,0.62198,0.00012692,4.4398e-07
1.0517e+06,8.1315e-07,0.61809,0.00012375,1.4472e-06
1.0651e+06,7.9532e-07,0.61422,0.00012065,3.0503e-06
1.0787e+06,7.7788e-07,0.61036,0.00011763,5.276e-06
1.0924e+06,7.6083e-07,0.60652,0.00011469,8.1478e-06
1.1063e+06,7.4415e-07,0.60269,0.00011182,1.169e-05
1.1204e+06,7.2783e-07,0.59887,0.00010902,1.5926e-05
1.1347e+06,7.1187e-07,0.59506,0.00010629,2.0883e-05
1.1492e+06,6.9627e-07,0.59127,0.00010363,2.6587e-05
1.1638e+06,6.81e-07,0.5875,0.00010104,3.3065e-05
1.1787e+06,6.6607e-07,0.58373,9.8514e-05,4.0344e-05
1.1937e+06,6.5146e-07,0.57998,9.605e-05,4.8453e-05
1.2089e+06,6.3718e-07,0.57625,9.3647e-05,5.7423e-05
1.2243e+06,6.2321e-07,0.57252,9.1304e-05,6.7282e-05
1.2399e+06,6.0955e-07,0.56881,8.902e-05,7.8063e-05
1.2558e+06,5.9618e-07,0.56512,8.6792e-05,8.9797e-05
1.2718e+06,5.8311e-07,0.56144,8.4621e-05,0.00010252
1.288e+06,5.7033e-07,0.55777,8.2504e-05,0.00011626
1.3044e+06,5.5782e-07,0.55411,8.044e-05,0.00013106
1.321e+06,5.4559e-07,0.55047,7.8427e-05,0.00014695
1.3379e+06,5.3363e-07,0.54685,7.6465e-05,0.00016397
1.3549e+06,5.2193e-07,0.54323,7.4552e-05,0.00018215
1.3722e+06,5.1048e-07,0.53963,7.2687e-05,0.00020154
1.3897e+06,4.9929e-07,0.53605,7.0869e-05,0.00022218
1.4074e+06,4.8834e-07,0.53248,6.9096e-05,0.00024411
1.4254e+06,4.7764e-07,0.52892,6.7367e-05,0.00026737
1.4435e+06,4.6717e-07,0.52538,6.5682e-05,0.000292
1.4619e+06,4.5692e-07,0.52185,6.4038e-05,0.00031805
1.4806e+06,4.469e-07,0.51833,6.2436e-05,0.00034557
1.4994e+06,4.3711e-07,0.51483,6.0874e-05,0.0003746
1.5186e+06,4.2752e-07,0.51134,5.9351e-05,0.00040195
1.5379e+06,4.1815e-07,0.50787,5.7866e-05,0.00043155
1.5575e+06,4.0898e-07,0.50441,5.6419e-05,0.00046351
1.5774e+06,4.0001e-07,0.50097,5.5007e-05,0.0004978
1.5975e+06,3.9124e-07,0.49754,5.3631e-05,0.00053442
1.6179e+06,3.8266e-07,0.49412,5.2289e-05,0.00057335
1.6385e+06,3.7427e-07,0.49072,5.0981e-05,0.00061458
1.6594e+06,3.6607e-07,0.48733,4.9706e-05,0.00065808
1.6805e+06,3.5804e-07,0.48396,4.8462e-05,0.00070385
1.7019e+06,3.5019e-07,0.4806,4.725e-05,0.00075187
1.7236e+06,3.4251e-07,0.47725,4.6068e-05,0.00080213
1.7456e+06,3.35e-07,0.47392,4.4915e-05,0.00085461
1.7679e+06,3.2766e-07,0.47061,4.3791e-05,0.0009093
1.7904e+06,3.2048e-07,0.46731,4.2696e-05,0.00096618
1.8132e+06,3.1345e-07,0.46402,4.1628e-05,0.0010252
1.8364e+06,3.0658e-07,0.46075,4.0586e-05,0.0010865
1.8598e+06,2.9985e-07,0.45749,3.9571e-05,0.0011499
1.8835e+06,2.9328e-07,0.45425,3.8581e-05,0.0012154
1.9075e+06,2.8685e-07,0.45102,3.7616e-05,0.001283
1.9318e+06,2.8056e-07,0.4478,3.6675e-05,0.0013528
1.9564e+06,2.7441e-07,0.4446,3.5757e-05,0.0014246
1.9814e+06,2.6839e-07,0.44142,3.4862e-05,0.0014985
2.0066e+06,2.6251e-07,0.43825,3.399e-05,0.0015745
2.0322e+06,2.5675e-07,0.43509,3.314e-05,0.0016526
2.0581e+06,2.5112e-07,0.43195,3.2311e-05,0.0017327
2.0844e+06,2.4562e-07,0.42882,3.1502e-05,0.0018148
2.1109e+06,2.4023e-07,0.42571,3.0714e-05,0.0018989
2.1378e+06,2.3496e-07,0.42262,2.9946e-05,0.001985
2.1651e+06,2.2981e-07,0.41953,2.9197e-05,0.0020731
2.1927e+06,2.2477e-07,0.41647,2.8466e-05,0.0021632
2.2207e+06,2.1985e-07,0.41341,2.7754e-05,0.0022552
2.249e+06,2.1503e-07,0.41037,2.706e-05,0.0023492
2.2776e+06,2.1031e-07,0.40735,2.6383e-05,0.0024451
2.3067e+06,2.057e-07,0.40434,2.5723e-05,0.0025429
2.3361e+06,2.0119e-07,0.40135,2.5079e-05,0.0026426
2.3659e+06,1.9678e-07,0.39837,2.4452e-05,0.0027443
2.396e+06,1.9246e-07,0.39541,2.384e-05,0.0028478
2.4266e+06,1.8824e-07,0.39246,2.3244e-05,0.0029531
2.4575e+06,1.8412e-07,0.38952,2.2662e-05,0.0030603
2.4888e+06,1.8008e-07,0.3866,2.2095e-05,0.0031693
2.5206e+06,1.7613e-07,0.3837,2.1542e-05,0.0032802
2.5527e+06,1.7227e-07,0.38081,2.1003e-05,0.0033929
2.5853e+06,1.6849e-07,0.37793,2.0478e-05,0.0035073
2.6182e+06,1.648e-07,0.37507,1.9966e-05,0.0036236
2.6516e+06,1.6119e-07,0.37222,1.9466e-05,0.0037416
2.6854e+06,1.5765e-07,0.36939,1.8979e-05,0.0038614
2.7196e+06,1.542e-07,0.36658,1.8504e-05,0.0039829
2.7543e+06,1.5081e-07,0.36378,1.8041e-05,0.0041061
2.7894e+06,1.4751e-07,0.36099,1.759e-05,0.0042311
2.825e+06,1.4427e-07,0.35822,1.715e-05,0.0043578
2.861e+06,1.4111e-07,0.35546,1.6721e-05,0.0044862
2.8975e+06,1.3802e-07,0.35272,1.6303e-05,0.0046162
2.9344e+06,1.3499e-07,0.35,1.5895e-05,0.0047479
2.9718e+06,1.3203e-07,0.34728,1.5497e-05,0.0048813
3.0097e+06,1.2891e-07,0.34459,1.5109e-05,0.0050163
3.0481e+06,1.252e-07,0.34191,1.4731e-05,0.0051529
3.0869e+06,1.2161e-07,0.33924,1.4363e-05,0.0052911
3.1263e+06,1.1812e-07,0.33659,1.4003e-05,0.005431
3.1661e+06,1.1473e-07,0.33395,1.3653e-05,0.0055724
3.2065e+06,1.1143e-07,0.33133,1.3312e-05,0.0057155
3.2474e+06,1.0823e-07,0.32872,1.2978e-05,0.00586
3.2888e+06,1.0512e-07,0.32612,1.2654e-05,0.0060062
3.3307e+06,1.021e-07,0.32355,1.2337e-05,0.0061538
3.3732e+06,9.9172e-08,0.32098,1.2029e-05,0.006303
3.4162e+06,9.6324e-08,0.31843,1.1728e-05,0.0064538
3.4597e+06,9.3558e-08,0.3159,1.1434e-05,0.006606
3.5038e+06,9.0872e-08,0.31338,1.1148e-05,0.0067597
3.5485e+06,8.8262e-08,0.31088,1.0869e-05,0.0069149
3.5937e+06,8.5727e-08,0.30839,1.0597e-05,0.0070715
3.6396e+06,8.3266e-08,0.30591,1.0332e-05,0.0072296
3.686e+06,8.0875e-08,0.30345,1.0074e-05,0.0073892
3.733e+06,7.8552e-08,0.301,9.8217e-06,0.0075502
3.7805e+06,7.6296e-08,0.29857,9.576e-06,0.0077126
3.8287e+06,7.4105e-08,0.29616,9.3364e-06,0.0078764
3.8776e+06,7.1977e-08,0.29375,9.1028e-06,0.0080416
3.927e+06,6.991e-08,0.29137,8.8751e-06,0.0082081
3.9771e+06,6.7903e-08,0.28899,8.6531e-06,0.0083761
4.0278e+06,6.5953e-08,0.28664,8.4366e-06,0.0085454
4.0791e+06,6.4059e-08,0.28429,8.2255e-06,0.008716
4.1311e+06,6.2219e-08,0.28196,8.0197e-06,0.008888
4.1838e+06,6.0433e-08,0.27965,7.8191e-06,0.0090613
4.2371e+06,5.8697e-08,0.27735,7.6235e-06,0.0092359
4.2911e+06,5.7012e-08,0.27506,7.4327e-06,0.0094118
4.3458e+06,5.5375e-08,0.27279,7.2468e-06,0.009589
4.4012e+06,5.3784e-08,0.27053,7.0655e-06,0.0097675
4.4573e+06,5.224e-08,0.26829,6.8887e-06,0.0099472
4.5142e+06,5.074e-08,0.26606,6.7164e-06,0.010128
4.5717e+06,4.9283e-08,0.26385,6.5483e-06,0.01031
4.63e+06,4.7868e-08,0.26165,6.3845e-06,0.010494
4.689e+06,4.6493e-08,0.25946,6.2248e-06,0.010679
4.7488e+06,4.5158e-08,0.25729,6.0691e-06,0.010864
4.8094e+06,4.3861e-08,0.25513,5.9172e-06,0.011052
4.8707e+06,4.2602e-08,0.25299,5.7692e-06,0.01124
4.9328e+06,4.1378e-08,0.25086,5.6249e-06,0.011429
4.9957e+06,4.019e-08,0.24874,5.4841e-06,0.01162
5.0593e+06,3.9036e-08,0.24664,5.3469e-06,0.011812
5.1238e+06,3.7915e-08,0.24455,5.2132e-06,0.012004
5.1892e+06,3.6826e-08,0.24248,5.0827e-06,0.012198
5.2553e+06,3.5769e-08,0.24042,4.9556e-06,0.012394
5.3223e+06,3.4741e-08,0.23837,4.8316e-06,0.01259
5.3902e+06,3.3744e-08,0.23634,4.7107e-06,0.012787
5.4589e+06,3.2775e-08,0.23432,4.5929e-06,0.012986
5.5285e+06,3.1834e-08,0.23232,4.478e-06,0.013185
5.599e+06,3.0919e-08,0.23032,4.3659e-06,0.013386
5.6703e+06,3.0032e-08,0.22835,4.2567e-06,0.013587
5.7426e+06,2.9169e-08,0.22638,4.1502e-06,0.01379
5.8158e+06,2.8332e-08,0.22443,4.0464e-06,0.013993
5.89e+06,2.7518e-08,0.22249,3.9451e-06,0.014198
5.9651e+06,2.6728e-08,0.22057,3.8464e-06,0.014404
6.0411e+06,2.596e-08,0.21866,3.7502e-06,0.01461
6.1181e+06,2.5215e-08,0.21676,3.6564e-06,0.014818
6.1961e+06,2.4491e-08,0.21488,3.5649e-06,0.015027
6.2751e+06,2.3787e-08,0.21301,3.4757e-06,0.015236
6.3551e+06,2.3104e-08,0.21115,3.3888e-06,0.015447
6.4362e+06,2.2441e-08,0.20931,3.304e-06,0.015658
6.5182e+06,2.1796e-08,0.20748,3.2213e-06,0.015871
6.6013e+06,2.117e-08,0.20566,3.1407e-06,0.016084
6.6855e+06,2.0563e-08,0.20386,3.0622e-06,0.016298
6.7707e+06,1.9972e-08,0.20206,2.9856e-06,0.016513
6.857e+06,1.9399e-08,0.20028,2.9109e-06,0.016729
6.9444e+06,1.8841e-08,0.19852,2.838e-06,0.016946
7.033e+06,1.83e-08,0.19677,2.767e-06,0.017164
7.1226e+06,1.7775e-08,0.19503,2.6978e-06,0.017383
7.2134e+06,1.7264e-08,0.1933,2.6303e-06,0.017602
7.3054e+06,1.6769e-08,0.19158,2.5645e-06,0.017823
7.3985e+06,1.6287e-08,0.18988,2.5004e-06,0.018044
7.4928e+06,1.5819e-08,0.18819,2.4378e-06,0.018266
7.5884e+06,1.5365e-08,0.18651,2.3768e-06,0.018488
7.6851e+06,1.4924e-08,0.18485,2.3173e-06,0.018712
7.7831e+06,1.4495e-08,0.1832,2.2594e-06,0.018936
7.8823e+06,1.4079e-08,0.18156,2.2028e-06,0.019162
7.9828e+06,1.3675e-08,0.17993,2.1477e-06,0.019387
8.0846e+06,1.3282e-08,0.17831,2.094e-06,0.019614
8.1876e+06,1.2901e-08,0.17671,2.0416e-06,0.019842
8.292e+06,1.253e-08,0.17512,1.9905e-06,0.02007
8.3977e+06,1.217e-08,0.17354,1.9407e-06,0.020299
8.5048e+06,1.1821e-08,0.17197,1.8922e-06,0.020528
8.6132e+06,1.1481e-08,0.17041,1.8448e-06,0.020758
8.723e+06,1.1152e-08,0.16887,1.7987e-06,0.020989
8.8342e+06,1.0832e-08,0.16734,1.7537e-06,0.021221
8.9469e+06,1.052e-08,0.16582,1.7098e-06,0.021454
9.0609e+06,1.0218e-08,0.16431,1.667e-06,0.021687
9.1764e+06,9.9249e-09,0.16281,1.6253e-06,0.02192
9.2934e+06,9.6399e-09,0.16133,1.5847e-06,0.022155
9.4119e+06,9.3631e-09,0.15986,1.545e-06,0.02239
9.5319e+06,9.0942e-09,0.15839,1.5064e-06,0.022625
9.6534e+06,8.8331e-09,0.15694,1.4687e-06,0.022861
9.7765e+06,8.5794e-09,0.1555,1.4319e-06,0.023098
9.9011e+06,8.3331e-09,0.15408,1.3961e-06,0.023336
1.0027e+07,8.0938e-09,0.15266,1.3612e-06,0.023574
1.0155e+07,7.8613e-09,0.15126,1.3271e-06,0.023812
1.0285e+07,7.6356e-09,0.14986,1.2939e-06,0.024052
1.0416e+07,7.4163e-09,0.14848,1.2616e-06,0.024291
1.0549e+07,7.2033e-09,0.14711,1.23e-06,0.024532
1.0683e+07,6.9965e-09,0.14574,1.1992e-06,0.024773
1.0819e+07,6.7956e-09,0.14439,1.1692e-06,0.025014
1.0957e+07,6.6004e-09,0.14305,1.14e-06,0.025256
1.1097e+07,6.4109e-09,0.14173,1.1115e-06,0.025498
1.1238e+07,6.2268e-09,0.14041,1.0836e-06,0.025741
1.1382e+07,6.048e-09,0.1391,1.0565e-06,0.025985
1.1527e+07,5.8743e-09,0.1378,1.0301e-06,0.026229
1.1674e+07,5.7056e-09,0.13652,1.0043e-06,0.026473
1.1822e+07,5.5418e-09,0.13524,9.7921e-07,0.026718
1.1973e+07,5.3826e-09,0.13398,9.5471e-07,0.026964
1.2126e+07,5.2281e-09,0.13272,9.3082e-07,0.027209
1.228e+07,5.0779e-09,0.13148,9.0754e-07,0.027456
1.2437e+07,4.9321e-09,0.13024,8.8483e-07,0.027702
1.2596e+07,4.7905e-09,0.12902,8.6269e-07,0.02795
1.2756e+07,4.6529e-09,0.1278,8.4111e-07,0.028197
1.2919e+07,4.5193e-09,0.1266,8.2007e-07,0.028445
1.3083e+07,4.3895e-09,0.1254,7.9955e-07,0.028694
1.325e+07,4.2635e-09,0.12422,7.7955e-07,0.028942
1.3419e+07,4.141e-09,0.12305,7.6005e-07,0.029192
1.359e+07,4.0221e-09,0.12188,7.4103e-07,0.029441
1.3764e+07,3.9066e-09,0.12073,7.2249e-07,0.029691
1.3939e+07,3.7944e-09,0.11958,7.0442e-07,0.029941
1.4117e+07,3.6855e-09,0.11845,6.8679e-07,0.030192
1.4297e+07,3.5796e-09,0.11732,6.6961e-07,0.030443
1.4479e+07,3.4768e-09,0.1162,6.5286e-07,0.030694
1.4664e+07,3.377e-09,0.1151,6.3653e-07,0.030946
1.485e+07,3.28e-09,0.114,6.206e-07,0.031198
1.504e+07,3.1858e-09,0.11291,6.0507e-07,0.03145
1.5232e+07,3.0944e-09,0.11183,5.8994e-07,0.031703
1.5426e+07,3.0055e-09,0.11076,5.7518e-07,0.031956
1.5622e+07,2.9192e-09,0.1097,5.6079e-07,0.032209
1.5822e+07,2.8354e-09,0.10865,5.4676e-07,0.032462
1.6023e+07,2.7539e-09,0.1076,5.3308e-07,0.032716
1.6228e+07,2.6749e-09,0.10657,5.1974e-07,0.03297
1.6434e+07,2.598e-09,0.10554,5.0674e-07,0.033224
1.6644e+07,2.5234e-09,0.10453,4.9406e-07,0.033479
1.6856e+07,2.451e-09,0.10352,4.817e-07,0.033733
1.7071e+07,2.3806e-09,0.10252,4.6965e-07,0.033988
1.7289e+07,2.3122e-09,0.10153,4.579e-07,0.034243
1.7509e+07,2.2458e-09,0.10055,4.4644e-07,0.034499
1.7732e+07,2.1813e-09,0.099578,4.3528e-07,0.034754
1.7958e+07,2.1187e-09,0.098614,4.2439e-07,0.03501
1.8187e+07,2.0579e-09,0.097658,4.1377e-07,0.035266
1.8419e+07,1.9988e-09,0.09671,4.0342e-07,0.035522
1.8654e+07,1.9414e-09,0.09577,3.9332e-07,0.035779
1.8892e+07,1.8856e-09,0.094839,3.8348e-07,0.036035
1.9133e+07,1.8315e-09,0.093916,3.7389e-07,0.036292
1.9377e+07,1.7789e-09,0.093001,3.6454e-07,0.036549
1.9624e+07,1.7278e-09,0.092095,3.5542e-07,0.036806
1.9874e+07,1.6782e-09,0.091196,3.4652e-07,0.037063
