# 1DMC-N photon cross sections for Mg (Z=12), barn/atom
#grid 600 10000 2e+07
#Z 12
#atomic_weight 24.30500
E_eV,photo,incoh,coh,pair
10064,809.11,4.4823,20.475,0
10192,778.8,4.5126,20.129,0
10322,749.6,4.5428,19.787,0
10453,721.47,4.5727,19.45,0
10587,694.38,4.6024,19.117,0
10722,668.28,4.6319,18.788,0
10858,643.14,4.6612,18.464,0
10997,618.93,4.6902,18.145,0
11137,595.61,4.719,17.83,0
11279,573.16,4.7476,17.519,0
11423,551.53,4.7759,17.212,0
11568,530.7,4.8039,16.91,0
11716,510.65,4.8317,16.612,0
11865,491.34,4.8593,16.319,0
12016,472.74,4.8865,16.03,0
12170,454.84,4.9135,15.745,0
12325,437.61,4.9403,15.465,0
12482,421.01,4.9668,15.188,0
12641,405.03,4.9929,14.916,0
12802,389.65,5.0189,14.649,0
12965,374.85,5.0445,14.385,0
13131,360.59,5.0698,14.125,0
13298,346.87,5.0949,13.87,0
13468,333.67,5.1196,13.619,0
13639,320.96,5.1441,13.371,0
13813,308.72,5.1682,13.128,0
13989,296.95,5.1921,12.889,0
14168,285.61,5.2157,12.653,0
14348,274.71,5.2389,12.422,0
14531,264.21,5.2618,12.194,0
14716,254.11,5.2845,11.97,0
14904,244.39,5.3068,11.75,0
15094,235.03,5.3288,11.534,0
15286,226.03,5.3505,11.321,0
15481,217.37,5.3718,11.112,0
15679,209.04,5.3929,10.907,0
15879,201.02,5.4137,10.705,0
16081,193.3,5.4341,10.506,0
16286,185.88,5.4542,10.312,0
16494,178.74,5.4741,10.12,0
16704,171.87,5.4936,9.9317,0
16917,165.26,5.5128,9.7467,0
17133,158.9,5.5318,9.565,0
17351,152.78,5.5505,9.3864,0
17572,146.89,5.5688,9.2109,0
17796,141.23,5.5869,9.0386,0
18023,135.78,5.6047,8.8693,0
18253,130.54,5.6223,8.7029,0
18486,125.5,5.6395,8.5395,0
18721,120.65,5.6565,8.379,0
18960,115.98,5.6733,8.2213,0
19202,111.49,5.6897,8.0665,0
19446,107.18,5.7059,7.9144,0
19694,103.02,5.7219,7.765,0
19945,99.032,5.7376,7.6183,0
20200,95.191,5.7531,7.4742,0
20457,91.497,5.7684,7.3328,0
20718,87.945,5.7834,7.1938,0
20982,84.528,5.7981,7.0573,0
21250,81.243,5.8127,6.9233,0
21521,78.083,5.8269,6.7916,0
21795,75.044,5.841,6.6623,0
22073,72.122,5.8548,6.5353,0
22354,69.312,5.8683,6.4105,0
22639,66.61,5.8816,6.288,0
22928,64.012,5.8947,6.1675,0
23220,61.514,5.9075,6.0493,0
23516,59.113,5.9201,5.9331,0
23816,56.803,5.9324,5.8189,0
24120,54.583,5.9445,5.7068,0
24427,52.449,5.9564,5.5966,0
24738,50.397,5.968,5.4884,0
25054,48.424,5.9794,5.382,0
25373,46.527,5.9905,5.2775,0
25697,44.704,6.0014,5.1749,0
26024,42.952,6.012,5.074,0
26356,41.267,6.0224,4.975,0
26692,39.647,6.0326,4.8776,0
27032,38.091,6.0425,4.782,0
27377,36.595,6.0522,4.688,0
27726,35.157,6.0616,4.5956,0
28080,33.775,6.0708,4.5049,0
28438,32.446,6.0798,4.4158,0
28800,31.169,6.0885,4.3282,0
29167,29.942,6.097,4.2422,0
29539,28.763,6.1052,4.1576,0
29916,27.63,6.1132,4.0746,0
30297,26.541,6.121,3.9929,0
30683,25.494,6.1285,3.9127,0
31074,24.487,6.1358,3.8339,0
31471,23.521,6.1429,3.7565,0
31872,22.592,6.1497,3.6805,0
32278,21.699,6.1563,3.6058,0
32690,20.841,6.1627,3.5324,0
33106,20.017,6.1688,3.4603,0
33528,19.225,6.1746,3.3895,0
33956,18.464,6.1802,3.32,0
34389,17.733,6.1856,3.2518,0
34827,17.031,6.1907,3.1847,0
35271,16.356,6.1955,3.1189,0
35721,15.708,6.2001,3.0543,0
36176,15.085,6.2045,2.9908,0
36638,14.487,6.2086,2.9285,0
37105,13.912,6.2125,2.8673,0
37578,13.36,6.216,2.8072,0
38057,12.829,6.2194,2.7483,0
38542,12.32,6.2225,2.6904,0
39033,11.83,6.2253,2.6336,0
39531,11.36,6.2278,2.5779,0
40035,10.908,6.2301,2.5231,0
40545,10.475,6.2322,2.4694,0
41062,10.058,6.234,2.4168,0
41586,9.658,6.2355,2.3651,0
42116,9.2736,6.2367,2.3144,0
42653,8.9045,6.2377,2.2646,0
43196,8.5499,6.2385,2.2158,0
43747,8.2093,6.2389,2.168,0
44305,7.8821,6.2392,2.121,0
44870,7.5679,6.2391,2.075,0
45442,7.2661,6.2388,2.0299,0
46021,6.9763,6.2382,1.9857,0
46608,6.6979,6.2374,1.9423,0
47202,6.4305,6.2363,1.8998,0
47804,6.1737,6.2349,1.8581,0
48413,5.9271,6.2333,1.8173,0
49030,5.6902,6.2314,1.7773,0
49655,5.4627,6.2293,1.7381,0
50289,5.2442,6.2269,1.6997,0
50930,5.0344,6.2242,1.6621,0
51579,4.8328,6.2213,1.6252,0
52236,4.6393,6.2181,1.5891,0
52902,4.4534,6.2147,1.5538,0
53577,4.275,6.211,1.5191,0
54260,4.1036,6.207,1.4852,0
54952,3.9391,6.2028,1.452,0
55652,3.7812,6.1984,1.4195,0
56362,3.6295,6.1937,1.3876,0
57080,3.4839,6.1888,1.3565,0
57808,3.3441,6.1836,1.326,0
58545,3.21,6.1782,1.2961,0
59291,3.0811,6.1725,1.2669,0
60047,2.9575,6.1666,1.2382,0
60813,2.8388,6.1605,1.2102,0
61588,2.7248,6.1541,1.1828,0
62373,2.6154,6.1476,1.156,0
63168,2.5104,6.1407,1.1298,0
63974,2.4096,6.1337,1.1041,0
64789,2.3129,6.1264,1.079,0
65615,2.22,6.1189,1.0544,0
66452,2.1308,6.1112,1.0303,0
67299,2.0452,6.1032,1.0068,0
68157,1.963,6.0951,0.98377,0
69026,1.8842,6.0867,0.96125,0
69906,1.8084,6.0781,0.93921,0
70797,1.7358,6.0693,0.91766,0
71700,1.666,6.0603,0.89658,0
72614,1.599,6.0511,0.87597,0
73539,1.5347,6.0417,0.8558,0
74477,1.473,6.032,0.83608,0
75426,1.4137,6.0222,0.8168,0
76388,1.3568,6.0122,0.79794,0
77362,1.3023,6.002,0.77949,0
78348,1.2498,5.9916,0.76146,0
79347,1.1995,5.981,0.74382,0
80359,1.1512,5.9702,0.72658,0
81383,1.1049,5.9592,0.70972,0
82421,1.0604,5.948,0.69323,0
83471,1.0177,5.9367,0.67711,0
84536,0.97665,5.9251,0.66136,0
85613,0.9373,5.9134,0.64595,0
86705,0.89952,5.9015,0.63089,0
87810,0.86327,5.8895,0.61617,0
88930,0.82848,5.8772,0.60178,0
90063,0.79509,5.8648,0.58771,0
91211,0.76305,5.8522,0.57396,0
92374,0.7323,5.8395,0.56051,0
93552,0.70279,5.8266,0.54737,0
94745,0.67447,5.8135,0.53453,0
95953,0.64729,5.8002,0.52198,0
97176,0.62121,5.7869,0.50971,0
98415,0.59618,5.7733,0.49772,0
99669,0.57217,5.7596,0.486,0
1.0094e+05,0.54913,5.7457,0.47455,0
1.0223e+05,0.52702,5.7317,0.46336,0
1.0353e+05,0.50581,5.7176,0.45242,0
1.0485e+05,0.48546,5.7033,0.44173,0
1.0619e+05,0.46593,5.6888,0.43129,0
1.0754e+05,0.44718,5.6742,0.42108,0
1.0891e+05,0.4292,5.6595,0.41111,0
1.103e+05,0.41194,5.6447,0.40136,0
1.1171e+05,0.39538,5.6297,0.39184,0
1.1313e+05,0.3795,5.6145,0.38254,0
1.1457e+05,0.36425,5.5993,0.37345,0
1.1603e+05,0.34962,5.5839,0.36456,0
1.1751e+05,0.33558,5.5684,0.35589,0
1.1901e+05,0.32211,5.5528,0.34741,0
1.2053e+05,0.30918,5.5371,0.33913,0
1.2206e+05,0.29678,5.5212,0.33103,0
1.2362e+05,0.28488,5.5052,0.32313,0
1.252e+05,0.27346,5.4892,0.31541,0
1.2679e+05,0.2625,5.473,0.30786,0
1.2841e+05,0.25198,5.4567,0.3005,0
1.3005e+05,0.24189,5.4403,0.2933,0
1.317e+05,0.23221,5.4238,0.28627,0
1.3338e+05,0.22291,5.4072,0.2794,0
1.3508e+05,0.214,5.3905,0.27269,0
1.3681e+05,0.20544,5.3737,0.26614,0
1.3855e+05,0.19723,5.3568,0.25974,0
1.4032e+05,0.18935,5.3398,0.25349,0
1.4211e+05,0.18179,5.3228,0.24739,0
1.4392e+05,0.17454,5.3056,0.24143,0
1.4575e+05,0.16757,5.2884,0.23561,0
1.4761e+05,0.16089,5.2711,0.22992,0
1.4949e+05,0.15448,5.2537,0.22437,0
1.514e+05,0.14833,5.2362,0.21895,0
1.5333e+05,0.14242,5.2187,0.21365,0
1.5528e+05,0.13675,5.201,0.20848,0
1.5726e+05,0.13131,5.1834,0.20344,0
1.5927e+05,0.12609,5.1656,0.19851,0
1.613e+05,0.12109,5.1478,0.19369,0
1.6335e+05,0.11628,5.1299,0.18899,0
1.6544e+05,0.11167,5.1119,0.18441,0
1.6755e+05,0.10724,5.0939,0.17993,0
1.6968e+05,0.10299,5.0758,0.17555,0
1.7184e+05,0.098912,5.0576,0.17128,0
1.7404e+05,0.094999,5.0394,0.16712,0
1.7625e+05,0.091243,5.0212,0.16305,0
1.785e+05,0.087638,5.0028,0.15908,0
1.8078e+05,0.084179,4.9845,0.1552,0
1.8308e+05,0.080859,4.966,0.15141,0
1.8542e+05,0.077672,4.9475,0.14772,0
1.8778e+05,0.074614,4.929,0.14411,0
1.9017e+05,0.071678,4.9104,0.14059,0
1.926e+05,0.068861,4.8918,0.13716,0
1.9505e+05,0.066157,4.8731,0.1338,0
1.9754e+05,0.063561,4.8544,0.13053,0
2.0006e+05,0.061069,4.8356,0.12733,0
2.0261e+05,0.058677,4.8168,0.12422,0
2.0519e+05,0.056381,4.7979,0.12117,0
2.0781e+05,0.054177,4.779,0.1182,0
2.1046e+05,0.052062,4.7601,0.1153,0
2.1314e+05,0.050031,4.7411,0.11247,0
2.1586e+05,0.048082,4.7221,0.10971,0
2.1861e+05,0.046211,4.7031,0.10702,0
2.214e+05,0.044415,4.684,0.10439,0
2.2422e+05,0.04269,4.665,0.10182,0
2.2708e+05,0.041035,4.6458,0.09932,0
2.2997e+05,0.039446,4.6267,0.096878,0
2.329e+05,0.03792,4.6076,0.094494,0
2.3587e+05,0.036456,4.5884,0.092168,0
2.3888e+05,0.03505,4.5692,0.089898,0
2.4193e+05,0.0337,4.55,0.087684,0
2.4501e+05,0.032404,4.5308,0.085523,0
2.4813e+05,0.03116,4.5115,0.083415,0
2.513e+05,0.029965,4.4923,0.081358,0
2.545e+05,0.028818,4.473,0.079351,0
2.5775e+05,0.027716,4.4538,0.077393,0
2.6103e+05,0.026659,4.4345,0.075483,0
2.6436e+05,0.025643,4.4152,0.073619,0
2.6773e+05,0.024668,4.3959,0.071801,0
2.7114e+05,0.023731,4.3767,0.070027,0
2.746e+05,0.022832,4.3574,0.068297,0
2.781e+05,0.021968,4.3381,0.066609,0
2.8165e+05,0.021139,4.3189,0.064962,0
2.8524e+05,0.020342,4.2996,0.063355,0
2.8887e+05,0.019577,4.2803,0.061788,0
2.9255e+05,0.018841,4.2611,0.060259,0
2.9628e+05,0.018135,4.2418,0.058767,0
3.0006e+05,0.017457,4.2226,0.057312,0
3.0389e+05,0.016806,4.2034,0.055893,0
3.0776e+05,0.01618,4.1842,0.054509,0
3.1169e+05,0.015579,4.165,0.053159,0
3.1566e+05,0.015001,4.1459,0.051842,0
3.1968e+05,0.014446,4.1267,0.050558,0
3.2376e+05,0.013913,4.1076,0.049305,0
3.2789e+05,0.013401,4.0885,0.048083,0
3.3207e+05,0.012908,4.0693,0.04689,0
3.363e+05,0.012435,4.0503,0.045728,0
3.4059e+05,0.011981,4.0312,0.044593,0
3.4493e+05,0.011544,4.0121,0.043487,0
3.4933e+05,0.011124,3.9931,0.042408,0
3.5378e+05,0.01072,3.9741,0.041356,0
3.5829e+05,0.010332,3.9551,0.040329,0
3.6286e+05,0.0099595,3.9361,0.039328,0
3.6748e+05,0.0096011,3.9172,0.038352,0
3.7217e+05,0.0092566,3.8983,0.037399,0
3.7691e+05,0.0089253,3.8794,0.03647,0
3.8172e+05,0.0086069,3.8605,0.035564,0
3.8659e+05,0.0083008,3.8416,0.034681,0
3.9151e+05,0.0080064,3.8228,0.033819,0
3.9651e+05,0.0077233,3.804,0.032979,0
4.0156e+05,0.0074511,3.7852,0.032159,0
4.0668e+05,0.0071894,3.7664,0.03136,0
4.1186e+05,0.0069376,3.7477,0.03058,0
4.1711e+05,0.0066955,3.729,0.02982,0
4.2243e+05,0.0064626,3.7103,0.029079,0
4.2782e+05,0.0062385,3.6917,0.028356,0
4.3327e+05,0.006023,3.6731,0.027651,0
4.388e+05,0.0058156,3.6545,0.026963,0
4.4439e+05,0.005616,3.636,0.026292,0
4.5006e+05,0.0054239,3.6175,0.025638,0
4.5579e+05,0.0052391,3.599,0.025,0
4.616e+05,0.0050612,3.5805,0.024377,0
4.6749e+05,0.00489,3.5621,0.02377,0
4.7345e+05,0.0047251,3.5437,0.023178,0
4.7948e+05,0.0045664,3.5254,0.022601,0
4.856e+05,0.0044137,3.5071,0.022038,0
4.9179e+05,0.0042665,3.4889,0.021489,0
4.9806e+05,0.0041249,3.4706,0.020953,0
5.0441e+05,0.0040043,3.4524,0.02043,0
5.1084e+05,0.0038943,3.4341,0.019919,0
5.1735e+05,0.0037872,3.4159,0.01942,0
5.2395e+05,0.0036832,3.3978,0.018934,0
5.3063e+05,0.0035819,3.3797,0.018461,0
5.3739e+05,0.0034835,3.3616,0.017999,0
5.4424e+05,0.0033877,3.3435,0.017549,0
5.5118e+05,0.0032946,3.3256,0.01711,0
5.5821e+05,0.0032041,3.3076,0.016681,0
5.6532e+05,0.003116,3.2897,0.016264,0
5.7253e+05,0.0030304,3.2718,0.015857,0
5.7983e+05,0.0029471,3.254,0.015461,0
5.8722e+05,0.0028661,3.2363,0.015074,0
5.9471e+05,0.0027873,3.2185,0.014697,0
6.0229e+05,0.0027107,3.2009,0.014329,0
6.0997e+05,0.0026362,3.1832,0.01397,0
6.1774e+05,0.0025637,3.1656,0.013621,0
6.2562e+05,0.0024933,3.1481,0.01328,0
6.336e+05,0.0024247,3.1306,0.012948,0
6.4167e+05,0.0023581,3.1131,0.012624,0
6.4985e+05,0.0022933,3.0957,0.012308,0
6.5814e+05,0.0022302,3.0784,0.012,0
6.6653e+05,0.0021689,3.0611,0.0117,0
6.7503e+05,0.0021093,3.0438,0.011407,0
6.8363e+05,0.0020514,3.0266,0.011122,0
6.9235e+05,0.001995,3.0094,0.010844,0
7.0117e+05,0.0019401,2.9923,0.010572,0
7.1011e+05,0.0018868,2.9752,0.010308,0
7.1917e+05,0.001835,2.9582,0.01005,0
7.2833e+05,0.0017845,2.9412,0.0097986,0
7.3762e+05,0.0017355,2.9243,0.0095534,0
7.4702e+05,0.0016878,2.9074,0.0093144,0
7.5655e+05,0.0016414,2.8906,0.0090814,0
7.6619e+05,0.0015963,2.8738,0.0088542,0
7.7596e+05,0.0015524,2.8571,0.0086327,0
7.8585e+05,0.0015097,2.8404,0.0084167,0
7.9587e+05,0.0014682,2.8238,0.0082061,0
8.0602e+05,0.0014279,2.8072,0.0080008,0
8.1629e+05,0.0013886,2.7907,0.0078007,0
8.267e+05,0.0013505,2.7742,0.0076055,0
8.3724e+05,0.0013133,2.7578,0.0074152,0
8.4791e+05,0.0012773,2.7414,0.0072297,0
8.5872e+05,0.0012421,2.725,0.0070489,0
8.6967e+05,0.001208,2.7088,0.0068725,0
8.8076e+05,0.0011748,2.6925,0.0067006,0
8.9199e+05,0.0011425,2.6764,0.0065329,0
9.0336e+05,0.0011111,2.6602,0.0063695,0
9.1488e+05,0.0010806,2.6442,0.0062101,0
9.2654e+05,0.0010509,2.6281,0.0060548,0
9.3835e+05,0.001022,2.6122,0.0059033,0
9.5031e+05,0.0009939,2.5962,0.0057556,0
9.6243e+05,0.00096658,2.5804,0.0056116,0
9.747e+05,0.00094002,2.5645,0.0054712,0
9.8713e+05,0.00091418,2.5488,0.0053343,0
9.9971e+05,0.00088905,2.5331,0.0052009,0
1.0125e+06,0.00086945,2.5174,0.0050708,0
1.0254e+06,0.00085038,2.5018,0.0049439,3.1042e-07
1.0384e+06,0.00083174,2.4862,0.0048202,7.4082e-06
1.0517e+06,0.0008135,2.4707,0.0046996,2.4148e-05
1.0651e+06,0.00079567,2.4553,0.0045821,5.0897e-05
1.0787e+06,0.00077822,2.4399,0.0044674,8.8035e-05
1.0924e+06,0.00076116,2.4245,0.0043557,0.00013595
1.1063e+06,0.00074447,2.4092,0.0042467,0.00019505
1.1204e+06,0.00072815,2.394,0.0041404,0.00026574
1.1347e+06,0.00071218,2.3788,0.0040369,0.00034846
1.1492e+06,0.00069657,2.3636,0.0039359,0.00044363
1.1638e+06,0.00068129,2.3486,0.0038374,0.00055171
1.1787e+06,0.00066636,2.3335,0.0037414,0.00067317
1.1937e+06,0.00065175,2.3186,0.0036478,0.00080848
1.2089e+06,0.00063746,2.3036,0.0035565,0.00095814
1.2243e+06,0.00062348,2.2888,0.0034675,0.0011227
1.2399e+06,0.00060981,2.274,0.0033808,0.0013025
1.2558e+06,0.00059644,2.2592,0.0032962,0.0014983
1.2718e+06,0.00058336,2.2445,0.0032137,0.0017106
1.288e+06,0.00057057,2.2298,0.0031333,0.0019399
1.3044e+06,0.00055806,2.2153,0.003055,0.0021868
1.321e+06,0.00054583,2.2007,0.0029785,0.0024519
1.3379e+06,0.00053386,2.1862,0.002904,0.0027359
1.3549e+06,0.00052215,2.1718,0.0028314,0.0030393
1.3722e+06,0.00051071,2.1574,0.0027605,0.0033629
1.3897e+06,0.00049951,2.1431,0.0026915,0.0037073
1.4074e+06,0.00048856,2.1288,0.0026241,0.0040731
1.4254e+06,0.00047784,2.1146,0.0025585,0.0044612
1.4435e+06,0.00046737,2.1005,0.0024945,0.0048722
1.4619e+06,0.00045712,2.0864,0.0024321,0.0053069
1.4806e+06,0.0004471,2.0723,0.0023712,0.0057661
1.4994e+06,0.0004373,2.0584,0.0023119,0.0062506
1.5186e+06,0.00042771,2.0444,0.0022541,0.0067245
1.5379e+06,0.00041833,2.0305,0.0021977,0.0072296
1.5575e+06,0.00040916,2.0167,0.0021427,0.0077669
1.5774e+06,0.00040019,2.003,0.0020891,0.0083361
1.5975e+06,0.00039141,1.9893,0.0020368,0.0089369
1.6179e+06,0.00038283,1.9756,0.0019859,0.0095692
1.6385e+06,0.00037444,1.962,0.0019362,0.010233
1.6594e+06,0.00036623,1.9485,0.0018877,0.010927
1.6805e+06,0.0003582,1.935,0.0018405,0.011652
1.7019e+06,0.00035034,1.9216,0.0017945,0.012408
1.7236e+06,0.00034266,1.9082,0.0017496,0.013194
1.7456e+06,0.00033515,1.8949,0.0017058,0.01401
1.7679e+06,0.0003278,1.8817,0.0016631,0.014856
1.7904e+06,0.00032061,1.8685,0.0016215,0.015731
1.8132e+06,0.00031358,1.8554,0.0015809,0.016636
1.8364e+06,0.00030671,1.8423,0.0015414,0.017569
1.8598e+06,0.00029998,1.8293,0.0015028,0.018532
1.8835e+06,0.00029341,1.8163,0.0014652,0.019523
1.9075e+06,0.00028697,1.8034,0.0014286,0.020543
1.9318e+06,0.00028068,1.7906,0.0013928,0.021591
1.9564e+06,0.00027453,1.7778,0.001358,0.022667
1.9814e+06,0.00026851,1.765,0.001324,0.02377
2.0066e+06,0.00026262,1.7524,0.0012909,0.024902
2.0322e+06,0.00025686,1.7398,0.0012586,0.02606
2.0581e+06,0.00025123,1.7272,0.0012271,0.027246
2.0844e+06,0.00024572,1.7147,0.0011964,0.028458
2.1109e+06,0.00024034,1.7023,0.0011665,0.029697
2.1378e+06,0.00023507,1.6899,0.0011373,0.030963
2.1651e+06,0.00022991,1.6776,0.0011088,0.032254
2.1927e+06,0.00022487,1.6653,0.0010811,0.033572
2.2207e+06,0.00021994,1.6531,0.001054,0.034915
2.249e+06,0.00021512,1.641,0.0010277,0.036284
2.2776e+06,0.0002104,1.6289,0.001002,0.037679
2.3067e+06,0.00020579,1.6169,0.0009769,0.039098
2.3361e+06,0.00020128,1.6049,0.00095246,0.040543
2.3659e+06,0.00019686,1.593,0.00092863,0.042012
2.396e+06,0.00019255,1.5812,0.0009054,0.043505
2.4266e+06,0.00018833,1.5694,0.00088275,0.045023
2.4575e+06,0.0001842,1.5576,0.00086066,0.046565
2.4888e+06,0.00018016,1.546,0.00083913,0.048131
2.5206e+06,0.00017621,1.5344,0.00081814,0.04972
2.5527e+06,0.00017234,1.5228,0.00079767,0.051333
2.5853e+06,0.00016857,1.5113,0.00077771,0.052969
2.6182e+06,0.00016487,1.4999,0.00075826,0.054628
2.6516e+06,0.00016126,1.4885,0.00073929,0.05631
2.6854e+06,0.00015772,1.4772,0.00072079,0.058015
2.7196e+06,0.00015426,1.4659,0.00070276,0.059741
2.7543e+06,0.00015088,1.4547,0.00068518,0.061491
2.7894e+06,0.00014757,1.4436,0.00066803,0.063262
2.825e+06,0.00014434,1.4325,0.00065132,0.065055
2.861e+06,0.00014117,1.4215,0.00063503,0.066869
2.8975e+06,0.00013808,1.4105,0.00061914,0.068705
2.9344e+06,0.00013505,1.3996,0.00060365,0.070562
2.9718e+06,0.00013209,1.3888,0.00058855,0.07244
3.0097e+06,0.00012896,1.378,0.00057382,0.074339
3.0481e+06,0.00012526,1.3673,0.00055947,0.076259
3.0869e+06,0.00012166,1.3566,0.00054547,0.078199
3.1263e+06,0.00011817,1.346,0.00053182,0.080159
3.1661e+06,0.00011478,1.3355,0.00051852,0.082139
3.2065e+06,0.00011148,1.325,0.00050555,0.084139
3.2474e+06,0.00010828,1.3146,0.0004929,0.086159
3.2888e+06,0.00010517,1.3042,0.00048057,0.088198
3.3307e+06,0.00010215,1.2939,0.00046854,0.090257
3.3732e+06,9.9215e-05,1.2837,0.00045682,0.092334
3.4162e+06,9.6366e-05,1.2735,0.00044539,0.09443
3.4597e+06,9.3599e-05,1.2633,0.00043425,0.096545
3.5038e+06,9.0911e-05,1.2533,0.00042339,0.098679
3.5485e+06,8.83e-05,1.2433,0.00041279,0.10083
3.5937e+06,8.5765e-05,1.2333,0.00040247,0.103
3.6396e+06,8.3302e-05,1.2234,0.0003924,0.10519
3.686e+06,8.091e-05,1.2136,0.00038258,0.10739
3.733e+06,7.8586e-05,1.2038,0.00037301,0.10962
3.7805e+06,7.6329e-05,1.1941,0.00036368,0.11186
3.8287e+06,7.4138e-05,1.1844,0.00035458,0.11411
3.8776e+06,7.2009e-05,1.1748,0.00034571,0.11639
3.927e+06,6.9941e-05,1.1653,0.00033706,0.11868
3.9771e+06,6.7932e-05,1.1558,0.00032863,0.12099
4.0278e+06,6.5982e-05,1.1463,0.00032041,0.12331
4.0791e+06,6.4087e-05,1.137,0.00031239,0.12565
4.1311e+06,6.2246e-05,1.1277,0.00030457,0.12801
4.1838e+06,6.0459e-05,1.1184,0.00029695,0.13038
4.2371e+06,5.8723e-05,1.1092,0.00028952,0.13277
4.2911e+06,5.7036e-05,1.1001,0.00028228,0.13518
4.3458e+06,5.5399e-05,1.091,0.00027522,0.1376
4.4012e+06,5.3808e-05,1.082,0.00026833,0.14003
4.4573e+06,5.2263e-05,1.073,0.00026162,0.14248
4.5142e+06,5.0762e-05,1.0641,0.00025508,0.14495
4.5717e+06,4.9304e-05,1.0552,0.00024869,0.14743
4.63e+06,4.7888e-05,1.0464,0.00024247,0.14992
4.689e+06,4.6513e-05,1.0377,0.00023641,0.15243
4.7488e+06,4.5177e-05,1.029,0.00023049,0.15495
4.8094e+06,4.388e-05,1.0204,0.00022472,0.15749
4.8707e+06,4.262e-05,1.0118,0.0002191,0.16004
4.9328e+06,4.1396e-05,1.0033,0.00021362,0.1626
4.9957e+06,4.0207e-05,0.99482,0.00020828,0.16518
5.0593e+06,3.9053e-05,0.98642,0.00020307,0.16777
5.1238e+06,3.7931e-05,0.97807,0.00019799,0.17037
5.1892e+06,3.6842e-05,0.96978,0.00019303,0.17299
5.2553e+06,3.5784e-05,0.96154,0.0001882,0.17562
5.3223e+06,3.4756e-05,0.95336,0.00018349,0.17826
5.3902e+06,3.3758e-05,0.94523,0.0001789,0.18092
5.4589e+06,3.2789e-05,0.93716,0.00017443,0.18359
5.5285e+06,3.1847e-05,0.92914,0.00017006,0.18627
5.599e+06,3.0933e-05,0.92118,0.00016581,0.18896
5.6703e+06,3.0045e-05,0.91327,0.00016166,0.19166
5.7426e+06,2.9182e-05,0.90542,0.00015762,0.19438
5.8158e+06,2.8344e-05,0.89762,0.00015367,0.1971
5.89e+06,2.753e-05,0.88987,0.00014983,0.19984
5.9651e+06,2.6739e-05,0.88218,0.00014608,0.20259
6.0411e+06,2.5971e-05,0.87454,0.00014243,0.20535
6.1181e+06,2.5226e-05,0.86695,0.00013886,0.20812
6.1961e+06,2.4501e-05,0.85942,0.00013539,0.2109
6.2751e+06,2.3798e-05,0.85194,0.000132,0.2137
6.3551e+06,2.3114e-05,0.84452,0.0001287,0.2165
6.4362e+06,2.2451e-05,0.83714,0.00012548,0.21931
6.5182e+06,2.1806e-05,0.82982,0.00012234,0.22214
6.6013e+06,2.118e-05,0.82255,0.00011928,0.22497
6.6855e+06,2.0571e-05,0.81534,0.0001163,0.22782
6.7707e+06,1.9981e-05,0.80817,0.00011339,0.23067
6.857e+06,1.9407e-05,0.80106,0.00011055,0.23353
6.9444e+06,1.885e-05,0.79399,0.00010778,0.2364
7.033e+06,1.8308e-05,0.78698,0.00010509,0.23928
7.1226e+06,1.7783e-05,0.78002,0.00010246,0.24218
7.2134e+06,1.7272e-05,0.77311,9.9894e-05,0.24507
7.3054e+06,1.6776e-05,0.76626,9.7395e-05,0.24798
7.3985e+06,1.6294e-05,0.75945,9.4959e-05,0.2509
7.4928e+06,1.5826e-05,0.75269,9.2583e-05,0.25383
7.5884e+06,1.5372e-05,0.74598,9.0267e-05,0.25676
7.6851e+06,1.493e-05,0.73932,8.8008e-05,0.2597
7.7831e+06,1.4502e-05,0.73271,8.5807e-05,0.26265
7.8823e+06,1.4085e-05,0.72616,8.366e-05,0.26561
7.9828e+06,1.3681e-05,0.71965,8.1567e-05,0.26857
8.0846e+06,1.3288e-05,0.71318,7.9526e-05,0.27155
8.1876e+06,1.2906e-05,0.70677,7.7537e-05,0.27453
8.292e+06,1.2536e-05,0.70041,7.5597e-05,0.27752
8.3977e+06,1.2176e-05,0.69409,7.3706e-05,0.28051
8.5048e+06,1.1826e-05,0.68782,7.1862e-05,0.28352
8.6132e+06,1.1486e-05,0.6816,7.0064e-05,0.28653
8.723e+06,1.1157e-05,0.67543,6.8311e-05,0.28954
8.8342e+06,1.0836e-05,0.6693,6.6602e-05,0.29256
8.9469e+06,1.0525e-05,0.66323,6.4936e-05,0.29559
9.0609e+06,1.0223e-05,0.65719,6.3311e-05,0.29863
9.1764e+06,9.9292e-06,0.65121,6.1727e-05,0.30167
9.2934e+06,9.6441e-06,0.64527,6.0183e-05,0.30472
9.4119e+06,9.3672e-06,0.63938,5.8677e-05,0.30778
9.5319e+06,9.0982e-06,0.63353,5.7209e-05,0.31084
9.6534e+06,8.8369e-06,0.62773,5.5778e-05,0.3139
9.7765e+06,8.5831e-06,0.62197,5.4382e-05,0.31697
9.9011e+06,8.3367e-06,0.61626,5.3022e-05,0.32005
1.0027e+07,8.0973e-06,0.6106,5.1695e-05,0.32313
1.0155e+07,7.8647e-06,0.60498,5.0402e-05,0.32622
1.0285e+07,7.6389e-06,0.5994,4.9141e-05,0.32931
1.0416e+07,7.4195e-06,0.59387,4.7912e-05,0.33241
1.0549e+07,7.2065e-06,0.58838,4.6713e-05,0.33551
1.0683e+07,6.9995e-06,0.58294,4.5544e-05,0.33862
1.0819e+07,6.7985e-06,0.57754,4.4405e-05,0.34173
1.0957e+07,6.6033e-06,0.57218,4.3294e-05,0.34485
1.1097e+07,6.4137e-06,0.56687,4.2211e-05,0.34797
1.1238e+07,6.2295e-06,0.5616,4.1155e-05,0.3511
1.1382e+07,6.0506e-06,0.55637,4.0125e-05,0.35423
1.1527e+07,5.8769e-06,0.55118,3.9121e-05,0.35736
1.1674e+07,5.7081e-06,0.54604,3.8143e-05,0.36049
1.1822e+07,5.5442e-06,0.54093,3.7188e-05,0.36364
1.1973e+07,5.385e-06,0.53587,3.6258e-05,0.36678
1.2126e+07,5.2303e-06,0.53085,3.5351e-05,0.36993
1.228e+07,5.0801e-06,0.52588,3.4467e-05,0.37308
1.2437e+07,4.9343e-06,0.52094,3.3604e-05,0.37623
1.2596e+07,4.7926e-06,0.51604,3.2764e-05,0.37939
1.2756e+07,4.6549e-06,0.51118,3.1944e-05,0.38255
1.2919e+07,4.5213e-06,0.50637,3.1145e-05,0.38571
1.3083e+07,4.3914e-06,0.50159,3.0365e-05,0.38888
1.325e+07,4.2653e-06,0.49686,2.9606e-05,0.39205
1.3419e+07,4.1428e-06,0.49216,2.8865e-05,0.39522
1.359e+07,4.0239e-06,0.4875,2.8143e-05,0.39839
1.3764e+07,3.9083e-06,0.48288,2.7439e-05,0.40157
1.3939e+07,3.7961e-06,0.4783,2.6752e-05,0.40475
1.4117e+07,3.6871e-06,0.47376,2.6083e-05,0.40793
1.4297e+07,3.5812e-06,0.46925,2.5431e-05,0.41111
1.4479e+07,3.4784e-06,0.46479,2.4794e-05,0.41429
1.4664e+07,3.3785e-06,0.46036,2.4174e-05,0.41748
1.485e+07,3.2815e-06,0.45597,2.3569e-05,0.42067
1.504e+07,3.1872e-06,0.45161,2.298e-05,0.42386
1.5232e+07,3.0957e-06,0.4473,2.2405e-05,0.42705
1.5426e+07,3.0068e-06,0.44302,2.1844e-05,0.43024
1.5622e+07,2.9205e-06,0.43877,2.1298e-05,0.43343
1.5822e+07,2.8366e-06,0.43457,2.0765e-05,0.43662
1.6023e+07,2.7551e-06,0.4304,2.0245e-05,0.43982
1.6228e+07,2.676e-06,0.42626,1.9739e-05,0.44302
1.6434e+07,2.5992e-06,0.42216,1.9245e-05,0.44621
1.6644e+07,2.5245e-06,0.4181,1.8764e-05,0.44941
1.6856e+07,2.452e-06,0.41407,1.8294e-05,0.45261
1.7071e+07,2.3816e-06,0.41007,1.7836e-05,0.45581
1.7289e+07,2.3132e-06,0.40611,1.739e-05,0.459
1.7509e+07,2.2468e-06,0.40219,1.6955e-05,0.4622
1.7732e+07,2.1823e-06,0.3983,1.6531e-05,0.4654
1.7958e+07,2.1196e-06,0.39444,1.6117e-05,0.4686
1.8187e+07,2.0587e-06,0.39061,1.5714e-05,0.4718
1.8419e+07,1.9996e-06,0.38682,1.5321e-05,0.475
1.8654e+07,1.9422e-06,0.38307,1.4938e-05,0.4782
1.8892e+07,1.8864e-06,0.37934,1.4564e-05,0.4814
1.9133e+07,1.8323e-06,0.37565,1.42e-05,0.4846
1.9377e+07,1.7796e-06,0.37199,1.3844e-05,0.48779
1.9624e+07,1.7285e-06,0.36837,1.3498e-05,0.49099
1.9874e+07,1.6789e-06,0.36477,1.316e-05,0.49419
