# 1DMC-N photon cross sections for Mn (Z=25), barn/atom
#grid 600 10000 2e+07
#Z 25
#atomic_weight 54.93800
E_eV,photo,incoh,coh,pair
10064,13467,7.8032,99.588,0
10192,13013,7.8594,98.178,0
10322,12574,7.9153,96.787,0
10453,12149,7.9711,95.414,0
10587,11739,8.0266,94.059,0
10722,11342,8.0819,92.722,0
10858,10959,8.1369,91.403,0
10997,10588,8.1918,90.1,0
11137,10230,8.2464,88.814,0
11279,9883.7,8.3007,87.545,0
11423,9548.9,8.3548,86.292,0
11568,9225.1,8.4087,85.055,0
11716,8912.2,8.4623,83.833,0
11865,8609.6,8.5157,82.626,0
12016,8317,8.5688,81.434,0
12170,8034.2,8.6216,80.257,0
12325,7760.7,8.6742,79.095,0
12482,7496.3,8.7266,77.947,0
12641,7240.7,8.7786,76.812,0
12802,6993.6,8.8304,75.692,0
12965,6754.6,8.8819,74.585,0
13131,6523.6,8.9332,73.491,0
13298,6300.2,8.9842,72.41,0
13468,6084.2,9.0349,71.342,0
13639,5875.4,9.0853,70.287,0
13813,5673.6,9.1355,69.244,0
13989,5478.4,9.1854,68.213,0
14168,5289.7,9.235,67.195,0
14348,5107.2,9.2843,66.188,0
14531,4930.9,9.3333,65.194,0
14716,4760.3,9.3821,64.21,0
14904,4595.5,9.4306,63.238,0
15094,4436.1,9.4788,62.278,0
15286,4282,9.5267,61.328,0
15481,4133.1,9.5743,60.389,0
15679,3989.1,9.6217,59.461,0
15879,3850,9.6687,58.543,0
16081,3715.5,9.7155,57.636,0
16286,3585.6,9.7619,56.738,0
16494,3460,9.8081,55.851,0
16704,3338.7,9.8539,54.973,0
16917,3221.5,9.8994,54.104,0
17133,3108.2,9.9446,53.245,0
17351,2998.9,9.9895,52.395,0
17572,2893.2,10.034,51.555,0
17796,2791.1,10.078,50.723,0
18023,2692.6,10.122,49.9,0
18253,2597.4,10.166,49.086,0
18486,2505.5,10.209,48.281,0
18721,2416.7,10.252,47.484,0
18960,2331,10.294,46.695,0
19202,2248.2,10.337,45.914,0
19446,2168.3,10.379,45.142,0
19694,2091.2,10.42,44.378,0
19945,2016.7,10.461,43.622,0
20200,1944.9,10.502,42.874,0
20457,1875.5,10.542,42.134,0
20718,1808.5,10.582,41.402,0
20982,1743.9,10.622,40.679,0
21250,1681.5,10.661,39.963,0
21521,1621.3,10.7,39.256,0
21795,1563.2,10.739,38.558,0
22073,1507.2,10.777,37.868,0
22354,1453.1,10.815,37.187,0
22639,1400.9,10.852,36.515,0
22928,1350.5,10.889,35.851,0
23220,1301.9,10.925,35.196,0
23516,1255,10.961,34.55,0
23816,1209.8,10.997,33.913,0
24120,1166.1,11.032,33.284,0
24427,1124,11.067,32.665,0
24738,1083.4,11.101,32.054,0
25054,1044.2,11.135,31.452,0
25373,1006.4,11.168,30.86,0
25697,969.9,11.201,30.276,0
26024,934.72,11.233,29.7,0
26356,900.79,11.265,29.134,0
26692,868.07,11.296,28.576,0
27032,836.51,11.327,28.028,0
27377,806.07,11.357,27.488,0
27726,776.71,11.387,26.956,0
28080,748.4,11.416,26.433,0
28438,721.1,11.445,25.919,0
28800,694.78,11.473,25.414,0
29167,669.39,11.5,24.917,0
29539,644.91,11.528,24.428,0
29916,621.31,11.554,23.947,0
30297,598.55,11.58,23.475,0
30683,576.6,11.605,23.011,0
31074,555.45,11.63,22.555,0
31471,535.05,11.654,22.107,0
31872,515.38,11.678,21.668,0
32278,496.43,11.701,21.236,0
32690,478.15,11.724,20.811,0
33106,460.54,11.746,20.395,0
33528,443.56,11.767,19.986,0
33956,427.2,11.788,19.585,0
34389,411.42,11.808,19.191,0
34827,396.22,11.827,18.804,0
35271,381.57,11.846,18.425,0
35721,367.45,11.865,18.052,0
36176,353.85,11.882,17.687,0
36638,340.73,11.899,17.329,0
37105,328.1,11.916,16.978,0
37578,315.92,11.931,16.633,0
38057,304.19,11.947,16.295,0
38542,292.89,11.961,15.964,0
39033,282,11.975,15.639,0
39531,271.5,11.988,15.32,0
40035,261.39,12.001,15.008,0
40545,251.66,12.013,14.702,0
41062,242.28,12.024,14.402,0
41586,233.24,12.035,14.108,0
42116,224.53,12.045,13.82,0
42653,216.15,12.054,13.537,0
43196,208.07,12.063,13.261,0
43747,200.29,12.072,12.989,0
44305,192.8,12.08,12.723,0
44870,185.58,12.087,12.462,0
45442,178.63,12.094,12.206,0
46021,171.93,12.1,11.955,0
46608,165.48,12.106,11.709,0
47202,159.27,12.111,11.468,0
47804,153.29,12.116,11.232,0
48413,147.53,12.12,11,0
49030,141.98,12.124,10.773,0
49655,136.64,12.128,10.55,0
50289,131.5,12.131,10.332,0
50930,126.54,12.134,10.117,0
51579,121.77,12.137,9.9073,0
52236,117.18,12.139,9.7013,0
52902,112.76,12.14,9.4993,0
53577,108.5,12.142,9.3013,0
54260,104.4,12.142,9.1071,0
54952,100.45,12.143,8.9168,0
55652,96.656,12.142,8.7302,0
56362,92.999,12.142,8.5472,0
57080,89.479,12.14,8.3678,0
57808,86.09,12.138,8.1919,0
58545,82.828,12.136,8.0195,0
59291,79.688,12.133,7.8505,0
60047,76.666,12.13,7.6848,0
60813,73.757,12.126,7.5224,0
61588,70.958,12.121,7.3631,0
62373,68.263,12.116,7.207,0
63168,65.67,12.11,7.054,0
63974,63.174,12.104,6.904,0
64789,60.772,12.097,6.7569,0
65615,58.46,12.089,6.6128,0
66452,56.235,12.081,6.4714,0
67299,54.094,12.073,6.3329,0
68157,52.034,12.064,6.1971,0
69026,50.051,12.054,6.0639,0
69906,48.143,12.044,5.9334,0
70797,46.308,12.034,5.8055,0
71700,44.541,12.023,5.6801,0
72614,42.841,12.011,5.5571,0
73539,41.206,12,5.4366,0
74477,39.632,11.987,5.3185,0
75426,38.118,11.975,5.2027,0
76388,36.662,11.961,5.0893,0
77362,35.26,11.948,4.978,0
78348,33.912,11.934,4.869,0
79347,32.615,11.919,4.7622,0
80359,31.367,11.905,4.6574,0
81383,30.166,11.89,4.5547,0
82421,29.01,11.874,4.4541,0
83471,27.899,11.858,4.3555,0
84536,26.83,11.842,4.2589,0
85613,25.802,11.825,4.1643,0
86705,24.813,11.808,4.0716,0
87810,23.861,11.791,3.9808,0
88930,22.946,11.773,3.8918,0
90063,22.066,11.755,3.8047,0
91211,21.219,11.736,3.7193,0
92374,20.405,11.717,3.6358,0
93552,19.622,11.698,3.5539,0
94745,18.869,11.678,3.4738,0
95953,18.144,11.658,3.3954,0
97176,17.447,11.638,3.3186,0
98415,16.777,11.617,3.2434,0
99669,16.133,11.596,3.1698,0
1.0094e+05,15.513,11.574,3.0978,0
1.0223e+05,14.918,11.552,3.0273,0
1.0353e+05,14.345,11.529,2.9584,0
1.0485e+05,13.794,11.506,2.8909,0
1.0619e+05,13.264,11.483,2.8248,0
1.0754e+05,12.755,11.46,2.7602,0
1.0891e+05,12.265,11.436,2.697,0
1.103e+05,11.793,11.411,2.6351,0
1.1171e+05,11.34,11.386,2.5746,0
1.1313e+05,10.905,11.361,2.5153,0
1.1457e+05,10.486,11.336,2.4574,0
1.1603e+05,10.083,11.31,2.4007,0
1.1751e+05,9.6959,11.284,2.3453,0
1.1901e+05,9.3235,11.258,2.2911,0
1.2053e+05,8.9654,11.231,2.2381,0
1.2206e+05,8.6211,11.204,2.1862,0
1.2362e+05,8.2901,11.176,2.1355,0
1.252e+05,7.9718,11.148,2.0859,0
1.2679e+05,7.6658,11.12,2.0375,0
1.2841e+05,7.3715,11.092,1.99,0
1.3005e+05,7.0886,11.063,1.9437,0
1.317e+05,6.8166,11.034,1.8984,0
1.3338e+05,6.555,11.005,1.8541,0
1.3508e+05,6.3035,10.975,1.8107,0
1.3681e+05,6.0618,10.945,1.7684,0
1.3855e+05,5.8293,10.915,1.727,0
1.4032e+05,5.6058,10.885,1.6865,0
1.4211e+05,5.3909,10.854,1.647,0
1.4392e+05,5.1843,10.823,1.6083,0
1.4575e+05,4.9857,10.792,1.5706,0
1.4761e+05,4.7947,10.76,1.5336,0
1.4949e+05,4.6111,10.729,1.4975,0
1.514e+05,4.4346,10.697,1.4623,0
1.5333e+05,4.2649,10.664,1.4278,0
1.5528e+05,4.1017,10.632,1.3942,0
1.5726e+05,3.9448,10.599,1.3613,0
1.5927e+05,3.794,10.566,1.3291,0
1.613e+05,3.649,10.533,1.2977,0
1.6335e+05,3.5096,10.499,1.267,0
1.6544e+05,3.3755,10.466,1.237,0
1.6755e+05,3.2467,10.432,1.2077,0
1.6968e+05,3.1228,10.398,1.1791,0
1.7184e+05,3.0038,10.364,1.1511,0
1.7404e+05,2.8893,10.329,1.1238,0
1.7625e+05,2.7792,10.295,1.0971,0
1.785e+05,2.6734,10.26,1.071,0
1.8078e+05,2.5717,10.225,1.0456,0
1.8308e+05,2.4739,10.19,1.0207,0
1.8542e+05,2.3799,10.154,0.99635,0
1.8778e+05,2.2896,10.119,0.9726,0
1.9017e+05,2.2027,10.083,0.9494,0
1.926e+05,2.1192,10.047,0.92674,0
1.9505e+05,2.0389,10.012,0.90461,0
1.9754e+05,1.9617,9.9755,0.88298,0
2.0006e+05,1.8875,9.9393,0.86187,0
2.0261e+05,1.8161,9.9029,0.84124,0
2.0519e+05,1.7475,9.8664,0.82108,0
2.0781e+05,1.6816,9.8298,0.8014,0
2.1046e+05,1.6182,9.7931,0.78218,0
2.1314e+05,1.5572,9.7563,0.76341,0
2.1586e+05,1.4986,9.7193,0.74508,0
2.1861e+05,1.4423,9.6823,0.72717,0
2.214e+05,1.3881,9.6451,0.70969,0
2.2422e+05,1.336,9.6079,0.69262,0
2.2708e+05,1.286,9.5705,0.67594,0
2.2997e+05,1.2378,9.5331,0.65966,0
2.329e+05,1.1915,9.4956,0.64376,0
2.3587e+05,1.147,9.458,0.62824,0
2.3888e+05,1.1042,9.4203,0.61308,0
2.4193e+05,1.0631,9.3825,0.59828,0
2.4501e+05,1.0235,9.3447,0.58383,0
2.4813e+05,0.9855,9.3067,0.56972,0
2.513e+05,0.94893,9.2688,0.55594,0
2.545e+05,0.91376,9.2307,0.54249,0
2.5775e+05,0.87994,9.1926,0.52936,0
2.6103e+05,0.84742,9.1545,0.51654,0
2.6436e+05,0.81614,9.1163,0.50402,0
2.6773e+05,0.78607,9.078,0.4918,0
2.7114e+05,0.75715,9.0398,0.47987,0
2.746e+05,0.72933,9.0014,0.46822,0
2.781e+05,0.70258,8.9631,0.45686,0
2.8165e+05,0.67685,8.9246,0.44576,0
2.8524e+05,0.6521,8.8862,0.43492,0
2.8887e+05,0.6283,8.8478,0.42435,0
2.9255e+05,0.60541,8.8093,0.41402,0
2.9628e+05,0.58338,8.7708,0.40395,0
3.0006e+05,0.5622,8.7322,0.39411,0
3.0389e+05,0.54183,8.6937,0.38451,0
3.0776e+05,0.52223,8.6552,0.37515,0
3.1169e+05,0.50338,8.6166,0.366,0
3.1566e+05,0.48524,8.5781,0.35708,0
3.1968e+05,0.46779,8.5395,0.34836,0
3.2376e+05,0.451,8.5009,0.33986,0
3.2789e+05,0.43485,8.4624,0.33156,0
3.3207e+05,0.41931,8.4238,0.32346,0
3.363e+05,0.40435,8.3853,0.31555,0
3.4059e+05,0.38996,8.3467,0.30784,0
3.4493e+05,0.37612,8.3082,0.30031,0
3.4933e+05,0.36279,8.2696,0.29296,0
3.5378e+05,0.34997,8.2311,0.28578,0
3.5829e+05,0.33763,8.1926,0.27878,0
3.6286e+05,0.32575,8.1541,0.27195,0
3.6748e+05,0.31432,8.1157,0.26528,0
3.7217e+05,0.30332,8.0772,0.25877,0
3.7691e+05,0.29273,8.0388,0.25242,0
3.8172e+05,0.28254,8.0004,0.24622,0
3.8659e+05,0.27273,7.9621,0.24017,0
3.9151e+05,0.26328,7.9237,0.23426,0
3.9651e+05,0.25419,7.8854,0.2285,0
4.0156e+05,0.24543,7.8472,0.22288,0
4.0668e+05,0.237,7.809,0.21739,0
4.1186e+05,0.22889,7.7708,0.21204,0
4.1711e+05,0.22107,7.7326,0.20681,0
4.2243e+05,0.21355,7.6945,0.20172,0
4.2782e+05,0.2063,7.6565,0.19674,0
4.3327e+05,0.19932,7.6185,0.19189,0
4.388e+05,0.1926,7.5805,0.18715,0
4.4439e+05,0.18612,7.5427,0.18253,0
4.5006e+05,0.17988,7.5048,0.17803,0
4.5579e+05,0.17387,7.467,0.17363,0
4.616e+05,0.16808,7.4293,0.16934,0
4.6749e+05,0.1625,7.3917,0.16516,0
4.7345e+05,0.15713,7.3541,0.16108,0
4.7948e+05,0.15195,7.3166,0.15709,0
4.856e+05,0.14695,7.2792,0.15321,0
4.9179e+05,0.14214,7.2418,0.14942,0
4.9806e+05,0.1375,7.2045,0.14573,0
5.0441e+05,0.13351,7.167,0.14209,0
5.1084e+05,0.12984,7.1295,0.13854,0
5.1735e+05,0.12627,7.092,0.13507,0
5.2395e+05,0.1228,7.0546,0.13169,0
5.3063e+05,0.11943,7.0173,0.1284,0
5.3739e+05,0.11614,6.98,0.12519,0
5.4424e+05,0.11295,6.9429,0.12206,0
5.5118e+05,0.10985,6.9058,0.119,0
5.5821e+05,0.10683,6.8688,0.11602,0
5.6532e+05,0.10389,6.8319,0.11312,0
5.7253e+05,0.10104,6.7951,0.11029,0
5.7983e+05,0.098259,6.7584,0.10753,0
5.8722e+05,0.095559,6.7217,0.10484,0
5.9471e+05,0.092932,6.6852,0.10222,0
6.0229e+05,0.090378,6.6487,0.099662,0
6.0997e+05,0.087894,6.6123,0.097169,0
6.1774e+05,0.085478,6.576,0.094738,0
6.2562e+05,0.083129,6.5398,0.092368,0
6.336e+05,0.080844,6.5037,0.090057,0
6.4167e+05,0.078622,6.4677,0.087804,0
6.4985e+05,0.076461,6.4317,0.085607,0
6.5814e+05,0.07436,6.3959,0.083465,0
6.6653e+05,0.072316,6.3602,0.081377,0
6.7503e+05,0.070328,6.3245,0.079341,0
6.8363e+05,0.068395,6.2889,0.077356,0
6.9235e+05,0.066515,6.2535,0.075421,0
7.0117e+05,0.064687,6.2181,0.073534,0
7.1011e+05,0.062909,6.1828,0.071694,0
7.1917e+05,0.06118,6.1477,0.069901,0
7.2833e+05,0.059499,6.1126,0.068152,0
7.3762e+05,0.057863,6.0776,0.066447,0
7.4702e+05,0.056273,6.0427,0.064785,0
7.5655e+05,0.054726,6.0079,0.063164,0
7.6619e+05,0.053222,5.9732,0.061584,0
7.7596e+05,0.051759,5.9386,0.060043,0
7.8585e+05,0.050337,5.9041,0.058541,0
7.9587e+05,0.048953,5.8697,0.057076,0
8.0602e+05,0.047608,5.8354,0.055648,0
8.1629e+05,0.046299,5.8012,0.054256,0
8.267e+05,0.045027,5.7671,0.052899,0
8.3724e+05,0.043789,5.7331,0.051575,0
8.4791e+05,0.042585,5.6992,0.050285,0
8.5872e+05,0.041415,5.6654,0.049027,0
8.6967e+05,0.040277,5.6317,0.0478,0
8.8076e+05,0.03917,5.5981,0.046604,0
8.9199e+05,0.038093,5.5646,0.045438,0
9.0336e+05,0.037046,5.5312,0.044302,0
9.1488e+05,0.036028,5.4979,0.043193,0
9.2654e+05,0.035038,5.4647,0.042113,0
9.3835e+05,0.034075,5.4316,0.041059,0
9.5031e+05,0.033138,5.3987,0.040032,0
9.6243e+05,0.032227,5.3658,0.03903,0
9.747e+05,0.031341,5.333,0.038054,0
9.8713e+05,0.03048,5.3003,0.037102,0
9.9971e+05,0.029642,5.2678,0.036174,0
1.0125e+06,0.028989,5.2353,0.035269,0
1.0254e+06,0.028353,5.203,0.034386,1.5895e-06
1.0384e+06,0.027731,5.1707,0.033526,3.7933e-05
1.0517e+06,0.027123,5.1386,0.032687,0.00012365
1.0651e+06,0.026529,5.1065,0.031869,0.00026062
1.0787e+06,0.025947,5.0746,0.031072,0.00045078
1.0924e+06,0.025378,5.0428,0.030295,0.00069614
1.1063e+06,0.024822,5.0111,0.029537,0.00099874
1.1204e+06,0.024277,4.9795,0.028798,0.0013607
1.1347e+06,0.023745,4.948,0.028077,0.0017843
1.1492e+06,0.023225,4.9166,0.027375,0.0022716
1.1638e+06,0.022715,4.8853,0.02669,0.002825
1.1787e+06,0.022217,4.8542,0.026022,0.0034469
1.1937e+06,0.02173,4.8231,0.025371,0.0041398
1.2089e+06,0.021254,4.7922,0.024737,0.0049061
1.2243e+06,0.020788,4.7613,0.024118,0.0057485
1.2399e+06,0.020332,4.7306,0.023514,0.0066696
1.2558e+06,0.019886,4.7,0.022926,0.0076722
1.2718e+06,0.01945,4.6695,0.022353,0.008759
1.288e+06,0.019024,4.6391,0.021793,0.0099331
1.3044e+06,0.018607,4.6088,0.021248,0.011197
1.321e+06,0.018199,4.5786,0.020717,0.012555
1.3379e+06,0.0178,4.5486,0.020198,0.014009
1.3549e+06,0.017409,4.5186,0.019693,0.015563
1.3722e+06,0.017028,4.4888,0.0192,0.01722
1.3897e+06,0.016654,4.4591,0.01872,0.018983
1.4074e+06,0.016289,4.4295,0.018252,0.020856
1.4254e+06,0.015932,4.4,0.017795,0.022843
1.4435e+06,0.015583,4.3706,0.01735,0.024948
1.4619e+06,0.015241,4.3413,0.016916,0.027174
1.4806e+06,0.014907,4.3122,0.016492,0.029525
1.4994e+06,0.01458,4.2831,0.01608,0.032006
1.5186e+06,0.01426,4.2542,0.015678,0.034443
1.5379e+06,0.013948,4.2254,0.015285,0.037001
1.5575e+06,0.013642,4.1967,0.014903,0.039682
1.5774e+06,0.013343,4.1681,0.01453,0.042487
1.5975e+06,0.01305,4.1397,0.014167,0.045415
1.6179e+06,0.012764,4.1113,0.013812,0.048463
1.6385e+06,0.012484,4.0831,0.013467,0.051633
1.6594e+06,0.012211,4.055,0.01313,0.054921
1.6805e+06,0.011943,4.027,0.012801,0.058329
1.7019e+06,0.011681,3.9991,0.012481,0.061853
1.7236e+06,0.011425,3.9714,0.012169,0.065495
1.7456e+06,0.011174,3.9437,0.011864,0.069253
1.7679e+06,0.010929,3.9162,0.011567,0.073125
1.7904e+06,0.01069,3.8888,0.011278,0.077111
1.8132e+06,0.010455,3.8615,0.010996,0.081211
1.8364e+06,0.010226,3.8344,0.010721,0.085423
1.8598e+06,0.010002,3.8073,0.010453,0.089746
1.8835e+06,0.0097826,3.7804,0.010191,0.094179
1.9075e+06,0.0095681,3.7536,0.0099361,0.098722
1.9318e+06,0.0093583,3.7269,0.0096875,0.10337
1.9564e+06,0.0091532,3.7003,0.0094452,0.10813
1.9814e+06,0.0089525,3.6739,0.0092089,0.113
2.0066e+06,0.0087562,3.6475,0.0089785,0.11797
2.0322e+06,0.0085642,3.6213,0.0087539,0.12305
2.0581e+06,0.0083764,3.5952,0.0085349,0.12823
2.0844e+06,0.0081928,3.5693,0.0083213,0.13351
2.1109e+06,0.0080131,3.5434,0.0081132,0.1389
2.1378e+06,0.0078375,3.5177,0.0079102,0.14439
2.1651e+06,0.0076656,3.4921,0.0077123,0.14998
2.1927e+06,0.0074975,3.4666,0.0075193,0.15567
2.2207e+06,0.0073332,3.4412,0.0073312,0.16145
2.249e+06,0.0071724,3.416,0.0071478,0.16734
2.2776e+06,0.0070151,3.3909,0.006969,0.17332
2.3067e+06,0.0068613,3.3659,0.0067946,0.1794
2.3361e+06,0.0067109,3.341,0.0066246,0.18558
2.3659e+06,0.0065637,3.3163,0.0064589,0.19185
2.396e+06,0.0064198,3.2916,0.0062973,0.19821
2.4266e+06,0.0062791,3.2671,0.0061398,0.20467
2.4575e+06,0.0061414,3.2427,0.0059862,0.21122
2.4888e+06,0.0060067,3.2185,0.0058364,0.21786
2.5206e+06,0.005875,3.1943,0.0056904,0.22459
2.5527e+06,0.0057462,3.1703,0.005548,0.23141
2.5853e+06,0.0056202,3.1464,0.0054092,0.23832
2.6182e+06,0.005497,3.1226,0.0052739,0.24532
2.6516e+06,0.0053765,3.099,0.005142,0.25241
2.6854e+06,0.0052586,3.0754,0.0050133,0.25958
2.7196e+06,0.0051433,3.052,0.0048879,0.26684
2.7543e+06,0.0050305,3.0287,0.0047656,0.27418
2.7894e+06,0.0049202,3.0056,0.0046464,0.28161
2.825e+06,0.0048124,2.9825,0.0045301,0.28912
2.861e+06,0.0047069,2.9596,0.0044168,0.29671
2.8975e+06,0.0046037,2.9368,0.0043063,0.30439
2.9344e+06,0.0045027,2.9142,0.0041986,0.31214
2.9718e+06,0.004404,2.8916,0.0040935,0.31998
3.0097e+06,0.0042998,2.8692,0.0039911,0.32789
3.0481e+06,0.0041763,2.8469,0.0038913,0.33589
3.0869e+06,0.0040564,2.8247,0.0037939,0.34396
3.1263e+06,0.0039399,2.8026,0.003699,0.35211
3.1661e+06,0.0038268,2.7807,0.0036065,0.36033
3.2065e+06,0.0037169,2.7589,0.0035162,0.36863
3.2474e+06,0.0036101,2.7372,0.0034283,0.37701
3.2888e+06,0.0035065,2.7156,0.0033425,0.38546
3.3307e+06,0.0034058,2.6942,0.0032589,0.39398
3.3732e+06,0.003308,2.6729,0.0031773,0.40257
3.4162e+06,0.003213,2.6517,0.0030978,0.41124
3.4597e+06,0.0031207,2.6306,0.0030203,0.41998
3.5038e+06,0.0030311,2.6096,0.0029448,0.42878
3.5485e+06,0.0029441,2.5888,0.0028711,0.43766
3.5937e+06,0.0028595,2.5681,0.0027993,0.44661
3.6396e+06,0.0027774,2.5475,0.0027292,0.45562
3.686e+06,0.0026976,2.527,0.002661,0.4647
3.733e+06,0.0026202,2.5067,0.0025944,0.47385
3.7805e+06,0.0025449,2.4865,0.0025295,0.48307
3.8287e+06,0.0024719,2.4664,0.0024662,0.49235
3.8776e+06,0.0024009,2.4464,0.0024045,0.50169
3.927e+06,0.0023319,2.4265,0.0023443,0.5111
3.9771e+06,0.002265,2.4068,0.0022857,0.52057
4.0278e+06,0.0021999,2.3872,0.0022285,0.5301
4.0791e+06,0.0021367,2.3677,0.0021728,0.53969
4.1311e+06,0.0020754,2.3483,0.0021184,0.54935
4.1838e+06,0.0020158,2.329,0.0020654,0.55906
4.2371e+06,0.0019579,2.3099,0.0020137,0.56884
4.2911e+06,0.0019017,2.2908,0.0019633,0.57867
4.3458e+06,0.0018471,2.2719,0.0019142,0.58856
4.4012e+06,0.001794,2.2532,0.0018663,0.59851
4.4573e+06,0.0017425,2.2345,0.0018196,0.60852
4.5142e+06,0.0016925,2.2159,0.0017741,0.61858
4.5717e+06,0.0016439,2.1975,0.0017297,0.6287
4.63e+06,0.0015967,2.1792,0.0016865,0.63887
4.689e+06,0.0015508,2.161,0.0016443,0.64909
4.7488e+06,0.0015063,2.1429,0.0016031,0.65937
4.8094e+06,0.001463,2.125,0.001563,0.6697
4.8707e+06,0.001421,2.1071,0.0015239,0.68009
4.9328e+06,0.0013802,2.0894,0.0014858,0.69052
4.9957e+06,0.0013406,2.0718,0.0014486,0.70101
5.0593e+06,0.0013021,2.0543,0.0014124,0.71154
5.1238e+06,0.0012647,2.0369,0.001377,0.72213
5.1892e+06,0.0012284,2.0197,0.0013426,0.73276
5.2553e+06,0.0011931,2.0025,0.001309,0.74344
5.3223e+06,0.0011588,1.9855,0.0012763,0.75417
5.3902e+06,0.0011256,1.9686,0.0012443,0.76495
5.4589e+06,0.0010932,1.9518,0.0012132,0.77577
5.5285e+06,0.0010618,1.9351,0.0011828,0.78664
5.599e+06,0.0010313,1.9185,0.0011533,0.79755
5.6703e+06,0.0010017,1.902,0.0011244,0.80851
5.7426e+06,0.00097296,1.8857,0.0010963,0.81951
5.8158e+06,0.00094502,1.8695,0.0010688,0.83055
5.89e+06,0.00091789,1.8533,0.0010421,0.84164
5.9651e+06,0.00089153,1.8373,0.001016,0.85276
6.0411e+06,0.00086593,1.8214,0.00099061,0.86393
6.1181e+06,0.00084106,1.8056,0.00096583,0.87514
6.1961e+06,0.00081691,1.7899,0.00094167,0.88639
6.2751e+06,0.00079345,1.7744,0.00091811,0.89768
6.3551e+06,0.00077066,1.7589,0.00089514,0.909
6.4362e+06,0.00074853,1.7436,0.00087275,0.92037
6.5182e+06,0.00072704,1.7283,0.00085091,0.93177
6.6013e+06,0.00070616,1.7132,0.00082962,0.94321
6.6855e+06,0.00068588,1.6982,0.00080887,0.95468
6.7707e+06,0.00066619,1.6832,0.00078863,0.96619
6.857e+06,0.00064706,1.6684,0.0007689,0.97774
6.9444e+06,0.00062847,1.6537,0.00074966,0.98932
7.033e+06,0.00061043,1.6391,0.00073091,1.0009
7.1226e+06,0.0005929,1.6246,0.00071262,1.0126
7.2134e+06,0.00057587,1.6103,0.0006948,1.0243
7.3054e+06,0.00055933,1.596,0.00067741,1.036
7.3985e+06,0.00054327,1.5818,0.00066047,1.0477
7.4928e+06,0.00052767,1.5677,0.00064394,1.0595
7.5884e+06,0.00051252,1.5538,0.00062783,1.0713
7.6851e+06,0.0004978,1.5399,0.00061212,1.0831
7.7831e+06,0.00048351,1.5261,0.00059681,1.095
7.8823e+06,0.00046962,1.5125,0.00058188,1.1069
7.9828e+06,0.00045614,1.4989,0.00056732,1.1188
8.0846e+06,0.00044304,1.4855,0.00055313,1.1308
8.1876e+06,0.00043031,1.4721,0.00053929,1.1427
8.292e+06,0.00041796,1.4589,0.0005258,1.1547
8.3977e+06,0.00040596,1.4457,0.00051264,1.1668
8.5048e+06,0.0003943,1.4327,0.00049982,1.1788
8.6132e+06,0.00038297,1.4197,0.00048731,1.1909
8.723e+06,0.00037198,1.4069,0.00047512,1.203
8.8342e+06,0.0003613,1.3941,0.00046324,1.2151
8.9469e+06,0.00035092,1.3814,0.00045165,1.2273
9.0609e+06,0.00034084,1.3689,0.00044035,1.2395
9.1764e+06,0.00033106,1.3564,0.00042933,1.2517
9.2934e+06,0.00032155,1.3441,0.00041859,1.2639
9.4119e+06,0.00031231,1.3318,0.00040812,1.2761
9.5319e+06,0.00030335,1.3196,0.00039791,1.2884
9.6534e+06,0.00029464,1.3075,0.00038795,1.3007
9.7765e+06,0.00028617,1.2955,0.00037825,1.313
9.9011e+06,0.00027796,1.2837,0.00036878,1.3253
1.0027e+07,0.00026997,1.2719,0.00035956,1.3376
1.0155e+07,0.00026222,1.2602,0.00035056,1.35
1.0285e+07,0.00025469,1.2485,0.00034179,1.3624
1.0416e+07,0.00024738,1.237,0.00033324,1.3747
1.0549e+07,0.00024027,1.2256,0.0003249,1.3872
1.0683e+07,0.00023337,1.2143,0.00031677,1.3996
1.0819e+07,0.00022667,1.203,0.00030885,1.412
1.0957e+07,0.00022016,1.1919,0.00030112,1.4245
1.1097e+07,0.00021384,1.1808,0.00029359,1.4369
1.1238e+07,0.0002077,1.1698,0.00028624,1.4494
1.1382e+07,0.00020174,1.1589,0.00027908,1.4619
1.1527e+07,0.00019594,1.1481,0.0002721,1.4744
1.1674e+07,0.00019032,1.1374,0.00026529,1.487
1.1822e+07,0.00018485,1.1268,0.00025866,1.4995
1.1973e+07,0.00017954,1.1162,0.00025219,1.512
1.2126e+07,0.00017439,1.1058,0.00024588,1.5246
1.228e+07,0.00016938,1.0954,0.00023972,1.5372
1.2437e+07,0.00016452,1.0851,0.00023373,1.5498
1.2596e+07,0.00015979,1.0749,0.00022788,1.5623
1.2756e+07,0.0001552,1.0648,0.00022218,1.5749
1.2919e+07,0.00015075,1.0548,0.00021662,1.5876
1.3083e+07,0.00014642,1.0448,0.0002112,1.6002
1.325e+07,0.00014221,1.035,0.00020592,1.6128
1.3419e+07,0.00013813,1.0252,0.00020077,1.6254
1.359e+07,0.00013416,1.0155,0.00019574,1.6381
1.3764e+07,0.00013031,1.0059,0.00019085,1.6507
1.3939e+07,0.00012657,0.99633,0.00018607,1.6634
1.4117e+07,0.00012293,0.98687,0.00018142,1.676
1.4297e+07,0.0001194,0.97749,0.00017688,1.6887
1.4479e+07,0.00011597,0.96819,0.00017245,1.7014
1.4664e+07,0.00011264,0.95896,0.00016814,1.7141
1.485e+07,0.00010941,0.94982,0.00016393,1.7267
1.504e+07,0.00010627,0.94075,0.00015983,1.7394
1.5232e+07,0.00010321,0.93176,0.00015583,1.7521
1.5426e+07,0.00010025,0.92285,0.00015193,1.7648
1.5622e+07,9.7372e-05,0.91401,0.00014813,1.7775
1.5822e+07,9.4576e-05,0.90525,0.00014443,1.7902
1.6023e+07,9.186e-05,0.89656,0.00014081,1.8029
1.6228e+07,8.9222e-05,0.88795,0.00013729,1.8156
1.6434e+07,8.666e-05,0.87941,0.00013385,1.8283
1.6644e+07,8.4171e-05,0.87094,0.00013051,1.841
1.6856e+07,8.1754e-05,0.86255,0.00012724,1.8537
1.7071e+07,7.9407e-05,0.85423,0.00012406,1.8664
1.7289e+07,7.7126e-05,0.84598,0.00012095,1.8791
1.7509e+07,7.4912e-05,0.83781,0.00011793,1.8918
1.7732e+07,7.276e-05,0.8297,0.00011498,1.9045
1.7958e+07,7.0671e-05,0.82167,0.0001121,1.9172
1.8187e+07,6.8642e-05,0.8137,0.0001093,1.9299
1.8419e+07,6.667e-05,0.80581,0.00010656,1.9425
1.8654e+07,6.4756e-05,0.79798,0.0001039,1.9552
1.8892e+07,6.2896e-05,0.79022,0.0001013,1.9679
1.9133e+07,6.109e-05,0.78253,9.8763e-05,1.9806
1.9377e+07,5.9336e-05,0.77491,9.6292e-05,1.9933
1.9624e+07,5.7632e-05,0.76736,9.3883e-05,2.0059
1.9874e+07,5.5977e-05,0.75987,9.1534e-05,2.0186
