# 1DMC-N photon cross sections for N (Z=7), barn/atom
#grid 600 10000 2e+07
#Z 7
#atomic_weight 14.00700
E_eV,photo,incoh,coh,pair
10064,80.771,3.0993,4.6847,0
10192,77.587,3.1116,4.6108,0
10322,74.526,3.1239,4.5381,0
10453,71.584,3.1361,4.4665,0
10587,68.756,3.1483,4.3959,0
10722,66.039,3.1603,4.3265,0
10858,63.427,3.1723,4.258,0
10997,60.918,3.1841,4.1906,0
11137,58.506,3.1959,4.1242,0
11279,56.188,3.2076,4.0588,0
11423,53.961,3.2193,3.9943,0
11568,51.822,3.2308,3.9308,0
11716,49.766,3.2423,3.8681,0
11865,47.79,3.2537,3.8064,0
12016,45.892,3.265,3.7455,0
12170,44.068,3.2762,3.6855,0
12325,42.316,3.2873,3.6263,0
12482,40.633,3.2983,3.568,0
12641,39.016,3.3093,3.5105,0
12802,37.462,3.3202,3.4537,0
12965,35.97,3.331,3.3977,0
13131,34.536,3.3417,3.3425,0
13298,33.159,3.3523,3.2881,0
13468,31.836,3.3628,3.2343,0
13639,30.566,3.3733,3.1813,0
13813,29.345,3.3836,3.129,0
13989,28.173,3.3939,3.0774,0
14168,27.047,3.4041,3.0264,0
14348,25.966,3.4143,2.9762,0
14531,24.927,3.4243,2.9266,0
14716,23.929,3.4342,2.8776,0
14904,22.972,3.4441,2.8293,0
15094,22.052,3.4539,2.7816,0
15286,21.168,3.4636,2.7345,0
15481,20.32,3.4732,2.6881,0
15679,19.505,3.4828,2.6422,0
15879,18.722,3.4922,2.5969,0
16081,17.971,3.5015,2.5523,0
16286,17.25,3.5108,2.5082,0
16494,16.557,3.5199,2.4647,0
16704,15.892,3.529,2.4217,0
16917,15.253,3.5379,2.3794,0
17133,14.64,3.5468,2.3376,0
17351,14.051,3.5555,2.2963,0
17572,13.485,3.5641,2.2556,0
17796,12.943,3.5726,2.2155,0
18023,12.421,3.581,2.1758,0
18253,11.921,3.5892,2.1368,0
18486,11.441,3.5974,2.0982,0
18721,10.979,3.6054,2.0602,0
18960,10.537,3.6133,2.0226,0
19202,10.111,3.621,1.9856,0
19446,9.7033,3.6287,1.9491,0
19694,9.3115,3.6362,1.9131,0
19945,8.9354,3.6435,1.8776,0
20200,8.5743,3.6507,1.8426,0
20457,8.2278,3.6578,1.8081,0
20718,7.8951,3.6647,1.7741,0
20982,7.5757,3.6715,1.7406,0
21250,7.2692,3.6781,1.7075,0
21521,6.9749,3.6846,1.6749,0
21795,6.6925,3.691,1.6428,0
22073,6.4214,3.6972,1.6112,0
22354,6.1612,3.7032,1.5801,0
22639,5.9115,3.7091,1.5495,0
22928,5.6717,3.7149,1.5193,0
23220,5.4417,3.7205,1.4896,0
23516,5.2209,3.7259,1.4603,0
23816,5.0089,3.7312,1.4316,0
24120,4.8055,3.7363,1.4032,0
24427,4.6104,3.7413,1.3754,0
24738,4.423,3.7461,1.348,0
25054,4.2432,3.7508,1.321,0
25373,4.0707,3.7553,1.2945,0
25697,3.9052,3.7597,1.2684,0
26024,3.7463,3.7639,1.2428,0
26356,3.5938,3.7679,1.2176,0
26692,3.4475,3.7718,1.1929,0
27032,3.3071,3.7756,1.1685,0
27377,3.1724,3.7791,1.1446,0
27726,3.0431,3.7825,1.1211,0
28080,2.9191,3.7858,1.098,0
28438,2.8001,3.7888,1.0753,0
28800,2.6859,3.7918,1.0531,0
29167,2.5763,3.7945,1.0312,0
29539,2.4712,3.7971,1.0097,0
29916,2.3703,3.7995,0.98863,0
30297,2.2735,3.8018,0.96792,0
30683,2.1806,3.8039,0.94759,0
31074,2.0915,3.8059,0.92764,0
31471,2.006,3.8076,0.90806,0
31872,1.9239,3.8092,0.88884,0
32278,1.8452,3.8107,0.86999,0
32690,1.7697,3.812,0.85149,0
33106,1.6973,3.8131,0.83334,0
33528,1.6278,3.8141,0.81554,0
33956,1.5612,3.8149,0.79808,0
34389,1.4973,3.8155,0.78096,0
34827,1.4359,3.816,0.76417,0
35271,1.3771,3.8163,0.7477,0
35721,1.3207,3.8165,0.73156,0
36176,1.2666,3.8165,0.71573,0
36638,1.2147,3.8164,0.70022,0
37105,1.1649,3.8161,0.68501,0
37578,1.1171,3.8156,0.67011,0
38057,1.0713,3.815,0.6555,0
38542,1.0273,3.8142,0.64119,0
39033,0.98519,3.8133,0.62716,0
39531,0.94477,3.8122,0.61342,0
40035,0.906,3.811,0.59996,0
40545,0.86884,3.8096,0.58678,0
41062,0.8332,3.8081,0.57386,0
41586,0.79901,3.8064,0.56122,0
42116,0.76622,3.8046,0.54883,0
42653,0.73477,3.8026,0.53669,0
43196,0.70461,3.8005,0.52481,0
43747,0.67568,3.7982,0.51317,0
44305,0.64794,3.7958,0.50177,0
44870,0.62133,3.7933,0.49061,0
45442,0.5958,3.7906,0.47967,0
46021,0.57133,3.7878,0.46897,0
46608,0.54785,3.7848,0.45849,0
47202,0.52533,3.7817,0.44823,0
47804,0.50374,3.7785,0.43818,0
48413,0.48302,3.7752,0.42834,0
49030,0.46316,3.7717,0.41871,0
49655,0.44411,3.7681,0.40929,0
50289,0.42583,3.7644,0.40006,0
50930,0.4083,3.7605,0.39102,0
51579,0.39149,3.7565,0.38218,0
52236,0.37537,3.7524,0.37352,0
52902,0.35991,3.7482,0.36505,0
53577,0.34508,3.7439,0.35675,0
54260,0.33086,3.7394,0.34864,0
54952,0.31723,3.7349,0.3407,0
55652,0.30416,3.7302,0.33292,0
56362,0.29163,3.7254,0.32532,0
57080,0.27961,3.7205,0.31788,0
57808,0.26808,3.7155,0.3106,0
58545,0.25704,3.7103,0.30347,0
59291,0.24644,3.7051,0.2965,0
60047,0.23629,3.6997,0.28969,0
60813,0.22655,3.6943,0.28302,0
61588,0.21722,3.6887,0.27649,0
62373,0.20827,3.683,0.27011,0
63168,0.19969,3.6773,0.26387,0
63974,0.19146,3.6714,0.25776,0
64789,0.18357,3.6654,0.25179,0
65615,0.17601,3.6593,0.24595,0
66452,0.16876,3.6531,0.24024,0
67299,0.16181,3.6468,0.23465,0
68157,0.15515,3.6404,0.22919,0
69026,0.14876,3.634,0.22384,0
69906,0.14263,3.6274,0.21862,0
70797,0.13675,3.6207,0.21351,0
71700,0.13112,3.6139,0.20851,0
72614,0.12572,3.607,0.20363,0
73539,0.12054,3.6,0.19885,0
74477,0.11558,3.5929,0.19418,0
75426,0.11082,3.5857,0.18962,0
76388,0.10626,3.5784,0.18515,0
77362,0.10188,3.5711,0.18079,0
78348,0.097684,3.5636,0.17653,0
79347,0.093661,3.556,0.17236,0
80359,0.089803,3.5484,0.16828,0
81383,0.086104,3.5406,0.1643,0
82421,0.082558,3.5328,0.1604,0
83471,0.079157,3.5248,0.15659,0
84536,0.075897,3.5168,0.15287,0
85613,0.072771,3.5087,0.14924,0
86705,0.069774,3.5005,0.14569,0
87810,0.066901,3.4923,0.14222,0
88930,0.064146,3.4839,0.13882,0
90063,0.061505,3.4755,0.13551,0
91211,0.058973,3.467,0.13227,0
92374,0.056545,3.4584,0.12911,0
93552,0.054218,3.4497,0.12602,0
94745,0.051987,3.441,0.123,0
95953,0.049848,3.4322,0.12005,0
97176,0.047798,3.4233,0.11717,0
98415,0.045832,3.4144,0.11435,0
99669,0.043947,3.4054,0.1116,0
1.0094e+05,0.042141,3.3964,0.10892,0
1.0223e+05,0.040409,3.3872,0.1063,0
1.0353e+05,0.038749,3.3781,0.10374,0
1.0485e+05,0.037157,3.3688,0.10124,0
1.0619e+05,0.035632,3.3595,0.098798,0
1.0754e+05,0.034169,3.3501,0.096413,0
1.0891e+05,0.032767,3.3407,0.094085,0
1.103e+05,0.031423,3.3312,0.091811,0
1.1171e+05,0.030134,3.3217,0.089591,0
1.1313e+05,0.028899,3.3121,0.087423,0
1.1457e+05,0.027715,3.3024,0.085305,0
1.1603e+05,0.026579,3.2927,0.083238,0
1.1751e+05,0.025491,3.283,0.08122,0
1.1901e+05,0.024448,3.2731,0.079249,0
1.2053e+05,0.023448,3.2633,0.077325,0
1.2206e+05,0.022489,3.2533,0.075446,0
1.2362e+05,0.02157,3.2434,0.073612,0
1.252e+05,0.020688,3.2333,0.071821,0
1.2679e+05,0.019844,3.2233,0.070073,0
1.2841e+05,0.019034,3.2131,0.068367,0
1.3005e+05,0.018258,3.203,0.0667,0
1.317e+05,0.017513,3.1927,0.065074,0
1.3338e+05,0.0168,3.1824,0.063486,0
1.3508e+05,0.016116,3.1721,0.061936,0
1.3681e+05,0.01546,3.1618,0.060423,0
1.3855e+05,0.014831,3.1513,0.058947,0
1.4032e+05,0.014229,3.1409,0.057505,0
1.4211e+05,0.013651,3.1304,0.056098,0
1.4392e+05,0.013097,3.1198,0.054725,0
1.4575e+05,0.012566,3.1092,0.053384,0
1.4761e+05,0.012056,3.0986,0.052076,0
1.4949e+05,0.011568,3.0879,0.050799,0
1.514e+05,0.0111,3.0772,0.049553,0
1.5333e+05,0.010651,3.0665,0.048337,0
1.5528e+05,0.010221,3.0557,0.04715,0
1.5726e+05,0.0098079,3.0448,0.045991,0
1.5927e+05,0.0094123,3.034,0.044861,0
1.613e+05,0.0090328,3.0231,0.043757,0
1.6335e+05,0.008669,3.0121,0.042681,0
1.6544e+05,0.0083201,3.0012,0.04163,0
1.6755e+05,0.0079855,2.9902,0.040605,0
1.6968e+05,0.0076646,2.9792,0.039605,0
1.7184e+05,0.0073569,2.9681,0.038629,0
1.7404e+05,0.0070618,2.957,0.037677,0
1.7625e+05,0.0067788,2.9459,0.036748,0
1.785e+05,0.0065074,2.9348,0.035841,0
1.8078e+05,0.006247,2.9237,0.034957,0
1.8308e+05,0.0059973,2.9125,0.034094,0
1.8542e+05,0.0057578,2.9013,0.033252,0
1.8778e+05,0.005528,2.8901,0.032431,0
1.9017e+05,0.0053076,2.8789,0.031629,0
1.926e+05,0.0050962,2.8676,0.030848,0
1.9505e+05,0.0048935,2.8564,0.030085,0
1.9754e+05,0.0046989,2.8451,0.029341,0
2.0006e+05,0.0045123,2.8338,0.028616,0
2.0261e+05,0.0043332,2.8225,0.027908,0
2.0519e+05,0.0041614,2.8112,0.027217,0
2.0781e+05,0.0039966,2.7999,0.026543,0
2.1046e+05,0.0038385,2.7886,0.025886,0
2.1314e+05,0.0036867,2.7772,0.025245,0
2.1586e+05,0.0035412,2.7659,0.02462,0
2.1861e+05,0.0034016,2.7545,0.02401,0
2.214e+05,0.0032676,2.7431,0.023415,0
2.2422e+05,0.0031391,2.7318,0.022835,0
2.2708e+05,0.0030158,2.7204,0.022269,0
2.2997e+05,0.0028974,2.709,0.021717,0
2.329e+05,0.0027839,2.6976,0.021178,0
2.3587e+05,0.002675,2.6862,0.020653,0
2.3888e+05,0.0025705,2.6748,0.020141,0
2.4193e+05,0.0024702,2.6634,0.019641,0
2.4501e+05,0.002374,2.652,0.019153,0
2.4813e+05,0.0022816,2.6406,0.018678,0
2.513e+05,0.002193,2.6292,0.018214,0
2.545e+05,0.002108,2.6178,0.017762,0
2.5775e+05,0.0020264,2.6064,0.017321,0
2.6103e+05,0.0019481,2.595,0.016891,0
2.6436e+05,0.001873,2.5836,0.016471,0
2.6773e+05,0.0018009,2.5722,0.016062,0
2.7114e+05,0.0017316,2.5608,0.015663,0
2.746e+05,0.0016652,2.5494,0.015273,0
2.781e+05,0.0016014,2.538,0.014893,0
2.8165e+05,0.0015402,2.5267,0.014523,0
2.8524e+05,0.0014815,2.5153,0.014162,0
2.8887e+05,0.0014251,2.5039,0.01381,0
2.9255e+05,0.001371,2.4925,0.013466,0
2.9628e+05,0.001319,2.4812,0.013131,0
3.0006e+05,0.0012691,2.4698,0.012804,0
3.0389e+05,0.0012212,2.4585,0.012485,0
3.0776e+05,0.0011752,2.4472,0.012175,0
3.1169e+05,0.0011311,2.4358,0.011871,0
3.1566e+05,0.0010887,2.4245,0.011576,0
3.1968e+05,0.0010479,2.4132,0.011288,0
3.2376e+05,0.0010089,2.4019,0.011006,0
3.2789e+05,0.0009713,2.3906,0.010732,0
3.3207e+05,0.00093524,2.3793,0.010465,0
3.363e+05,0.00090061,2.3681,0.010204,0
3.4059e+05,0.00086734,2.3568,0.0099498,0
3.4493e+05,0.00083538,2.3456,0.0097018,0
3.4933e+05,0.00080468,2.3343,0.0094599,0
3.5378e+05,0.00077519,2.3231,0.0092241,0
3.5829e+05,0.00074686,2.3119,0.0089941,0
3.6286e+05,0.00071964,2.3007,0.0087698,0
3.6748e+05,0.00069348,2.2895,0.0085511,0
3.7217e+05,0.00066835,2.2783,0.0083378,0
3.7691e+05,0.00064419,2.2672,0.0081299,0
3.8172e+05,0.00062098,2.256,0.0079271,0
3.8659e+05,0.00059867,2.2449,0.0077293,0
3.9151e+05,0.00057723,2.2338,0.0075364,0
3.9651e+05,0.00055662,2.2227,0.0073484,0
4.0156e+05,0.0005368,2.2116,0.007165,0
4.0668e+05,0.00051775,2.2005,0.0069863,0
4.1186e+05,0.00049944,2.1895,0.0068119,0
4.1711e+05,0.00048183,2.1785,0.0066419,0
4.2243e+05,0.0004649,2.1675,0.0064762,0
4.2782e+05,0.00044861,2.1565,0.0063146,0
4.3327e+05,0.00043295,2.1455,0.006157,0
4.388e+05,0.00041789,2.1345,0.0060033,0
4.4439e+05,0.0004034,2.1236,0.0058535,0
4.5006e+05,0.00038946,2.1127,0.0057074,0
4.5579e+05,0.00037605,2.1018,0.0055649,0
4.616e+05,0.00036314,2.0909,0.005426,0
4.6749e+05,0.00035073,2.0801,0.0052906,0
4.7345e+05,0.00033878,2.0693,0.0051585,0
4.7948e+05,0.00032728,2.0585,0.0050298,0
4.856e+05,0.00031621,2.0478,0.0049042,0
4.9179e+05,0.00030555,2.037,0.0047818,0
4.9806e+05,0.00029529,2.0263,0.0046625,0
5.0441e+05,0.00028663,2.0157,0.0045459,0
5.1084e+05,0.00027875,2.005,0.0044322,0
5.1735e+05,0.00027109,1.9943,0.0043213,0
5.2395e+05,0.00026364,1.9837,0.0042132,0
5.3063e+05,0.0002564,1.9731,0.0041078,0
5.3739e+05,0.00024935,1.9625,0.004005,0
5.4424e+05,0.0002425,1.952,0.0039048,0
5.5118e+05,0.00023583,1.9415,0.0038072,0
5.5821e+05,0.00022935,1.931,0.0037119,0
5.6532e+05,0.00022304,1.9205,0.003619,0
5.7253e+05,0.00021691,1.91,0.0035285,0
5.7983e+05,0.00021095,1.8996,0.0034402,0
5.8722e+05,0.00020515,1.8892,0.0033542,0
5.9471e+05,0.00019952,1.8789,0.0032702,0
6.0229e+05,0.00019403,1.8685,0.0031884,0
6.0997e+05,0.0001887,1.8582,0.0031087,0
6.1774e+05,0.00018351,1.8479,0.0030309,0
6.2562e+05,0.00017847,1.8377,0.0029551,0
6.336e+05,0.00017356,1.8274,0.0028811,0
6.4167e+05,0.00016879,1.8172,0.002809,0
6.4985e+05,0.00016415,1.8071,0.0027388,0
6.5814e+05,0.00015964,1.7969,0.0026703,0
6.6653e+05,0.00015525,1.7868,0.0026034,0
6.7503e+05,0.00015099,1.7767,0.0025383,0
6.8363e+05,0.00014684,1.7667,0.0024748,0
6.9235e+05,0.0001428,1.7566,0.0024129,0
7.0117e+05,0.00013888,1.7466,0.0023525,0
7.1011e+05,0.00013506,1.7366,0.0022937,0
7.1917e+05,0.00013135,1.7267,0.0022363,0
7.2833e+05,0.00012774,1.7168,0.0021803,0
7.3762e+05,0.00012423,1.7069,0.0021258,0
7.4702e+05,0.00012081,1.697,0.0020726,0
7.5655e+05,0.00011749,1.6872,0.0020208,0
7.6619e+05,0.00011426,1.6774,0.0019702,0
7.7596e+05,0.00011112,1.6676,0.0019209,0
7.8585e+05,0.00010807,1.6578,0.0018729,0
7.9587e+05,0.0001051,1.6481,0.001826,0
8.0602e+05,0.00010221,1.6384,0.0017803,0
8.1629e+05,9.9399e-05,1.6288,0.0017358,0
8.267e+05,9.6667e-05,1.6191,0.0016924,0
8.3724e+05,9.401e-05,1.6095,0.00165,0
8.4791e+05,9.1426e-05,1.6,0.0016087,0
8.5872e+05,8.8913e-05,1.5904,0.0015685,0
8.6967e+05,8.647e-05,1.5809,0.0015292,0
8.8076e+05,8.4093e-05,1.5714,0.001491,0
8.9199e+05,8.1782e-05,1.562,0.0014537,0
9.0336e+05,7.9534e-05,1.5526,0.0014173,0
9.1488e+05,7.7348e-05,1.5432,0.0013819,0
9.2654e+05,7.5222e-05,1.5338,0.0013473,0
9.3835e+05,7.3154e-05,1.5245,0.0013136,0
9.5031e+05,7.1144e-05,1.5152,0.0012807,0
9.6243e+05,6.9188e-05,1.5059,0.0012487,0
9.747e+05,6.7287e-05,1.4967,0.0012174,0
9.8713e+05,6.5437e-05,1.4874,0.001187,0
9.9971e+05,6.3639e-05,1.4783,0.0011573,0
1.0125e+06,6.2235e-05,1.4691,0.0011283,0
1.0254e+06,6.0871e-05,1.46,0.0011001,1.0027e-07
1.0384e+06,5.9536e-05,1.4509,0.0010726,2.3929e-06
1.0517e+06,5.8231e-05,1.4419,0.0010457,7.7998e-06
1.0651e+06,5.6954e-05,1.4328,0.0010196,1.644e-05
1.0787e+06,5.5705e-05,1.4238,0.00099407,2.8436e-05
1.0924e+06,5.4484e-05,1.4149,0.0009692,4.3913e-05
1.1063e+06,5.3289e-05,1.4059,0.00094496,6.3002e-05
1.1204e+06,5.2121e-05,1.397,0.00092131,8.5836e-05
1.1347e+06,5.0978e-05,1.3882,0.00089827,0.00011255
1.1492e+06,4.9861e-05,1.3793,0.00087579,0.00014329
1.1638e+06,4.8767e-05,1.3705,0.00085388,0.00017821
1.1787e+06,4.7698e-05,1.3617,0.00083252,0.00021744
1.1937e+06,4.6652e-05,1.353,0.00081169,0.00026114
1.2089e+06,4.5629e-05,1.3443,0.00079138,0.00030948
1.2243e+06,4.4629e-05,1.3356,0.00077159,0.00036262
1.2399e+06,4.365e-05,1.3269,0.00075228,0.00042073
1.2558e+06,4.2693e-05,1.3183,0.00073346,0.00048397
1.2718e+06,4.1757e-05,1.3097,0.00071511,0.00055253
1.288e+06,4.0842e-05,1.3012,0.00069722,0.00062659
1.3044e+06,3.9946e-05,1.2927,0.00067978,0.00070635
1.321e+06,3.9071e-05,1.2842,0.00066277,0.00079199
1.3379e+06,3.8214e-05,1.2757,0.00064619,0.00088371
1.3549e+06,3.7376e-05,1.2673,0.00063002,0.00098172
1.3722e+06,3.6557e-05,1.2589,0.00061426,0.0010862
1.3897e+06,3.5755e-05,1.2505,0.00059889,0.0011975
1.4074e+06,3.4971e-05,1.2422,0.00058391,0.0013156
1.4254e+06,3.4204e-05,1.2339,0.0005693,0.001441
1.4435e+06,3.3454e-05,1.2257,0.00055506,0.0015738
1.4619e+06,3.2721e-05,1.2174,0.00054117,0.0017142
1.4806e+06,3.2003e-05,1.2092,0.00052763,0.0018625
1.4994e+06,3.1302e-05,1.2011,0.00051443,0.002019
1.5186e+06,3.0615e-05,1.1929,0.00050156,0.0021709
1.5379e+06,2.9944e-05,1.1848,0.00048902,0.002334
1.5575e+06,2.9288e-05,1.1768,0.00047678,0.0025088
1.5774e+06,2.8646e-05,1.1687,0.00046485,0.0026952
1.5975e+06,2.8017e-05,1.1607,0.00045322,0.002893
1.6179e+06,2.7403e-05,1.1528,0.00044188,0.0031023
1.6385e+06,2.6802e-05,1.1448,0.00043083,0.0033228
1.6594e+06,2.6215e-05,1.1369,0.00042005,0.0035546
1.6805e+06,2.564e-05,1.1291,0.00040954,0.0037975
1.7019e+06,2.5078e-05,1.1212,0.0003993,0.0040515
1.7236e+06,2.4528e-05,1.1134,0.00038931,0.0043164
1.7456e+06,2.399e-05,1.1057,0.00037957,0.0045923
1.7679e+06,2.3464e-05,1.0979,0.00037007,0.004879
1.7904e+06,2.295e-05,1.0902,0.00036081,0.0051764
1.8132e+06,2.2447e-05,1.0826,0.00035179,0.0054845
1.8364e+06,2.1954e-05,1.0749,0.00034298,0.0058031
1.8598e+06,2.1473e-05,1.0673,0.0003344,0.0061323
1.8835e+06,2.1002e-05,1.0598,0.00032604,0.0064718
1.9075e+06,2.0542e-05,1.0522,0.00031788,0.0068218
1.9318e+06,2.0091e-05,1.0447,0.00030993,0.0071819
1.9564e+06,1.9651e-05,1.0373,0.00030217,0.0075523
1.9814e+06,1.922e-05,1.0298,0.00029461,0.0079327
2.0066e+06,1.8799e-05,1.0224,0.00028724,0.0083232
2.0322e+06,1.8386e-05,1.0151,0.00028006,0.0087236
2.0581e+06,1.7983e-05,1.0078,0.00027305,0.0091339
2.0844e+06,1.7589e-05,1.0005,0.00026622,0.009554
2.1109e+06,1.7203e-05,0.9932,0.00025956,0.0099838
2.1378e+06,1.6826e-05,0.98598,0.00025307,0.010423
2.1651e+06,1.6457e-05,0.97879,0.00024673,0.010872
2.1927e+06,1.6096e-05,0.97164,0.00024056,0.011331
2.2207e+06,1.5743e-05,0.96451,0.00023454,0.011799
2.249e+06,1.5398e-05,0.95743,0.00022868,0.012276
2.2776e+06,1.5061e-05,0.95037,0.00022295,0.012762
2.3067e+06,1.473e-05,0.94336,0.00021738,0.013258
2.3361e+06,1.4408e-05,0.93637,0.00021194,0.013763
2.3659e+06,1.4092e-05,0.92942,0.00020664,0.014277
2.396e+06,1.3783e-05,0.92251,0.00020147,0.014799
2.4266e+06,1.348e-05,0.91563,0.00019643,0.015331
2.4575e+06,1.3185e-05,0.90878,0.00019151,0.015871
2.4888e+06,1.2896e-05,0.90197,0.00018672,0.016421
2.5206e+06,1.2613e-05,0.8952,0.00018205,0.016978
2.5527e+06,1.2337e-05,0.88846,0.00017749,0.017545
2.5853e+06,1.2066e-05,0.88175,0.00017305,0.01812
2.6182e+06,1.1801e-05,0.87508,0.00016872,0.018703
2.6516e+06,1.1543e-05,0.86844,0.0001645,0.019295
2.6854e+06,1.129e-05,0.86183,0.00016039,0.019895
2.7196e+06,1.1042e-05,0.85527,0.00015638,0.020503
2.7543e+06,1.08e-05,0.84873,0.00015246,0.02112
2.7894e+06,1.0563e-05,0.84223,0.00014865,0.021744
2.825e+06,1.0332e-05,0.83577,0.00014493,0.022377
2.861e+06,1.0105e-05,0.82934,0.0001413,0.023017
2.8975e+06,9.8835e-06,0.82294,0.00013777,0.023666
2.9344e+06,9.6668e-06,0.81658,0.00013432,0.024322
2.9718e+06,9.4549e-06,0.81026,0.00013096,0.024986
3.0097e+06,9.2312e-06,0.80397,0.00012769,0.025657
3.0481e+06,8.9661e-06,0.79771,0.00012449,0.026336
3.0869e+06,8.7086e-06,0.79149,0.00012138,0.027023
3.1263e+06,8.4585e-06,0.7853,0.00011834,0.027717
3.1661e+06,8.2156e-06,0.77915,0.00011538,0.028419
3.2065e+06,7.9797e-06,0.77303,0.00011249,0.029127
3.2474e+06,7.7506e-06,0.76694,0.00010968,0.029844
3.2888e+06,7.528e-06,0.7609,0.00010693,0.030567
3.3307e+06,7.3118e-06,0.75488,0.00010426,0.031297
3.3732e+06,7.1019e-06,0.7489,0.00010165,0.032035
3.4162e+06,6.8979e-06,0.74295,9.9107e-05,0.032779
3.4597e+06,6.6998e-06,0.73704,9.6628e-05,0.03353
3.5038e+06,6.5074e-06,0.73117,9.421e-05,0.034288
3.5485e+06,6.3206e-06,0.72532,9.1853e-05,0.035053
3.5937e+06,6.1391e-06,0.71951,8.9555e-05,0.035825
3.6396e+06,5.9628e-06,0.71374,8.7315e-05,0.036603
3.686e+06,5.7915e-06,0.708,8.5131e-05,0.037388
3.733e+06,5.6252e-06,0.70229,8.3001e-05,0.03818
3.7805e+06,5.4637e-06,0.69662,8.0924e-05,0.038977
3.8287e+06,5.3068e-06,0.69098,7.89e-05,0.039782
3.8776e+06,5.1544e-06,0.68538,7.6926e-05,0.040592
3.927e+06,5.0064e-06,0.67981,7.5001e-05,0.041409
3.9771e+06,4.8626e-06,0.67428,7.3125e-05,0.042232
4.0278e+06,4.723e-06,0.66877,7.1295e-05,0.043061
4.0791e+06,4.5874e-06,0.66331,6.9512e-05,0.043896
4.1311e+06,4.4556e-06,0.65787,6.7773e-05,0.044737
4.1838e+06,4.3277e-06,0.65247,6.6077e-05,0.045584
4.2371e+06,4.2034e-06,0.6471,6.4424e-05,0.046437
4.2911e+06,4.0827e-06,0.64177,6.2812e-05,0.047296
4.3458e+06,3.9655e-06,0.63647,6.1241e-05,0.048161
4.4012e+06,3.8516e-06,0.6312,5.9709e-05,0.049031
4.4573e+06,3.741e-06,0.62597,5.8215e-05,0.049907
4.5142e+06,3.6336e-06,0.62077,5.6758e-05,0.050788
4.5717e+06,3.5292e-06,0.6156,5.5338e-05,0.051675
4.63e+06,3.4279e-06,0.61047,5.3954e-05,0.052568
4.689e+06,3.3294e-06,0.60537,5.2604e-05,0.053465
4.7488e+06,3.2338e-06,0.6003,5.1288e-05,0.054369
4.8094e+06,3.141e-06,0.59527,5.0005e-05,0.055277
4.8707e+06,3.0508e-06,0.59027,4.8754e-05,0.05619
4.9328e+06,2.9631e-06,0.5853,4.7534e-05,0.057109
4.9957e+06,2.8781e-06,0.58036,4.6345e-05,0.058033
5.0593e+06,2.7954e-06,0.57546,4.5186e-05,0.058962
5.1238e+06,2.7151e-06,0.57059,4.4055e-05,0.059895
5.1892e+06,2.6372e-06,0.56575,4.2953e-05,0.060834
5.2553e+06,2.5614e-06,0.56095,4.1878e-05,0.061778
5.3223e+06,2.4879e-06,0.55617,4.0831e-05,0.062726
5.3902e+06,2.4164e-06,0.55143,3.9809e-05,0.063679
5.4589e+06,2.347e-06,0.54672,3.8813e-05,0.064637
5.5285e+06,2.2796e-06,0.54204,3.7842e-05,0.065599
5.599e+06,2.2142e-06,0.5374,3.6895e-05,0.066566
5.6703e+06,2.1506e-06,0.53278,3.5972e-05,0.067537
5.7426e+06,2.0888e-06,0.5282,3.5072e-05,0.068513
5.8158e+06,2.0289e-06,0.52365,3.4195e-05,0.069493
5.89e+06,1.9706e-06,0.51913,3.3339e-05,0.070477
5.9651e+06,1.914e-06,0.51464,3.2505e-05,0.071466
6.0411e+06,1.859e-06,0.51019,3.1692e-05,0.072459
6.1181e+06,1.8057e-06,0.50576,3.0899e-05,0.073456
6.1961e+06,1.7538e-06,0.50137,3.0126e-05,0.074458
6.2751e+06,1.7034e-06,0.497,2.9373e-05,0.075463
6.3551e+06,1.6545e-06,0.49267,2.8638e-05,0.076472
6.4362e+06,1.607e-06,0.48837,2.7921e-05,0.077485
6.5182e+06,1.5609e-06,0.4841,2.7223e-05,0.078502
6.6013e+06,1.516e-06,0.47985,2.6542e-05,0.079523
6.6855e+06,1.4725e-06,0.47564,2.5878e-05,0.080548
6.7707e+06,1.4302e-06,0.47146,2.523e-05,0.081576
6.857e+06,1.3892e-06,0.46731,2.4599e-05,0.082608
6.9444e+06,1.3493e-06,0.46319,2.3984e-05,0.083644
7.033e+06,1.3105e-06,0.4591,2.3384e-05,0.084683
7.1226e+06,1.2729e-06,0.45504,2.2799e-05,0.085726
7.2134e+06,1.2363e-06,0.45101,2.2228e-05,0.086772
7.3054e+06,1.2008e-06,0.44701,2.1672e-05,0.087822
7.3985e+06,1.1663e-06,0.44304,2.113e-05,0.088875
7.4928e+06,1.1329e-06,0.43909,2.0601e-05,0.089931
7.5884e+06,1.1003e-06,0.43518,2.0086e-05,0.090991
7.6851e+06,1.0687e-06,0.4313,1.9583e-05,0.092054
7.7831e+06,1.038e-06,0.42744,1.9093e-05,0.093119
7.8823e+06,1.0082e-06,0.42361,1.8616e-05,0.094188
7.9828e+06,9.7927e-07,0.41982,1.815e-05,0.09526
8.0846e+06,9.5115e-07,0.41605,1.7696e-05,0.096335
8.1876e+06,9.2384e-07,0.41231,1.7253e-05,0.097413
8.292e+06,8.9731e-07,0.40859,1.6822e-05,0.098494
8.3977e+06,8.7154e-07,0.40491,1.6401e-05,0.099578
8.5048e+06,8.4651e-07,0.40125,1.599e-05,0.10066
8.6132e+06,8.222e-07,0.39762,1.559e-05,0.10175
8.723e+06,7.9859e-07,0.39402,1.52e-05,0.10285
8.8342e+06,7.7566e-07,0.39045,1.482e-05,0.10394
8.9469e+06,7.5339e-07,0.3869,1.4449e-05,0.10504
9.0609e+06,7.3175e-07,0.38338,1.4088e-05,0.10614
9.1764e+06,7.1074e-07,0.37989,1.3735e-05,0.10724
9.2934e+06,6.9033e-07,0.37643,1.3392e-05,0.10834
9.4119e+06,6.7051e-07,0.37299,1.3057e-05,0.10945
9.5319e+06,6.5125e-07,0.36958,1.273e-05,0.11056
9.6534e+06,6.3255e-07,0.36619,1.2412e-05,0.11167
9.7765e+06,6.1438e-07,0.36284,1.2101e-05,0.11278
9.9011e+06,5.9674e-07,0.3595,1.1798e-05,0.1139
1.0027e+07,5.7961e-07,0.3562,1.1503e-05,0.11502
1.0155e+07,5.6296e-07,0.35292,1.1215e-05,0.11614
1.0285e+07,5.468e-07,0.34967,1.0935e-05,0.11726
1.0416e+07,5.3109e-07,0.34644,1.0661e-05,0.11839
1.0549e+07,5.1584e-07,0.34324,1.0394e-05,0.11951
1.0683e+07,5.0103e-07,0.34006,1.0134e-05,0.12064
1.0819e+07,4.8664e-07,0.33691,9.8808e-06,0.12177
1.0957e+07,4.7267e-07,0.33379,9.6336e-06,0.1229
1.1097e+07,4.5909e-07,0.33069,9.3926e-06,0.12404
1.1238e+07,4.4591e-07,0.32761,9.1576e-06,0.12517
1.1382e+07,4.331e-07,0.32456,8.9285e-06,0.12631
1.1527e+07,4.2067e-07,0.32153,8.7052e-06,0.12745
1.1674e+07,4.0859e-07,0.31853,8.4874e-06,0.12859
1.1822e+07,3.9685e-07,0.31556,8.275e-06,0.12973
1.1973e+07,3.8546e-07,0.3126,8.068e-06,0.13088
1.2126e+07,3.7439e-07,0.30968,7.8662e-06,0.13202
1.228e+07,3.6364e-07,0.30677,7.6694e-06,0.13317
1.2437e+07,3.532e-07,0.30389,7.4775e-06,0.13432
1.2596e+07,3.4305e-07,0.30103,7.2904e-06,0.13547
1.2756e+07,3.332e-07,0.2982,7.108e-06,0.13662
1.2919e+07,3.2363e-07,0.29539,6.9302e-06,0.13777
1.3083e+07,3.1434e-07,0.29261,6.7568e-06,0.13892
1.325e+07,3.0531e-07,0.28984,6.5878e-06,0.14008
1.3419e+07,2.9655e-07,0.2871,6.423e-06,0.14123
1.359e+07,2.8803e-07,0.28438,6.2623e-06,0.14239
1.3764e+07,2.7976e-07,0.28169,6.1056e-06,0.14355
1.3939e+07,2.7173e-07,0.27902,5.9528e-06,0.14471
1.4117e+07,2.6392e-07,0.27637,5.8039e-06,0.14587
1.4297e+07,2.5634e-07,0.27374,5.6587e-06,0.14703
1.4479e+07,2.4898e-07,0.27113,5.5171e-06,0.14819
1.4664e+07,2.4183e-07,0.26855,5.3791e-06,0.14935
1.485e+07,2.3489e-07,0.26599,5.2445e-06,0.15051
1.504e+07,2.2814e-07,0.26345,5.1133e-06,0.15168
1.5232e+07,2.2159e-07,0.26093,4.9854e-06,0.15284
1.5426e+07,2.1523e-07,0.25843,4.8607e-06,0.15401
1.5622e+07,2.0905e-07,0.25596,4.7391e-06,0.15517
1.5822e+07,2.0304e-07,0.2535,4.6205e-06,0.15634
1.6023e+07,1.9721e-07,0.25107,4.5049e-06,0.15751
1.6228e+07,1.9155e-07,0.24866,4.3922e-06,0.15868
1.6434e+07,1.8605e-07,0.24627,4.2823e-06,0.15984
1.6644e+07,1.8071e-07,0.2439,4.1752e-06,0.16101
1.6856e+07,1.7552e-07,0.24155,4.0707e-06,0.16218
1.7071e+07,1.7048e-07,0.23922,3.9689e-06,0.16335
1.7289e+07,1.6558e-07,0.23691,3.8696e-06,0.16452
1.7509e+07,1.6083e-07,0.23462,3.7728e-06,0.16569
1.7732e+07,1.5621e-07,0.23235,3.6784e-06,0.16686
1.7958e+07,1.5172e-07,0.23009,3.5864e-06,0.16803
1.8187e+07,1.4737e-07,0.22786,3.4967e-06,0.16921
1.8419e+07,1.4313e-07,0.22565,3.4092e-06,0.17038
1.8654e+07,1.3902e-07,0.22346,3.3239e-06,0.17155
1.8892e+07,1.3503e-07,0.22129,3.2407e-06,0.17272
1.9133e+07,1.3115e-07,0.21914,3.1597e-06,0.17389
1.9377e+07,1.2739e-07,0.217,3.0806e-06,0.17506
1.9624e+07,1.2373e-07,0.21488,3.0035e-06,0.17624
1.9874e+07,1.2018e-07,0.21279,2.9284e-06,0.17741
