# 1DMC-N photon cross sections for Ni (Z=28), barn/atom
#grid 600 10000 2e+07
#Z 28
#atomic_weight 58.69340
E_eV,photo,incoh,coh,pair
10064,19896,8.1793,135.99,0
10192,19258,8.245,133.99,0
10322,18639,8.3105,132,0
10453,18036,8.376,130.04,0
10587,17451,8.4413,128.11,0
10722,16883,8.5065,126.2,0
10858,16331,8.5716,124.31,0
10997,15796,8.6365,122.45,0
11137,15276,8.7013,120.61,0
11279,14772,8.7659,118.79,0
11423,14283,8.8303,117,0
11568,13808,8.8945,115.23,0
11716,13349,8.9585,113.49,0
11865,12903,9.0223,111.77,0
12016,12471,9.0859,110.07,0
12170,12053,9.1492,108.39,0
12325,11647,9.2123,106.74,0
12482,11255,9.2751,105.11,0
12641,10875,9.3377,103.5,0
12802,10507,9.3999,101.91,0
12965,10151,9.4619,100.35,0
13131,9806.4,9.5236,98.801,0
13298,9473.1,9.585,97.278,0
13468,9150.7,9.646,95.776,0
13639,8838.9,9.7067,94.295,0
13813,8537.4,9.7671,92.835,0
13989,8245.9,9.8271,91.395,0
14168,7964.1,9.8867,89.976,0
14348,7691.8,9.946,88.576,0
14531,7428.6,10.005,87.197,0
14716,7174.3,10.063,85.837,0
14904,6928.7,10.121,84.497,0
15094,6691.4,10.179,83.176,0
15286,6462.2,10.236,81.874,0
15481,6240.8,10.293,80.59,0
15679,6027,10.349,79.325,0
15879,5820.4,10.405,78.077,0
16081,5620.8,10.461,76.846,0
16286,5427.9,10.516,75.631,0
16494,5241.6,10.57,74.433,0
16704,5061.6,10.624,73.251,0
16917,4887.6,10.678,72.084,0
17133,4719.5,10.732,70.932,0
17351,4557.1,10.785,69.795,0
17572,4400.1,10.837,68.673,0
17796,4248.4,10.889,67.564,0
18023,4101.8,10.941,66.47,0
18253,3960.2,10.992,65.389,0
18486,3823.2,11.043,64.321,0
18721,3690.9,11.094,63.266,0
18960,3563,11.144,62.223,0
19202,3439.4,11.193,61.194,0
19446,3319.9,11.243,60.176,0
19694,3204.4,11.292,59.17,0
19945,3092.8,11.34,58.176,0
20200,2984.9,11.388,57.194,0
20457,2880.6,11.436,56.223,0
20718,2779.8,11.484,55.264,0
20982,2682.5,11.531,54.317,0
21250,2588.4,11.577,53.38,0
21521,2497.4,11.624,52.456,0
21795,2409.6,11.67,51.543,0
22073,2324.7,11.715,50.641,0
22354,2242.8,11.76,49.751,0
22639,2163.6,11.804,48.872,0
22928,2087.1,11.849,48.004,0
23220,2013.2,11.892,47.148,0
23516,1941.9,11.935,46.304,0
23816,1873,11.978,45.47,0
24120,1806.5,12.02,44.648,0
24427,1742.2,12.062,43.837,0
24738,1680.2,12.103,43.037,0
25054,1620.3,12.144,42.248,0
25373,1562.5,12.184,41.47,0
25697,1506.7,12.223,40.704,0
26024,1452.9,12.262,39.948,0
26356,1400.9,12.301,39.203,0
26692,1350.7,12.339,38.469,0
27032,1302.3,12.376,37.745,0
27377,1255.6,12.413,37.032,0
27726,1210.5,12.449,36.33,0
28080,1166.9,12.485,35.639,0
28438,1125,12.52,34.957,0
28800,1084.5,12.554,34.286,0
29167,1045.4,12.588,33.626,0
29539,1007.7,12.621,32.975,0
29916,971.3,12.654,32.335,0
30297,936.2,12.685,31.705,0
30683,902.34,12.717,31.084,0
31074,869.69,12.747,30.473,0
31471,838.19,12.777,29.873,0
31872,807.81,12.806,29.282,0
32278,778.51,12.835,28.701,0
32690,750.26,12.863,28.13,0
33106,723,12.89,27.569,0
33528,696.72,12.917,27.017,0
33956,671.38,12.943,26.475,0
34389,646.94,12.968,25.942,0
34827,623.37,12.993,25.419,0
35271,600.65,13.017,24.905,0
35721,578.74,13.041,24.4,0
36176,557.61,13.063,23.905,0
36638,537.24,13.086,23.418,0
37105,517.6,13.107,22.941,0
37578,498.66,13.128,22.473,0
38057,480.4,13.148,22.013,0
38542,462.8,13.167,21.562,0
39033,445.84,13.186,21.12,0
39531,429.48,13.204,20.686,0
40035,413.72,13.222,20.261,0
40545,398.52,13.239,19.844,0
41062,383.88,13.255,19.436,0
41586,369.77,13.271,19.035,0
42116,356.16,13.286,18.642,0
42653,343.05,13.3,18.257,0
43196,330.41,13.314,17.88,0
43747,318.22,13.326,17.51,0
44305,306.48,13.339,17.148,0
44870,295.16,13.35,16.792,0
45442,284.25,13.361,16.444,0
46021,273.74,13.371,16.103,0
46608,263.6,13.381,15.768,0
47202,253.84,13.39,15.44,0
47804,244.43,13.398,15.119,0
48413,235.36,13.405,14.804,0
49030,226.62,13.412,14.496,0
49655,218.19,13.418,14.194,0
50289,210.08,13.423,13.898,0
50930,202.25,13.428,13.607,0
51579,194.71,13.431,13.323,0
52236,187.45,13.435,13.045,0
52902,180.45,13.437,12.772,0
53577,173.72,13.439,12.504,0
54260,167.22,13.44,12.242,0
54952,160.97,13.441,11.986,0
55652,154.95,13.441,11.734,0
56362,149.15,13.441,11.487,0
57080,143.56,13.44,11.246,0
57808,138.18,13.438,11.009,0
58545,133,13.436,10.777,0
59291,128.02,13.434,10.55,0
60047,123.21,13.431,10.327,0
60813,118.59,13.427,10.109,0
61588,114.14,13.423,9.8946,0
62373,109.86,13.419,9.6849,0
63168,105.73,13.414,9.4795,0
63974,101.76,13.409,9.2781,0
64789,97.939,13.403,9.0807,0
65615,94.258,13.396,8.8873,0
66452,90.714,13.39,8.6977,0
67299,87.303,13.382,8.5119,0
68157,84.018,13.375,8.3299,0
69026,80.856,13.366,8.1514,0
69906,77.811,13.357,7.9766,0
70797,74.88,13.348,7.8052,0
71700,72.058,13.338,7.6373,0
72614,69.342,13.328,7.4727,0
73539,66.726,13.317,7.3114,0
74477,64.209,13.305,7.1534,0
75426,61.785,13.294,6.9985,0
76388,59.452,13.281,6.8467,0
77362,57.205,13.268,6.698,0
78348,55.043,13.254,6.5522,0
79347,52.961,13.24,6.4094,0
80359,50.957,13.225,6.2695,0
81383,49.027,13.21,6.1323,0
82421,47.17,13.194,5.9979,0
83471,45.382,13.178,5.8662,0
84536,43.661,13.161,5.7372,0
85613,42.005,13.144,5.6108,0
86705,40.411,13.126,5.4869,0
87810,38.877,13.107,5.3656,0
88930,37.401,13.088,5.2468,0
90063,35.98,13.069,5.1304,0
91211,34.613,13.049,5.0164,0
92374,33.297,13.029,4.9047,0
93552,32.031,13.008,4.7953,0
94745,30.814,12.987,4.6882,0
95953,29.642,12.965,4.5833,0
97176,28.514,12.943,4.4806,0
98415,27.429,12.92,4.38,0
99669,26.386,12.897,4.2815,0
1.0094e+05,25.382,12.873,4.185,0
1.0223e+05,24.416,12.849,4.0906,0
1.0353e+05,23.487,12.825,3.9982,0
1.0485e+05,22.594,12.8,3.9077,0
1.0619e+05,21.734,12.775,3.8191,0
1.0754e+05,20.907,12.75,3.7324,0
1.0891e+05,20.111,12.724,3.6475,0
1.103e+05,19.346,12.697,3.5645,0
1.1171e+05,18.609,12.671,3.4832,0
1.1313e+05,17.901,12.644,3.4036,0
1.1457e+05,17.22,12.616,3.3258,0
1.1603e+05,16.565,12.588,3.2496,0
1.1751e+05,15.934,12.56,3.175,0
1.1901e+05,15.328,12.532,3.1021,0
1.2053e+05,14.744,12.503,3.0308,0
1.2206e+05,14.183,12.473,2.961,0
1.2362e+05,13.644,12.444,2.8927,0
1.252e+05,13.124,12.414,2.8259,0
1.2679e+05,12.625,12.384,2.7606,0
1.2841e+05,12.145,12.353,2.6967,0
1.3005e+05,11.683,12.322,2.6342,0
1.317e+05,11.238,12.291,2.5731,0
1.3338e+05,10.811,12.259,2.5134,0
1.3508e+05,10.4,12.227,2.4549,0
1.3681e+05,10.005,12.195,2.3978,0
1.3855e+05,9.6242,12.162,2.3419,0
1.4032e+05,9.2584,12.129,2.2873,0
1.4211e+05,8.9065,12.096,2.2339,0
1.4392e+05,8.5681,12.062,2.1817,0
1.4575e+05,8.2426,12.029,2.1307,0
1.4761e+05,7.9295,11.994,2.0808,0
1.4949e+05,7.6284,11.96,2.032,0
1.514e+05,7.3387,11.925,1.9844,0
1.5333e+05,7.0602,11.89,1.9378,0
1.5528e+05,6.7922,11.855,1.8923,0
1.5726e+05,6.5345,11.82,1.8478,0
1.5927e+05,6.2867,11.784,1.8043,0
1.613e+05,6.0483,11.748,1.7618,0
1.6335e+05,5.8191,11.711,1.7202,0
1.6544e+05,5.5986,11.675,1.6797,0
1.6755e+05,5.3866,11.638,1.64,0
1.6968e+05,5.1827,11.601,1.6012,0
1.7184e+05,4.9866,11.564,1.5634,0
1.7404e+05,4.798,11.526,1.5264,0
1.7625e+05,4.6167,11.489,1.4902,0
1.785e+05,4.4423,11.451,1.4549,0
1.8078e+05,4.2745,11.412,1.4204,0
1.8308e+05,4.1133,11.374,1.3867,0
1.8542e+05,3.9581,11.336,1.3537,0
1.8778e+05,3.809,11.297,1.3216,0
1.9017e+05,3.6655,11.258,1.2901,0
1.926e+05,3.5276,11.219,1.2594,0
1.9505e+05,3.3949,11.179,1.2294,0
1.9754e+05,3.2674,11.14,1.2001,0
2.0006e+05,3.1447,11.1,1.1715,0
2.0261e+05,3.0267,11.06,1.1435,0
2.0519e+05,2.9132,11.02,1.1162,0
2.0781e+05,2.8041,10.979,1.0895,0
2.1046e+05,2.6991,10.939,1.0635,0
2.1314e+05,2.5982,10.898,1.038,0
2.1586e+05,2.5011,10.858,1.0131,0
2.1861e+05,2.4078,10.817,0.98887,0
2.214e+05,2.318,10.776,0.96515,0
2.2422e+05,2.2317,10.735,0.942,0
2.2708e+05,2.1487,10.693,0.91938,0
2.2997e+05,2.0688,10.652,0.8973,0
2.329e+05,1.992,10.61,0.87573,0
2.3587e+05,1.9182,10.569,0.85467,0
2.3888e+05,1.8471,10.527,0.8341,0
2.4193e+05,1.7788,10.485,0.81402,0
2.4501e+05,1.7131,10.443,0.79441,0
2.4813e+05,1.6499,10.401,0.77526,0
2.513e+05,1.5891,10.359,0.75656,0
2.545e+05,1.5306,10.317,0.7383,0
2.5775e+05,1.4743,10.274,0.72047,0
2.6103e+05,1.4202,10.232,0.70307,0
2.6436e+05,1.3682,10.19,0.68607,0
2.6773e+05,1.3181,10.147,0.66948,0
2.7114e+05,1.2699,10.105,0.65328,0
2.746e+05,1.2236,10.062,0.63746,0
2.781e+05,1.179,10.019,0.62202,0
2.8165e+05,1.1361,9.9766,0.60695,0
2.8524e+05,1.0949,9.9339,0.59223,0
2.8887e+05,1.0552,9.8912,0.57786,0
2.9255e+05,1.017,9.8484,0.56384,0
2.9628e+05,0.98025,9.8056,0.55014,0
3.0006e+05,0.94489,9.7628,0.53678,0
3.0389e+05,0.91087,9.7199,0.52373,0
3.0776e+05,0.87814,9.6771,0.511,0
3.1169e+05,0.84664,9.6342,0.49857,0
3.1566e+05,0.81632,9.5914,0.48643,0
3.1968e+05,0.78715,9.5485,0.47459,0
3.2376e+05,0.75908,9.5056,0.46303,0
3.2789e+05,0.73206,9.4627,0.45174,0
3.3207e+05,0.70606,9.4199,0.44073,0
3.363e+05,0.68103,9.377,0.42998,0
3.4059e+05,0.65694,9.3341,0.41948,0
3.4493e+05,0.63375,9.2913,0.40924,0
3.4933e+05,0.61143,9.2484,0.39925,0
3.5378e+05,0.58995,9.2056,0.38949,0
3.5829e+05,0.56927,9.1628,0.37997,0
3.6286e+05,0.54936,9.12,0.37068,0
3.6748e+05,0.53019,9.0772,0.36161,0
3.7217e+05,0.51173,9.0344,0.35276,0
3.7691e+05,0.49397,8.9917,0.34413,0
3.8172e+05,0.47686,8.949,0.3357,0
3.8659e+05,0.46039,8.9063,0.32748,0
3.9151e+05,0.44452,8.8636,0.31945,0
3.9651e+05,0.42925,8.821,0.31162,0
4.0156e+05,0.41454,8.7784,0.30398,0
4.0668e+05,0.40038,8.7358,0.29652,0
4.1186e+05,0.38673,8.6933,0.28925,0
4.1711e+05,0.37359,8.6508,0.28215,0
4.2243e+05,0.36094,8.6084,0.27522,0
4.2782e+05,0.34874,8.566,0.26846,0
4.3327e+05,0.337,8.5237,0.26186,0
4.388e+05,0.32568,8.4814,0.25543,0
4.4439e+05,0.31478,8.4392,0.24915,0
4.5006e+05,0.30428,8.3971,0.24302,0
4.5579e+05,0.29416,8.355,0.23704,0
4.616e+05,0.28441,8.3129,0.2312,0
4.6749e+05,0.27501,8.271,0.22551,0
4.7345e+05,0.26595,8.2291,0.21995,0
4.7948e+05,0.25722,8.1873,0.21453,0
4.856e+05,0.24881,8.1456,0.20924,0
4.9179e+05,0.2407,8.1039,0.20408,0
4.9806e+05,0.23288,8.0624,0.19905,0
5.0441e+05,0.22613,8.0205,0.19409,0
5.1084e+05,0.21991,7.9786,0.18923,0
5.1735e+05,0.21387,7.9367,0.1845,0
5.2395e+05,0.20799,7.8949,0.17988,0
5.3063e+05,0.20227,7.8532,0.17538,0
5.3739e+05,0.19671,7.8116,0.17099,0
5.4424e+05,0.19131,7.7701,0.16672,0
5.5118e+05,0.18605,7.7287,0.16255,0
5.5821e+05,0.18093,7.6874,0.15848,0
5.6532e+05,0.17596,7.6461,0.15451,0
5.7253e+05,0.17112,7.605,0.15065,0
5.7983e+05,0.16642,7.564,0.14688,0
5.8722e+05,0.16185,7.523,0.14321,0
5.9471e+05,0.1574,7.4822,0.13962,0
6.0229e+05,0.15307,7.4414,0.13613,0
6.0997e+05,0.14887,7.4008,0.13272,0
6.1774e+05,0.14477,7.3602,0.1294,0
6.2562e+05,0.14079,7.3197,0.12617,0
6.336e+05,0.13693,7.2794,0.12301,0
6.4167e+05,0.13316,7.2391,0.11993,0
6.4985e+05,0.1295,7.199,0.11693,0
6.5814e+05,0.12594,7.1589,0.11401,0
6.6653e+05,0.12248,7.119,0.11115,0
6.7503e+05,0.11911,7.0791,0.10837,0
6.8363e+05,0.11584,7.0394,0.10566,0
6.9235e+05,0.11266,6.9997,0.10302,0
7.0117e+05,0.10956,6.9602,0.10044,0
7.1011e+05,0.10655,6.9208,0.097928,0
7.1917e+05,0.10362,6.8814,0.095478,0
7.2833e+05,0.10077,6.8422,0.09309,0
7.3762e+05,0.098003,6.8031,0.090761,0
7.4702e+05,0.095309,6.7641,0.08849,0
7.5655e+05,0.092689,6.7252,0.086276,0
7.6619e+05,0.090142,6.6864,0.084118,0
7.7596e+05,0.087664,6.6477,0.082013,0
7.8585e+05,0.085255,6.6091,0.079961,0
7.9587e+05,0.082912,6.5707,0.077961,0
8.0602e+05,0.080633,6.5323,0.07601,0
8.1629e+05,0.078416,6.4941,0.074109,0
8.267e+05,0.076261,6.4559,0.072255,0
8.3724e+05,0.074165,6.4179,0.070447,0
8.4791e+05,0.072127,6.38,0.068685,0
8.5872e+05,0.070144,6.3422,0.066966,0
8.6967e+05,0.068216,6.3045,0.065291,0
8.8076e+05,0.066341,6.2669,0.063657,0
8.9199e+05,0.064518,6.2295,0.062065,0
9.0336e+05,0.062745,6.1921,0.060512,0
9.1488e+05,0.06102,6.1549,0.058998,0
9.2654e+05,0.059343,6.1178,0.057522,0
9.3835e+05,0.057712,6.0808,0.056083,0
9.5031e+05,0.056126,6.0439,0.05468,0
9.6243e+05,0.054583,6.0071,0.053312,0
9.747e+05,0.053083,5.9704,0.051978,0
9.8713e+05,0.051624,5.9339,0.050678,0
9.9971e+05,0.050205,5.8975,0.04941,0
1.0125e+06,0.049098,5.8612,0.048174,0
1.0254e+06,0.048021,5.825,0.046969,2.0684e-06
1.0384e+06,0.046968,5.7889,0.045794,4.9362e-05
1.0517e+06,0.045939,5.753,0.044648,0.0001609
1.0651e+06,0.044931,5.7171,0.043531,0.00033913
1.0787e+06,0.043946,5.6814,0.042442,0.00058659
1.0924e+06,0.042983,5.6458,0.04138,0.00090587
1.1063e+06,0.04204,5.6103,0.040345,0.0012996
1.1204e+06,0.041119,5.575,0.039335,0.0017707
1.1347e+06,0.040217,5.5397,0.038351,0.0023218
1.1492e+06,0.039335,5.5046,0.037392,0.002956
1.1638e+06,0.038473,5.4696,0.036456,0.0036761
1.1787e+06,0.037629,5.4348,0.035544,0.0044854
1.1937e+06,0.036804,5.4,0.034655,0.005387
1.2089e+06,0.035997,5.3654,0.033788,0.0063842
1.2243e+06,0.035208,5.3309,0.032943,0.0074804
1.2399e+06,0.034436,5.2965,0.032119,0.008679
1.2558e+06,0.033681,5.2622,0.031315,0.0099836
1.2718e+06,0.032943,5.2281,0.030532,0.011398
1.288e+06,0.03222,5.1941,0.029768,0.012926
1.3044e+06,0.031514,5.1602,0.029023,0.014571
1.321e+06,0.030823,5.1265,0.028297,0.016338
1.3379e+06,0.030147,5.0928,0.027589,0.01823
1.3549e+06,0.029486,5.0593,0.026899,0.020251
1.3722e+06,0.02884,5.0259,0.026226,0.022407
1.3897e+06,0.028207,4.9927,0.02557,0.024702
1.4074e+06,0.027589,4.9595,0.02493,0.02714
1.4254e+06,0.026984,4.9265,0.024306,0.029726
1.4435e+06,0.026392,4.8937,0.023698,0.032464
1.4619e+06,0.025814,4.8609,0.023105,0.035361
1.4806e+06,0.025248,4.8283,0.022527,0.038421
1.4994e+06,0.024694,4.7958,0.021964,0.041649
1.5186e+06,0.024153,4.7634,0.021414,0.044821
1.5379e+06,0.023623,4.7312,0.020878,0.048141
1.5575e+06,0.023105,4.6991,0.020356,0.051612
1.5774e+06,0.022599,4.6671,0.019847,0.055234
1.5975e+06,0.022103,4.6352,0.01935,0.059006
1.6179e+06,0.021619,4.6035,0.018866,0.062926
1.6385e+06,0.021145,4.5719,0.018394,0.066993
1.6594e+06,0.020681,4.5405,0.017934,0.071207
1.6805e+06,0.020227,4.5091,0.017485,0.075566
1.7019e+06,0.019784,4.4779,0.017048,0.080068
1.7236e+06,0.01935,4.4469,0.016621,0.084714
1.7456e+06,0.018926,4.4159,0.016206,0.089501
1.7679e+06,0.018511,4.3851,0.0158,0.094429
1.7904e+06,0.018105,4.3545,0.015405,0.099496
1.8132e+06,0.017708,4.3239,0.015019,0.1047
1.8364e+06,0.01732,4.2935,0.014644,0.11004
1.8598e+06,0.01694,4.2632,0.014277,0.11552
1.8835e+06,0.016569,4.2331,0.01392,0.12114
1.9075e+06,0.016205,4.2031,0.013572,0.12688
1.9318e+06,0.01585,4.1732,0.013232,0.13276
1.9564e+06,0.015503,4.1435,0.012901,0.13878
1.9814e+06,0.015163,4.1139,0.012579,0.14492
2.0066e+06,0.01483,4.0844,0.012264,0.15119
2.0322e+06,0.014505,4.0551,0.011957,0.15759
2.0581e+06,0.014187,4.0259,0.011658,0.16412
2.0844e+06,0.013876,3.9968,0.011366,0.17077
2.1109e+06,0.013572,3.9679,0.011082,0.17755
2.1378e+06,0.013274,3.9391,0.010805,0.18446
2.1651e+06,0.012983,3.9104,0.010534,0.19148
2.1927e+06,0.012699,3.8819,0.010271,0.19863
2.2207e+06,0.01242,3.8535,0.010014,0.2059
2.249e+06,0.012148,3.8252,0.0097633,0.21329
2.2776e+06,0.011881,3.7971,0.009519,0.2208
2.3067e+06,0.011621,3.7691,0.0092809,0.22843
2.3361e+06,0.011366,3.7413,0.0090487,0.23617
2.3659e+06,0.011117,3.7136,0.0088223,0.24403
2.396e+06,0.010873,3.686,0.0086016,0.252
2.4266e+06,0.010635,3.6585,0.0083864,0.26009
2.4575e+06,0.010402,3.6312,0.0081766,0.26829
2.4888e+06,0.010174,3.6041,0.007972,0.2766
2.5206e+06,0.0099505,3.577,0.0077726,0.28503
2.5527e+06,0.0097324,3.5502,0.0075781,0.29356
2.5853e+06,0.009519,3.5234,0.0073885,0.3022
2.6182e+06,0.0093103,3.4968,0.0072037,0.31095
2.6516e+06,0.0091061,3.4703,0.0070235,0.3198
2.6854e+06,0.0089065,3.444,0.0068477,0.32877
2.7196e+06,0.0087112,3.4178,0.0066764,0.33783
2.7543e+06,0.0085202,3.3917,0.0065094,0.347
2.7894e+06,0.0083334,3.3658,0.0063465,0.35628
2.825e+06,0.0081507,3.34,0.0061878,0.36565
2.861e+06,0.007972,3.3143,0.006033,0.37513
2.8975e+06,0.0077972,3.2888,0.005882,0.3847
2.9344e+06,0.0076262,3.2634,0.0057349,0.39438
2.9718e+06,0.007459,3.2382,0.0055914,0.40415
3.0097e+06,0.0072825,3.213,0.0054515,0.41402
3.0481e+06,0.0070734,3.1881,0.0053151,0.42398
3.0869e+06,0.0068703,3.1632,0.0051821,0.43404
3.1263e+06,0.006673,3.1386,0.0050525,0.4442
3.1661e+06,0.0064814,3.114,0.0049261,0.45444
3.2065e+06,0.0062952,3.0896,0.0048029,0.46478
3.2474e+06,0.0061145,3.0653,0.0046827,0.47522
3.2888e+06,0.0059389,3.0411,0.0045655,0.48574
3.3307e+06,0.0057683,3.0171,0.0044513,0.49635
3.3732e+06,0.0056027,2.9933,0.00434,0.50705
3.4162e+06,0.0054418,2.9695,0.0042314,0.51783
3.4597e+06,0.0052855,2.9459,0.0041255,0.52871
3.5038e+06,0.0051338,2.9225,0.0040223,0.53967
3.5485e+06,0.0049863,2.8991,0.0039217,0.55071
3.5937e+06,0.0048431,2.8759,0.0038236,0.56184
3.6396e+06,0.0047041,2.8529,0.0037279,0.57305
3.686e+06,0.004569,2.83,0.0036346,0.58435
3.733e+06,0.0044378,2.8072,0.0035437,0.59572
3.7805e+06,0.0043103,2.7845,0.0034551,0.60718
3.8287e+06,0.0041866,2.762,0.0033686,0.61871
3.8776e+06,0.0040663,2.7397,0.0032843,0.63032
3.927e+06,0.0039496,2.7174,0.0032022,0.64202
3.9771e+06,0.0038362,2.6953,0.0031221,0.65378
4.0278e+06,0.003726,2.6733,0.0030439,0.66563
4.0791e+06,0.003619,2.6515,0.0029678,0.67755
4.1311e+06,0.0035151,2.6298,0.0028935,0.68954
4.1838e+06,0.0034141,2.6082,0.0028212,0.70161
4.2371e+06,0.0033161,2.5868,0.0027506,0.71375
4.2911e+06,0.0032209,2.5655,0.0026818,0.72596
4.3458e+06,0.0031284,2.5443,0.0026147,0.73824
4.4012e+06,0.0030385,2.5233,0.0025493,0.75059
4.4573e+06,0.0029513,2.5024,0.0024855,0.76301
4.5142e+06,0.0028665,2.4816,0.0024233,0.7755
4.5717e+06,0.0027842,2.461,0.0023627,0.78806
4.63e+06,0.0027043,2.4405,0.0023036,0.80068
4.689e+06,0.0026266,2.4201,0.0022459,0.81337
4.7488e+06,0.0025512,2.3999,0.0021897,0.82613
4.8094e+06,0.0024779,2.3798,0.002135,0.83895
4.8707e+06,0.0024068,2.3598,0.0020815,0.85183
4.9328e+06,0.0023376,2.3399,0.0020295,0.86477
4.9957e+06,0.0022705,2.3202,0.0019787,0.87778
5.0593e+06,0.0022053,2.3006,0.0019292,0.89085
5.1238e+06,0.002142,2.2812,0.0018809,0.90397
5.1892e+06,0.0020805,2.2619,0.0018339,0.91716
5.2553e+06,0.0020207,2.2427,0.001788,0.93041
5.3223e+06,0.0019627,2.2236,0.0017433,0.94371
5.3902e+06,0.0019063,2.2046,0.0016996,0.95707
5.4589e+06,0.0018516,2.1858,0.0016571,0.97049
5.5285e+06,0.0017984,2.1671,0.0016157,0.98396
5.599e+06,0.0017468,2.1486,0.0015752,0.99748
5.6703e+06,0.0016966,2.1301,0.0015358,1.0111
5.7426e+06,0.0016479,2.1118,0.0014974,1.0247
5.8158e+06,0.0016006,2.0936,0.0014599,1.0384
5.89e+06,0.0015546,2.0756,0.0014234,1.0521
5.9651e+06,0.00151,2.0577,0.0013878,1.0659
6.0411e+06,0.0014666,2.0399,0.0013531,1.0797
6.1181e+06,0.0014245,2.0222,0.0013192,1.0936
6.1961e+06,0.0013836,2.0046,0.0012862,1.1076
6.2751e+06,0.0013439,1.9872,0.0012541,1.1216
6.3551e+06,0.0013053,1.9699,0.0012227,1.1356
6.4362e+06,0.0012678,1.9527,0.0011921,1.1497
6.5182e+06,0.0012314,1.9356,0.0011623,1.1638
6.6013e+06,0.001196,1.9187,0.0011332,1.1779
6.6855e+06,0.0011617,1.9018,0.0011048,1.1922
6.7707e+06,0.0011283,1.8851,0.0010772,1.2064
6.857e+06,0.0010959,1.8685,0.0010503,1.2207
6.9444e+06,0.0010644,1.8521,0.001024,1.2351
7.033e+06,0.0010339,1.8357,0.00099836,1.2494
7.1226e+06,0.0010042,1.8195,0.00097338,1.2639
7.2134e+06,0.00097535,1.8034,0.00094903,1.2783
7.3054e+06,0.00094734,1.7874,0.00092529,1.2928
7.3985e+06,0.00092014,1.7715,0.00090214,1.3074
7.4928e+06,0.00089371,1.7558,0.00087957,1.3219
7.5884e+06,0.00086805,1.7401,0.00085756,1.3365
7.6851e+06,0.00084312,1.7246,0.00083611,1.3512
7.7831e+06,0.00081891,1.7092,0.00081519,1.3659
7.8823e+06,0.00079539,1.6939,0.0007948,1.3806
7.9828e+06,0.00077255,1.6787,0.00077491,1.3953
8.0846e+06,0.00075037,1.6636,0.00075552,1.4101
8.1876e+06,0.00072882,1.6487,0.00073662,1.425
8.292e+06,0.00070789,1.6339,0.00071819,1.4398
8.3977e+06,0.00068756,1.6191,0.00070023,1.4547
8.5048e+06,0.00066782,1.6045,0.00068271,1.4696
8.6132e+06,0.00064864,1.59,0.00066563,1.4846
8.723e+06,0.00063002,1.5756,0.00064897,1.4995
8.8342e+06,0.00061192,1.5613,0.00063274,1.5145
8.9469e+06,0.00059435,1.5471,0.00061691,1.5296
9.0609e+06,0.00057728,1.5331,0.00060147,1.5446
9.1764e+06,0.00056071,1.5191,0.00058643,1.5597
9.2934e+06,0.0005446,1.5053,0.00057176,1.5748
9.4119e+06,0.00052897,1.4915,0.00055745,1.59
9.5319e+06,0.00051378,1.4779,0.00054351,1.6051
9.6534e+06,0.00049902,1.4644,0.00052991,1.6203
9.7765e+06,0.00048469,1.4509,0.00051665,1.6355
9.9011e+06,0.00047077,1.4376,0.00050372,1.6508
1.0027e+07,0.00045725,1.4244,0.00049112,1.666
1.0155e+07,0.00044412,1.4113,0.00047884,1.6813
1.0285e+07,0.00043137,1.3983,0.00046686,1.6966
1.0416e+07,0.00041898,1.3854,0.00045518,1.7119
1.0549e+07,0.00040695,1.3726,0.00044379,1.7273
1.0683e+07,0.00039526,1.3599,0.00043269,1.7426
1.0819e+07,0.00038391,1.3473,0.00042186,1.758
1.0957e+07,0.00037289,1.3348,0.00041131,1.7734
1.1097e+07,0.00036218,1.3224,0.00040102,1.7888
1.1238e+07,0.00035178,1.3101,0.00039098,1.8043
1.1382e+07,0.00034168,1.2979,0.0003812,1.8197
1.1527e+07,0.00033187,1.2858,0.00037167,1.8352
1.1674e+07,0.00032234,1.2738,0.00036237,1.8507
1.1822e+07,0.00031308,1.2619,0.0003533,1.8662
1.1973e+07,0.00030409,1.2501,0.00034446,1.8817
1.2126e+07,0.00029536,1.2384,0.00033584,1.8972
1.228e+07,0.00028688,1.2268,0.00032744,1.9127
1.2437e+07,0.00027864,1.2153,0.00031925,1.9283
1.2596e+07,0.00027064,1.2039,0.00031126,1.9438
1.2756e+07,0.00026286,1.1926,0.00030348,1.9594
1.2919e+07,0.00025532,1.1813,0.00029588,1.975
1.3083e+07,0.00024798,1.1702,0.00028848,1.9906
1.325e+07,0.00024086,1.1591,0.00028126,2.0062
1.3419e+07,0.00023395,1.1482,0.00027423,2.0218
1.359e+07,0.00022723,1.1373,0.00026737,2.0374
1.3764e+07,0.0002207,1.1265,0.00026068,2.053
1.3939e+07,0.00021437,1.1159,0.00025416,2.0687
1.4117e+07,0.00020821,1.1053,0.0002478,2.0843
1.4297e+07,0.00020223,1.0948,0.0002416,2.1
1.4479e+07,0.00019642,1.0843,0.00023555,2.1156
1.4664e+07,0.00019078,1.074,0.00022966,2.1313
1.485e+07,0.0001853,1.0638,0.00022392,2.147
1.504e+07,0.00017998,1.0536,0.00021831,2.1626
1.5232e+07,0.00017481,1.0435,0.00021285,2.1783
1.5426e+07,0.00016979,1.0336,0.00020753,2.194
1.5622e+07,0.00016492,1.0237,0.00020233,2.2097
1.5822e+07,0.00016018,1.0139,0.00019727,2.2253
1.6023e+07,0.00015558,1.0041,0.00019234,2.241
1.6228e+07,0.00015111,0.99447,0.00018753,2.2567
1.6434e+07,0.00014678,0.98491,0.00018283,2.2724
1.6644e+07,0.00014256,0.97543,0.00017826,2.2881
1.6856e+07,0.00013847,0.96603,0.0001738,2.3038
1.7071e+07,0.00013449,0.95671,0.00016945,2.3194
1.7289e+07,0.00013063,0.94748,0.00016521,2.3351
1.7509e+07,0.00012688,0.93832,0.00016108,2.3508
1.7732e+07,0.00012323,0.92924,0.00015705,2.3665
1.7958e+07,0.00011969,0.92024,0.00015312,2.3822
1.8187e+07,0.00011626,0.91132,0.00014929,2.3978
1.8419e+07,0.00011292,0.90248,0.00014555,2.4135
1.8654e+07,0.00010968,0.89372,0.00014191,2.4292
1.8892e+07,0.00010653,0.88503,0.00013836,2.4448
1.9133e+07,0.00010347,0.87642,0.0001349,2.4605
1.9377e+07,0.0001005,0.86788,0.00013153,2.4761
1.9624e+07,9.7611e-05,0.85942,0.00012824,2.4918
1.9874e+07,9.4808e-05,0.85104,0.00012503,2.5074
