# 1DMC-N photon cross sections for Pb (Z=82), barn/atom
#grid 600 10000 2e+07
#Z 82
#atomic_weight 207.20000
E_eV,photo,incoh,coh,pair
10064,42515,15.693,1704.3,0
10192,41138,15.841,1685,0
10322,39806,15.988,1665.7,0
10453,38518,16.135,1646.6,0
10587,37271,16.283,1627.5,0
10722,36064,16.431,1608.4,0
10858,34897,16.579,1589.5,0
10997,33767,16.727,1570.6,0
11137,32674,16.875,1551.8,0
11279,31616,17.023,1533.1,0
11423,30593,17.172,1514.5,0
11568,29602,17.32,1496,0
11716,28644,17.469,1477.6,0
11865,27717,17.617,1459.2,0
12016,26819,17.766,1441,0
12170,25951,17.914,1422.8,0
12325,25111,18.063,1404.8,0
12482,24298,18.212,1386.8,0
12641,23512,18.361,1368.9,0
12802,22750,18.51,1351.2,0
12965,22014,18.658,1333.5,0
13131,53363,18.807,1315.9,0
13298,51566,18.956,1298.5,0
13468,49829,19.105,1281.1,0
13639,48150,19.254,1263.9,0
13813,46529,19.403,1246.8,0
13989,44961,19.551,1229.7,0
14168,43447,19.7,1212.8,0
14348,41983,19.849,1196,0
14531,40569,19.998,1179.3,0
14716,39203,20.146,1162.8,0
14904,37882,20.295,1146.3,0
15094,36616,20.443,1130,0
15286,49287,20.592,1113.7,0
15481,47818,20.74,1097.6,0
15679,46398,20.888,1081.7,0
15879,52033,21.037,1065.8,0
16081,50379,21.185,1050.1,0
16286,48778,21.333,1034.6,0
16494,47227,21.481,1019.2,0
16704,45726,21.629,1003.9,0
16917,44273,21.777,988.82,0
17133,42866,21.925,973.86,0
17351,41503,22.073,959.06,0
17572,40184,22.221,944.42,0
17796,38907,22.369,929.94,0
18023,37670,22.517,915.62,0
18253,36473,22.664,901.47,0
18486,35314,22.812,887.49,0
18721,34191,22.96,873.68,0
18960,33104,23.107,860.03,0
19202,32052,23.255,846.56,0
19446,31033,23.403,833.26,0
19694,30047,23.55,820.13,0
19945,29092,23.698,807.17,0
20200,28144,23.846,794.39,0
20457,27220,23.993,781.79,0
20718,26327,24.141,769.35,0
20982,25463,24.289,757.09,0
21250,24628,24.436,744.99,0
21521,23819,24.584,733.06,0
21795,23038,24.731,721.29,0
22073,22282,24.878,709.69,0
22354,21551,25.025,698.24,0
22639,20843,25.171,686.96,0
22928,20159,25.318,675.83,0
23220,19498,25.464,664.86,0
23516,18858,25.61,654.04,0
23816,18239,25.755,643.38,0
24120,17641,25.901,632.86,0
24427,17062,26.045,622.5,0
24738,16502,26.19,612.28,0
25054,15960,26.333,602.21,0
25373,15437,26.477,592.28,0
25697,14930,26.62,582.5,0
26024,14440,26.762,572.86,0
26356,13966,26.904,563.35,0
26692,13508,27.045,553.99,0
27032,13065,27.185,544.76,0
27377,12636,27.325,535.66,0
27726,12221,27.464,526.7,0
28080,11820,27.602,517.87,0
28438,11433,27.739,509.17,0
28800,11057,27.876,500.6,0
29167,10695,28.011,492.15,0
29539,10344,28.146,483.83,0
29916,10004,28.28,475.63,0
30297,9671.4,28.413,467.56,0
30683,9348.5,28.545,459.6,0
31074,9036.4,28.676,451.76,0
31471,8734.7,28.805,444.04,0
31872,8443.1,28.934,436.42,0
32278,8161.2,29.062,428.92,0
32690,7888.7,29.188,421.53,0
33106,7625.3,29.313,414.23,0
33528,7370.7,29.438,407.05,0
33956,7124.6,29.561,399.96,0
34389,6886.8,29.682,392.97,0
34827,6656.8,29.803,386.08,0
35271,6434.6,29.922,379.28,0
35721,6219.7,30.04,372.58,0
36176,6012.1,30.156,365.97,0
36638,5811.3,30.271,359.45,0
37105,5617.3,30.385,353.01,0
37578,5429.8,30.498,346.67,0
38057,5248.5,30.609,340.4,0
38542,5073.2,30.718,334.22,0
39033,4903.9,30.826,328.13,0
39531,4740.1,30.933,322.11,0
40035,4581.7,31.038,316.18,0
40545,4427.2,31.141,310.33,0
41062,4277.8,31.243,304.55,0
41586,4133.5,31.343,298.86,0
42116,3994.1,31.441,293.24,0
42653,3859.3,31.538,287.71,0
43196,3729.1,31.634,282.26,0
43747,3603.3,31.727,276.89,0
44305,3481.7,31.819,271.6,0
44870,3364.3,31.91,266.39,0
45442,3250.8,31.998,261.27,0
46021,3141.1,32.085,256.22,0
46608,3035.2,32.17,251.26,0
47202,2932.8,32.254,246.38,0
47804,2833.8,32.335,241.58,0
48413,2738.2,32.415,236.86,0
49030,2645.8,32.493,232.22,0
49655,2556.6,32.569,227.66,0
50289,2470,32.643,223.18,0
50930,2386,32.716,218.78,0
51579,2304.9,32.786,214.46,0
52236,2226.5,32.855,210.21,0
52902,2150.8,32.922,206.05,0
53577,2077.6,32.987,201.95,0
54260,2007,33.051,197.94,0
54952,1938.7,33.112,193.99,0
55652,1872.8,33.172,190.12,0
56362,1809.1,33.23,186.32,0
57080,1747.6,33.286,182.6,0
57808,1688.2,33.34,178.94,0
58545,1630.8,33.393,175.36,0
59291,1575.3,33.444,171.84,0
60047,1521.7,33.493,168.39,0
60813,1469.7,33.54,165,0
61588,1419.5,33.586,161.69,0
62373,1371,33.63,158.43,0
63168,1324.1,33.672,155.24,0
63974,1278.9,33.712,152.11,0
64789,1235.2,33.751,149.05,0
65615,1193,33.788,146.04,0
66452,1152.2,33.823,143.09,0
67299,1112.9,33.857,140.19,0
68157,1074.8,33.888,137.36,0
69026,1038.1,33.918,134.58,0
69906,1002.6,33.946,131.85,0
70797,968.37,33.973,129.17,0
71700,935.28,33.998,126.55,0
72614,903.32,34.021,123.98,0
73539,872.45,34.042,121.46,0
74477,842.64,34.062,118.99,0
75426,813.85,34.079,116.56,0
76388,786.04,34.096,114.18,0
77362,759.18,34.11,111.85,0
78348,733.24,34.123,109.57,0
79347,708.18,34.134,107.33,0
80359,683.95,34.143,105.13,0
81383,660.47,34.151,102.98,0
82421,637.8,34.157,100.87,0
83471,615.9,34.161,98.795,0
84536,594.76,34.163,96.764,0
85613,574.35,34.164,94.772,0
86705,554.63,34.163,92.817,0
87810,535.59,34.161,90.9,0
88930,2450.6,34.157,89.02,0
90063,2370.4,34.151,87.175,0
91211,2293,34.143,85.365,0
92374,2218,34.134,83.589,0
93552,2145.6,34.124,81.846,0
94745,2075.5,34.111,80.136,0
95953,2007.7,34.097,78.458,0
97176,1942.2,34.081,76.81,0
98415,1878.8,34.064,75.194,0
99669,1817.6,34.045,73.607,0
1.0094e+05,1758.3,34.025,72.05,0
1.0223e+05,1701.1,34.003,70.522,0
1.0353e+05,1645.7,33.979,69.022,0
1.0485e+05,1592.1,33.953,67.55,0
1.0619e+05,1540.3,33.927,66.107,0
1.0754e+05,1490.3,33.898,64.69,0
1.0891e+05,1441.8,33.868,63.301,0
1.103e+05,1395,33.837,61.939,0
1.1171e+05,1349.6,33.803,60.602,0
1.1313e+05,1305.8,33.769,59.292,0
1.1457e+05,1263.4,33.733,58.008,0
1.1603e+05,1222.4,33.695,56.749,0
1.1751e+05,1182.7,33.656,55.514,0
1.1901e+05,1144.2,33.616,54.305,0
1.2053e+05,1107.1,33.574,53.119,0
1.2206e+05,1071.1,33.53,51.957,0
1.2362e+05,1036.3,33.485,50.819,0
1.252e+05,1002.6,33.439,49.704,0
1.2679e+05,970,33.391,48.612,0
1.2841e+05,938.45,33.342,47.542,0
1.3005e+05,907.91,33.291,46.494,0
1.317e+05,878.35,33.239,45.468,0
1.3338e+05,849.73,33.186,44.463,0
1.3508e+05,822.04,33.132,43.479,0
1.3681e+05,795.23,33.076,42.515,0
1.3855e+05,769.27,33.018,41.572,0
1.4032e+05,744.15,32.96,40.649,0
1.4211e+05,719.82,32.9,39.745,0
1.4392e+05,696.27,32.839,38.861,0
1.4575e+05,673.47,32.776,37.996,0
1.4761e+05,651.4,32.712,37.149,0
1.4949e+05,630.03,32.647,36.32,0
1.514e+05,609.34,32.581,35.509,0
1.5333e+05,589.3,32.514,34.716,0
1.5528e+05,569.91,32.445,33.94,0
1.5726e+05,551.14,32.376,33.18,0
1.5927e+05,532.97,32.305,32.437,0
1.613e+05,515.39,32.233,31.711,0
1.6335e+05,498.38,32.16,31,0
1.6544e+05,481.92,32.085,30.305,0
1.6755e+05,466,32.01,29.624,0
1.6968e+05,450.6,31.933,28.959,0
1.7184e+05,435.69,31.856,28.308,0
1.7404e+05,421.28,31.777,27.672,0
1.7625e+05,407.34,31.698,27.049,0
1.785e+05,393.86,31.617,26.44,0
1.8078e+05,380.83,31.535,25.845,0
1.8308e+05,368.23,31.453,25.262,0
1.8542e+05,356.04,31.369,24.693,0
1.8778e+05,344.26,31.285,24.136,0
1.9017e+05,332.87,31.199,23.591,0
1.926e+05,321.86,31.113,23.058,0
1.9505e+05,311.22,31.025,22.537,0
1.9754e+05,300.94,30.937,22.028,0
2.0006e+05,291,30.848,21.53,0
2.0261e+05,281.39,30.758,21.042,0
2.0519e+05,272.1,30.667,20.566,0
2.0781e+05,263.13,30.576,20.1,0
2.1046e+05,254.45,30.484,19.645,0
2.1314e+05,246.07,30.39,19.199,0
2.1586e+05,237.97,30.297,18.764,0
2.1861e+05,230.14,30.202,18.338,0
2.214e+05,222.58,30.107,17.921,0
2.2422e+05,215.27,30.01,17.514,0
2.2708e+05,208.2,29.914,17.116,0
2.2997e+05,201.37,29.816,16.727,0
2.329e+05,194.78,29.718,16.346,0
2.3587e+05,188.4,29.62,15.973,0
2.3888e+05,182.24,29.52,15.609,0
2.4193e+05,176.28,29.42,15.253,0
2.4501e+05,170.52,29.32,14.905,0
2.4813e+05,164.96,29.219,14.565,0
2.513e+05,159.58,29.117,14.232,0
2.545e+05,154.39,29.015,13.906,0
2.5775e+05,149.37,28.913,13.588,0
2.6103e+05,144.51,28.81,13.277,0
2.6436e+05,139.82,28.706,12.972,0
2.6773e+05,135.29,28.602,12.674,0
2.7114e+05,130.91,28.498,12.383,0
2.746e+05,126.67,28.393,12.099,0
2.781e+05,122.58,28.287,11.82,0
2.8165e+05,118.62,28.182,11.548,0
2.8524e+05,114.8,28.076,11.282,0
2.8887e+05,111.1,27.969,11.022,0
2.9255e+05,107.53,27.862,10.767,0
2.9628e+05,104.07,27.755,10.519,0
3.0006e+05,100.74,27.648,10.275,0
3.0389e+05,97.511,27.54,10.037,0
3.0776e+05,94.392,27.432,9.8049,0
3.1169e+05,91.378,27.324,9.5775,0
3.1566e+05,88.464,27.216,9.3552,0
3.1968e+05,85.647,27.107,9.1379,0
3.2376e+05,82.924,26.998,8.9254,0
3.2789e+05,80.292,26.889,8.7176,0
3.3207e+05,77.747,26.779,8.5145,0
3.363e+05,75.287,26.669,8.316,0
3.4059e+05,72.908,26.56,8.1219,0
3.4493e+05,70.609,26.449,7.9322,0
3.4933e+05,68.386,26.339,7.7467,0
3.5378e+05,66.236,26.229,7.5654,0
3.5829e+05,64.158,26.118,7.3883,0
3.6286e+05,62.149,26.007,7.2151,0
3.6748e+05,60.206,25.896,7.0458,0
3.7217e+05,58.328,25.785,6.8804,0
3.7691e+05,56.512,25.674,6.7187,0
3.8172e+05,54.756,25.562,6.5607,0
3.8659e+05,53.057,25.451,6.4063,0
3.9151e+05,51.415,25.339,6.2554,0
3.9651e+05,49.827,25.227,6.1079,0
4.0156e+05,48.291,25.115,5.9638,0
4.0668e+05,46.806,25.003,5.8231,0
4.1186e+05,45.37,24.891,5.6855,0
4.1711e+05,43.981,24.779,5.5511,0
4.2243e+05,42.637,24.667,5.4197,0
4.2782e+05,41.337,24.555,5.2914,0
4.3327e+05,40.08,24.443,5.166,0
4.388e+05,38.864,24.33,5.0435,0
4.4439e+05,37.688,24.218,4.9238,0
4.5006e+05,36.549,24.105,4.8069,0
4.5579e+05,35.448,23.993,4.6927,0
4.616e+05,34.383,23.88,4.5811,0
4.6749e+05,33.352,23.768,4.472,0
4.7345e+05,32.354,23.655,4.3655,0
4.7948e+05,31.389,23.543,4.2615,0
4.856e+05,30.455,23.43,4.1599,0
4.9179e+05,29.551,23.317,4.0606,0
4.9806e+05,28.676,23.205,3.9636,0
5.0441e+05,27.869,23.09,3.8658,0
5.1084e+05,27.103,22.974,3.7691,0
5.1735e+05,26.358,22.859,3.6748,0
5.2395e+05,25.634,22.743,3.5829,0
5.3063e+05,24.929,22.628,3.4932,0
5.3739e+05,24.244,22.513,3.4058,0
5.4424e+05,23.578,22.398,3.3206,0
5.5118e+05,22.93,22.283,3.2376,0
5.5821e+05,22.299,22.168,3.1566,0
5.6532e+05,21.686,22.053,3.0776,0
5.7253e+05,21.09,21.939,3.0006,0
5.7983e+05,20.511,21.825,2.9255,0
5.8722e+05,19.947,21.711,2.8523,0
5.9471e+05,19.399,21.597,2.781,0
6.0229e+05,18.866,21.483,2.7114,0
6.0997e+05,18.347,21.37,2.6436,0
6.1774e+05,17.843,21.257,2.5774,0
6.2562e+05,17.352,21.143,2.5129,0
6.336e+05,16.875,21.031,2.4501,0
6.4167e+05,16.412,20.918,2.3888,0
6.4985e+05,15.961,20.805,2.329,0
6.5814e+05,15.522,20.693,2.2708,0
6.6653e+05,15.095,20.581,2.2139,0
6.7503e+05,14.68,20.469,2.1586,0
6.8363e+05,14.277,20.358,2.1046,0
6.9235e+05,13.884,20.246,2.0519,0
7.0117e+05,13.503,20.135,2.0006,0
7.1011e+05,13.132,20.024,1.9505,0
7.1917e+05,12.771,19.913,1.9017,0
7.2833e+05,12.42,19.803,1.8541,0
7.3762e+05,12.078,19.693,1.8078,0
7.4702e+05,11.746,19.583,1.7625,0
7.5655e+05,11.424,19.473,1.7184,0
7.6619e+05,11.11,19.363,1.6754,0
7.7596e+05,10.804,19.254,1.6335,0
7.8585e+05,10.507,19.145,1.5927,0
7.9587e+05,10.218,19.036,1.5528,0
8.0602e+05,9.9376,18.928,1.514,0
8.1629e+05,9.6645,18.819,1.4761,0
8.267e+05,9.3989,18.711,1.4392,0
8.3724e+05,9.1405,18.604,1.4032,0
8.4791e+05,8.8893,18.496,1.368,0
8.5872e+05,8.645,18.389,1.3338,0
8.6967e+05,8.4074,18.282,1.3005,0
8.8076e+05,8.1763,18.175,1.2679,0
8.9199e+05,7.9516,18.069,1.2362,0
9.0336e+05,7.733,17.963,1.2053,0
9.1488e+05,7.5205,17.857,1.1751,0
9.2654e+05,7.3138,17.751,1.1457,0
9.3835e+05,7.1127,17.646,1.1171,0
9.5031e+05,6.9172,17.541,1.0891,0
9.6243e+05,6.7271,17.436,1.0619,0
9.747e+05,6.5422,17.332,1.0353,0
9.8713e+05,6.3624,17.228,1.0094,0
9.9971e+05,6.1875,17.124,0.98414,0
1.0125e+06,6.0511,17.02,0.95952,0
1.0254e+06,5.9184,16.917,0.93551,2.9613e-05
1.0384e+06,5.7887,16.814,0.91211,0.0007067
1.0517e+06,5.6617,16.711,0.88929,0.0023036
1.0651e+06,5.5376,16.609,0.86704,0.0048553
1.0787e+06,5.4162,16.507,0.84535,0.0083981
1.0924e+06,5.2974,16.405,0.8242,0.012969
1.1063e+06,5.1813,16.304,0.80358,0.018607
1.1204e+06,5.0677,16.202,0.78348,0.025351
1.1347e+06,4.9566,16.102,0.76388,0.033241
1.1492e+06,4.8479,16.001,0.74476,0.04232
1.1638e+06,4.7416,15.901,0.72613,0.052631
1.1787e+06,4.6376,15.801,0.70797,0.064217
1.1937e+06,4.536,15.701,0.69025,0.077126
1.2089e+06,4.4365,15.602,0.67298,0.091402
1.2243e+06,4.3392,15.503,0.65615,0.1071
1.2399e+06,4.2441,15.404,0.63973,0.12426
1.2558e+06,4.151,15.306,0.62373,0.14293
1.2718e+06,4.06,15.208,0.60812,0.16318
1.288e+06,3.971,15.111,0.59291,0.18506
1.3044e+06,3.8839,15.013,0.57808,0.20861
1.321e+06,3.7988,14.916,0.56361,0.2339
1.3379e+06,3.7155,14.82,0.54951,0.26099
1.3549e+06,3.634,14.723,0.53577,0.28994
1.3722e+06,3.5544,14.627,0.52236,0.32081
1.3897e+06,3.4764,14.532,0.50929,0.35366
1.4074e+06,3.4002,14.436,0.49655,0.38856
1.4254e+06,3.3257,14.341,0.48413,0.42558
1.4435e+06,3.2527,14.247,0.47202,0.46479
1.4619e+06,3.1814,14.152,0.46021,0.50626
1.4806e+06,3.1117,14.059,0.44869,0.55006
1.4994e+06,3.0434,13.965,0.43747,0.59628
1.5186e+06,2.9767,13.872,0.42652,0.64171
1.5379e+06,2.9115,13.779,0.41585,0.68783
1.5575e+06,2.8476,13.686,0.40545,0.73471
1.5774e+06,2.7852,13.594,0.39531,0.78232
1.5975e+06,2.7241,13.502,0.38542,0.83068
1.6179e+06,2.6644,13.411,0.37577,0.87977
1.6385e+06,2.606,13.32,0.36637,0.92959
1.6594e+06,2.5488,13.229,0.35721,0.98014
1.6805e+06,2.4929,13.138,0.34827,1.0314
1.7019e+06,2.4383,13.048,0.33956,1.0834
1.7236e+06,2.3848,12.959,0.33106,1.136
1.7456e+06,2.3325,12.869,0.32278,1.1894
1.7679e+06,2.2814,12.78,0.3147,1.2435
1.7904e+06,2.2314,12.692,0.30683,1.2983
1.8132e+06,2.1825,12.603,0.29915,1.3537
1.8364e+06,2.1346,12.516,0.29167,1.4098
1.8598e+06,2.0878,12.428,0.28437,1.4666
1.8835e+06,2.042,12.341,0.27726,1.5241
1.9075e+06,1.9973,12.254,0.27032,1.5822
1.9318e+06,1.9535,12.168,0.26356,1.641
1.9564e+06,1.9106,12.082,0.25697,1.7004
1.9814e+06,1.8687,11.996,0.25054,1.7605
2.0066e+06,1.8278,11.911,0.24427,1.8212
2.0322e+06,1.7877,11.826,0.23816,1.8825
2.0581e+06,1.7485,11.741,0.2322,1.9445
2.0844e+06,1.7102,11.657,0.22639,2.0071
2.1109e+06,1.6727,11.573,0.22073,2.0703
2.1378e+06,1.636,11.49,0.2152,2.1341
2.1651e+06,1.6001,11.407,0.20982,2.1986
2.1927e+06,1.565,11.324,0.20457,2.2636
2.2207e+06,1.5307,11.242,0.19945,2.3292
2.249e+06,1.4972,11.16,0.19446,2.3954
2.2776e+06,1.4643,11.078,0.1896,2.4622
2.3067e+06,1.4322,10.997,0.18485,2.5296
2.3361e+06,1.4008,10.917,0.18023,2.5976
2.3659e+06,1.3701,10.836,0.17572,2.6661
2.396e+06,1.3401,10.756,0.17132,2.7352
2.4266e+06,1.3107,10.677,0.16704,2.8049
2.4575e+06,1.282,10.597,0.16286,2.8751
2.4888e+06,1.2538,10.519,0.15879,2.9458
2.5206e+06,1.2264,10.44,0.15481,3.0171
2.5527e+06,1.1995,10.362,0.15094,3.089
2.5853e+06,1.1732,10.285,0.14716,3.1614
2.6182e+06,1.1474,10.207,0.14348,3.2343
2.6516e+06,1.1223,10.13,0.13989,3.3077
2.6854e+06,1.0977,10.054,0.13639,3.3816
2.7196e+06,1.0736,9.9778,0.13298,3.4561
2.7543e+06,1.0501,9.9021,0.12965,3.5311
2.7894e+06,1.0271,9.8267,0.12641,3.6065
2.825e+06,1.0045,9.7518,0.12325,3.6825
2.861e+06,0.98251,9.6773,0.12016,3.759
2.8975e+06,0.96097,9.6031,0.11716,3.8359
2.9344e+06,0.9399,9.5294,0.11423,3.9134
2.9718e+06,0.91929,9.456,0.11137,3.9913
3.0097e+06,0.89754,9.383,0.10858,4.0697
3.0481e+06,0.87177,9.3104,0.10587,4.1485
3.0869e+06,0.84673,9.2382,0.10322,4.2278
3.1263e+06,0.82242,9.1664,0.10063,4.3076
3.1661e+06,0.7988,9.095,0.098117,4.3879
3.2065e+06,0.77586,9.024,0.095662,4.4685
3.2474e+06,0.75358,8.9534,0.093269,4.5497
3.2888e+06,0.73194,8.8831,0.090936,4.6313
3.3307e+06,0.71092,8.8133,0.088661,4.7133
3.3732e+06,0.69051,8.7438,0.086442,4.7957
3.4162e+06,0.67068,8.6748,0.08428,4.8786
3.4597e+06,0.65142,8.6061,0.082171,4.9619
3.5038e+06,0.63271,8.5378,0.080116,5.0456
3.5485e+06,0.61454,8.47,0.078111,5.1297
3.5937e+06,0.5969,8.4025,0.076157,5.2142
3.6396e+06,0.57976,8.3354,0.074252,5.2991
3.686e+06,0.56311,8.2686,0.072394,5.3844
3.733e+06,0.54694,8.2023,0.070583,5.4702
3.7805e+06,0.53123,8.1364,0.068817,5.5563
3.8287e+06,0.51598,8.0708,0.067095,5.6428
3.8776e+06,0.50116,8.0057,0.065417,5.7296
3.927e+06,0.48677,7.9409,0.06378,5.8169
3.9771e+06,0.47279,7.8765,0.062185,5.9045
4.0278e+06,0.45921,7.8125,0.060629,5.9925
4.0791e+06,0.44603,7.7489,0.059112,6.0808
4.1311e+06,0.43322,7.6857,0.057633,6.1695
4.1838e+06,0.42078,7.6229,0.056191,6.2586
4.2371e+06,0.40869,7.5604,0.054785,6.348
4.2911e+06,0.39696,7.4984,0.053415,6.4378
4.3458e+06,0.38556,7.4367,0.052079,6.5279
4.4012e+06,0.37449,7.3754,0.050776,6.6183
4.4573e+06,0.36373,7.3145,0.049505,6.709
4.5142e+06,0.35329,7.2539,0.048267,6.8001
4.5717e+06,0.34314,7.1938,0.047059,6.8915
4.63e+06,0.33329,7.134,0.045882,6.9833
4.689e+06,0.32372,7.0746,0.044734,7.0753
4.7488e+06,0.31442,7.0156,0.043615,7.1677
4.8094e+06,0.30539,6.957,0.042524,7.2603
4.8707e+06,0.29662,6.8988,0.04146,7.3533
4.9328e+06,0.2881,6.8409,0.040423,7.4465
4.9957e+06,0.27983,6.7834,0.039411,7.5401
5.0593e+06,0.2718,6.7263,0.038425,7.6339
5.1238e+06,0.26399,6.6695,0.037464,7.728
5.1892e+06,0.25641,6.6131,0.036527,7.8224
5.2553e+06,0.24905,6.5571,0.035613,7.9171
5.3223e+06,0.24189,6.5015,0.034722,8.0121
5.3902e+06,0.23495,6.4462,0.033853,8.1073
5.4589e+06,0.2282,6.3914,0.033006,8.2028
5.5285e+06,0.22165,6.3368,0.032181,8.2985
5.599e+06,0.21528,6.2827,0.031375,8.3945
5.6703e+06,0.2091,6.2289,0.03059,8.4908
5.7426e+06,0.2031,6.1755,0.029825,8.5873
5.8158e+06,0.19726,6.1224,0.029079,8.684
5.89e+06,0.1916,6.0697,0.028352,8.781
5.9651e+06,0.1861,6.0174,0.027642,8.8782
6.0411e+06,0.18075,5.9654,0.026951,8.9756
6.1181e+06,0.17556,5.9138,0.026276,9.0733
6.1961e+06,0.17052,5.8626,0.025619,9.1712
6.2751e+06,0.16562,5.8117,0.024978,9.2693
6.3551e+06,0.16087,5.7611,0.024353,9.3677
6.4362e+06,0.15625,5.711,0.023744,9.4662
6.5182e+06,0.15176,5.6611,0.02315,9.565
6.6013e+06,0.1474,5.6117,0.022571,9.664
6.6855e+06,0.14317,5.5625,0.022006,9.7631
6.7707e+06,0.13906,5.5138,0.021455,9.8625
6.857e+06,0.13507,5.4653,0.020919,9.962
6.9444e+06,0.13119,5.4173,0.020395,10.062
7.033e+06,0.12742,5.3695,0.019885,10.162
7.1226e+06,0.12376,5.3221,0.019388,10.262
7.2134e+06,0.12021,5.2751,0.018903,10.362
7.3054e+06,0.11676,5.2284,0.01843,10.463
7.3985e+06,0.1134,5.182,0.017969,10.563
7.4928e+06,0.11015,5.136,0.017519,10.664
7.5884e+06,0.10698,5.0904,0.017081,10.765
7.6851e+06,0.10391,5.045,0.016653,10.866
7.7831e+06,0.10093,5,0.016237,10.967
7.8823e+06,0.098029,4.9553,0.015831,11.069
7.9828e+06,0.095214,4.911,0.015435,11.17
8.0846e+06,0.09248,4.867,0.015048,11.272
8.1876e+06,0.089824,4.8233,0.014672,11.374
8.292e+06,0.087245,4.7799,0.014305,11.476
8.3977e+06,0.084739,4.7369,0.013947,11.578
8.5048e+06,0.082306,4.6942,0.013598,11.68
8.6132e+06,0.079942,4.6518,0.013258,11.783
8.723e+06,0.077647,4.6098,0.012926,11.885
8.8342e+06,0.075417,4.568,0.012603,11.988
8.9469e+06,0.073251,4.5266,0.012287,12.091
9.0609e+06,0.071148,4.4855,0.01198,12.194
9.1764e+06,0.069105,4.4447,0.01168,12.297
9.2934e+06,0.06712,4.4043,0.011388,12.4
9.4119e+06,0.065193,4.3641,0.011103,12.503
9.5319e+06,0.063321,4.3243,0.010825,12.606
9.6534e+06,0.061502,4.2847,0.010555,12.71
9.7765e+06,0.059736,4.2455,0.010291,12.813
9.9011e+06,0.058021,4.2066,0.010033,12.917
1.0027e+07,0.056355,4.168,0.0097821,13.02
1.0155e+07,0.054736,4.1297,0.0095374,13.124
1.0285e+07,0.053164,4.0917,0.0092988,13.228
1.0416e+07,0.051638,4.0539,0.0090661,13.332
1.0549e+07,0.050155,4.0165,0.0088393,13.436
1.0683e+07,0.048715,3.9794,0.0086182,13.54
1.0819e+07,0.047316,3.9426,0.0084026,13.644
1.0957e+07,0.045957,3.9061,0.0081923,13.748
1.1097e+07,0.044637,3.8699,0.0079874,13.853
1.1238e+07,0.043355,3.8339,0.0077876,13.957
1.1382e+07,0.04211,3.7983,0.0075927,14.061
1.1527e+07,0.040901,3.7629,0.0074028,14.166
1.1674e+07,0.039727,3.7278,0.0072176,14.27
1.1822e+07,0.038586,3.693,0.007037,14.375
1.1973e+07,0.037478,3.6585,0.0068609,14.479
1.2126e+07,0.036402,3.6243,0.0066893,14.584
1.228e+07,0.035356,3.5904,0.0065219,14.688
1.2437e+07,0.034341,3.5567,0.0063588,14.793
1.2596e+07,0.033355,3.5233,0.0061997,14.898
1.2756e+07,0.032397,3.4902,0.0060446,15.002
1.2919e+07,0.031467,3.4573,0.0058934,15.107
1.3083e+07,0.030563,3.4247,0.0057459,15.212
1.325e+07,0.029685,3.3924,0.0056022,15.317
1.3419e+07,0.028833,3.3604,0.005462,15.421
1.359e+07,0.028005,3.3286,0.0053254,15.526
1.3764e+07,0.027201,3.2971,0.0051921,15.631
1.3939e+07,0.02642,3.2659,0.0050622,15.736
1.4117e+07,0.025661,3.2349,0.0049356,15.841
1.4297e+07,0.024924,3.2042,0.0048121,15.946
1.4479e+07,0.024208,3.1737,0.0046917,16.05
1.4664e+07,0.023513,3.1435,0.0045743,16.155
1.485e+07,0.022838,3.1135,0.0044599,16.26
1.504e+07,0.022182,3.0838,0.0043483,16.365
1.5232e+07,0.021545,3.0544,0.0042395,16.47
1.5426e+07,0.020926,3.0252,0.0041335,16.574
1.5622e+07,0.020325,2.9962,0.0040301,16.679
1.5822e+07,0.019742,2.9675,0.0039292,16.784
1.6023e+07,0.019175,2.9391,0.0038309,16.888
1.6228e+07,0.018624,2.9109,0.0037351,16.993
1.6434e+07,0.018089,2.8829,0.0036416,17.098
1.6644e+07,0.01757,2.8552,0.0035505,17.202
1.6856e+07,0.017065,2.8277,0.0034617,17.307
1.7071e+07,0.016575,2.8004,0.0033751,17.411
1.7289e+07,0.016099,2.7734,0.0032907,17.516
1.7509e+07,0.015637,2.7466,0.0032083,17.62
1.7732e+07,0.015188,2.72,0.0031281,17.725
1.7958e+07,0.014752,2.6937,0.0030498,17.829
1.8187e+07,0.014328,2.6676,0.0029735,17.933
1.8419e+07,0.013917,2.6418,0.0028991,18.038
1.8654e+07,0.013517,2.6161,0.0028266,18.142
1.8892e+07,0.013129,2.5907,0.0027559,18.246
1.9133e+07,0.012752,2.5655,0.0026869,18.35
1.9377e+07,0.012386,2.5405,0.0026197,18.454
1.9624e+07,0.01203,2.5158,0.0025542,18.558
1.9874e+07,0.011685,2.4913,0.0024903,18.662
