# 1DMC-N photon cross sections for Si (Z=14), barn/atom
#grid 600 10000 2e+07
#Z 14
#atomic_weight 28.08500
E_eV,photo,incoh,coh,pair
10064,1517.3,5.0365,28.792,0
10192,1461.5,5.0697,28.341,0
10322,1407.7,5.1028,27.893,0
10453,1355.8,5.1359,27.449,0
10587,1305.8,5.1689,27.009,0
10722,1257.7,5.2017,26.574,0
10858,1211.2,5.2345,26.142,0
10997,1166.5,5.2672,25.715,0
11137,1123.3,5.2997,25.292,0
11279,1081.8,5.3322,24.873,0
11423,1041.7,5.3644,24.459,0
11568,1003.1,5.3966,24.05,0
11716,965.87,5.4286,23.645,0
11865,930.02,5.4604,23.244,0
12016,895.46,5.4921,22.849,0
12170,862.17,5.5236,22.458,0
12325,830.09,5.5549,22.072,0
12482,799.18,5.586,21.691,0
12641,769.39,5.6169,21.315,0
12802,740.7,5.6476,20.944,0
12965,713.05,5.6781,20.578,0
13131,686.41,5.7083,20.216,0
13298,660.75,5.7383,19.86,0
13468,636.04,5.7681,19.508,0
13639,612.22,5.7976,19.162,0
13813,589.28,5.8268,18.82,0
13989,567.19,5.8558,18.484,0
14168,545.9,5.8845,18.152,0
14348,525.4,5.9129,17.826,0
14531,505.66,5.9409,17.504,0
14716,486.64,5.9687,17.188,0
14904,468.32,5.9961,16.876,0
15094,450.68,6.0232,16.569,0
15286,433.69,6.05,16.267,0
15481,417.33,6.0764,15.97,0
15679,401.57,6.1025,15.678,0
15879,386.4,6.1282,15.39,0
16081,371.79,6.1536,15.107,0
16286,357.72,6.1787,14.829,0
16494,344.18,6.2034,14.555,0
16704,331.14,6.2278,14.286,0
16917,318.58,6.2518,14.021,0
17133,306.5,6.2755,13.761,0
17351,294.86,6.2989,13.505,0
17572,283.66,6.3219,13.254,0
17796,272.87,6.3446,13.006,0
18023,262.49,6.3669,12.763,0
18253,252.5,6.3889,12.524,0
18486,242.89,6.4106,12.29,0
18721,233.63,6.4319,12.059,0
18960,224.72,6.4529,11.832,0
19202,216.15,6.4736,11.61,0
19446,207.89,6.4939,11.391,0
19694,199.95,6.5139,11.176,0
19945,192.31,6.5336,10.965,0
20200,184.95,6.553,10.758,0
20457,177.88,6.5721,10.554,0
20718,171.07,6.5908,10.354,0
20982,164.52,6.6092,10.158,0
21250,158.21,6.6273,9.9646,0
21521,152.14,6.645,9.7752,0
21795,146.31,6.6625,9.5891,0
22073,140.69,6.6796,9.4063,0
22354,135.29,6.6964,9.2268,0
22639,130.09,6.7129,9.0505,0
22928,125.08,6.7291,8.8773,0
23220,120.27,6.745,8.7072,0
23516,115.64,6.7605,8.5402,0
23816,111.19,6.7758,8.3761,0
24120,106.9,6.7907,8.215,0
24427,102.78,6.8053,8.0568,0
24738,98.815,6.8197,7.9014,0
25054,95,6.8337,7.7487,0
25373,91.331,6.8474,7.5988,0
25697,87.801,6.8609,7.4516,0
26024,84.406,6.874,7.3071,0
26356,81.14,6.8868,7.1651,0
26692,77.999,6.8994,7.0256,0
27032,74.978,6.9117,6.8887,0
27377,72.072,6.9236,6.7542,0
27726,69.277,6.9353,6.6222,0
28080,66.589,6.9467,6.4925,0
28438,64.004,6.9579,6.3652,0
28800,61.518,6.9687,6.2401,0
29167,59.127,6.9793,6.1173,0
29539,56.828,6.9896,5.9968,0
29916,54.617,6.9996,5.8784,0
30297,52.49,7.0094,5.7621,0
30683,50.445,7.0189,5.6479,0
31074,48.478,7.0282,5.5357,0
31471,46.587,7.0371,5.4256,0
31872,44.769,7.0459,5.3175,0
32278,43.02,7.0543,5.2113,0
32690,41.34,7.0624,5.107,0
33106,39.724,7.0703,5.0046,0
33528,38.17,7.0779,4.9041,0
33956,36.677,7.0853,4.8054,0
34389,35.241,7.0923,4.7084,0
34827,33.861,7.0991,4.6132,0
35271,32.535,7.1056,4.5197,0
35721,31.26,7.1119,4.4279,0
36176,30.034,7.1178,4.3377,0
36638,28.856,7.1235,4.2491,0
37105,27.723,7.1288,4.1622,0
37578,26.635,7.1339,4.0768,0
38057,25.589,7.1388,3.9929,0
38542,24.584,7.1433,3.9106,0
39033,23.618,7.1475,3.8298,0
39531,22.689,7.1515,3.7504,0
40035,21.797,7.1552,3.6724,0
40545,20.94,7.1585,3.5959,0
41062,20.116,7.1616,3.5208,0
41586,19.325,7.1644,3.447,0
42116,18.564,7.1669,3.3746,0
42653,17.834,7.1691,3.3036,0
43196,17.131,7.1711,3.2338,0
43747,16.456,7.1727,3.1654,0
44305,15.808,7.174,3.0982,0
44870,15.185,7.1751,3.0323,0
45442,14.586,7.1758,2.9677,0
46021,14.01,7.1763,2.9042,0
46608,13.457,7.1764,2.842,0
47202,12.926,7.1763,2.781,0
47804,12.415,7.1759,2.7211,0
48413,11.925,7.1751,2.6624,0
49030,11.453,7.1741,2.6048,0
49655,11,7.1727,2.5484,0
50289,10.565,7.1711,2.493,0
50930,10.147,7.1692,2.4388,0
51579,9.7447,7.1669,2.3856,0
52236,9.3586,7.1644,2.3334,0
52902,8.9876,7.1616,2.2823,0
53577,8.6312,7.1585,2.2322,0
54260,8.2889,7.1551,2.1831,0
54952,7.96,7.1514,2.135,0
55652,7.644,7.1474,2.0878,0
56362,7.3406,7.1431,2.0416,0
57080,7.0491,7.1385,1.9964,0
57808,6.7691,7.1337,1.9521,0
58545,6.5001,7.1286,1.9086,0
59291,6.2418,7.1232,1.8661,0
60047,5.9938,7.1175,1.8244,0
60813,5.7555,7.1116,1.7836,0
61588,5.5268,7.1053,1.7436,0
62373,5.307,7.0988,1.7045,0
63168,5.096,7.0921,1.6662,0
63974,4.8933,7.085,1.6287,0
64789,4.6986,7.0777,1.5919,0
65615,4.5117,7.0701,1.556,0
66452,4.3322,7.0623,1.5208,0
67299,4.1597,7.0542,1.4863,0
68157,3.9942,7.0458,1.4526,0
69026,3.8351,7.0372,1.4196,0
69906,3.6824,7.0283,1.3873,0
70797,3.5358,7.0191,1.3557,0
71700,3.3949,7.0097,1.3248,0
72614,3.2597,7,1.2945,0
73539,3.1298,6.9901,1.2649,0
74477,3.005,6.98,1.236,0
75426,2.8852,6.9695,1.2077,0
76388,2.7702,6.9589,1.18,0
77362,2.6598,6.948,1.1529,0
78348,2.5537,6.9368,1.1264,0
79347,2.4518,6.9254,1.1005,0
80359,2.354,6.9137,1.0751,0
81383,2.2601,6.9019,1.0503,0
82421,2.1698,6.8897,1.0261,0
83471,2.0832,6.8774,1.0024,0
84536,2,6.8648,0.97924,0
85613,1.9202,6.852,0.95659,0
86705,1.8435,6.839,0.93444,0
87810,1.7699,6.8257,0.91278,0
88930,1.6992,6.8123,0.8916,0
90063,1.6313,6.7986,0.8709,0
91211,1.5662,6.7847,0.85066,0
92374,1.5036,6.7706,0.83087,0
93552,1.4435,6.7563,0.81153,0
94745,1.3859,6.7418,0.79261,0
95953,1.3305,6.7271,0.77412,0
97176,1.2774,6.7122,0.75605,0
98415,1.2263,6.6971,0.73838,0
99669,1.1774,6.6819,0.72111,0
1.0094e+05,1.1303,6.6664,0.70423,0
1.0223e+05,1.0852,6.6508,0.68773,0
1.0353e+05,1.0419,6.635,0.6716,0
1.0485e+05,1.0003,6.619,0.65583,0
1.0619e+05,0.96038,6.6028,0.64043,0
1.0754e+05,0.92206,6.5865,0.62537,0
1.0891e+05,0.88526,6.57,0.61065,0
1.103e+05,0.84995,6.5533,0.59626,0
1.1171e+05,0.81604,6.5365,0.5822,0
1.1313e+05,0.78349,6.5195,0.56846,0
1.1457e+05,0.75225,6.5024,0.55504,0
1.1603e+05,0.72226,6.4851,0.54192,0
1.1751e+05,0.69347,6.4676,0.5291,0
1.1901e+05,0.66583,6.45,0.51657,0
1.2053e+05,0.6393,6.4323,0.50433,0
1.2206e+05,0.61384,6.4144,0.49236,0
1.2362e+05,0.58939,6.3963,0.48068,0
1.252e+05,0.56592,6.3782,0.46926,0
1.2679e+05,0.5434,6.3598,0.4581,0
1.2841e+05,0.52177,6.3414,0.4472,0
1.3005e+05,0.50102,6.3228,0.43655,0
1.317e+05,0.48109,6.3041,0.42615,0
1.3338e+05,0.46196,6.2852,0.41598,0
1.3508e+05,0.4436,6.2662,0.40605,0
1.3681e+05,0.42598,6.2471,0.39635,0
1.3855e+05,0.40906,6.2279,0.38688,0
1.4032e+05,0.39282,6.2086,0.37762,0
1.4211e+05,0.37723,6.1891,0.36858,0
1.4392e+05,0.36226,6.1696,0.35975,0
1.4575e+05,0.34789,6.1499,0.35113,0
1.4761e+05,0.3341,6.1301,0.3427,0
1.4949e+05,0.32086,6.1102,0.33447,0
1.514e+05,0.30815,6.0902,0.32644,0
1.5333e+05,0.29595,6.0702,0.31859,0
1.5528e+05,0.28424,6.05,0.31092,0
1.5726e+05,0.27299,6.0297,0.30344,0
1.5927e+05,0.2622,6.0093,0.29613,0
1.613e+05,0.25184,5.9888,0.28899,0
1.6335e+05,0.2419,5.9683,0.28201,0
1.6544e+05,0.23235,5.9476,0.27521,0
1.6755e+05,0.22319,5.9269,0.26856,0
1.6968e+05,0.21439,5.9061,0.26207,0
1.7184e+05,0.20595,5.8852,0.25573,0
1.7404e+05,0.19784,5.8643,0.24954,0
1.7625e+05,0.19006,5.8432,0.24349,0
1.785e+05,0.18259,5.8221,0.23759,0
1.8078e+05,0.17542,5.801,0.23183,0
1.8308e+05,0.16854,5.7797,0.22621,0
1.8542e+05,0.16193,5.7584,0.22072,0
1.8778e+05,0.15559,5.7371,0.21535,0
1.9017e+05,0.1495,5.7156,0.21012,0
1.926e+05,0.14366,5.6942,0.20501,0
1.9505e+05,0.13805,5.6726,0.20002,0
1.9754e+05,0.13266,5.6511,0.19515,0
2.0006e+05,0.12749,5.6294,0.1904,0
2.0261e+05,0.12253,5.6077,0.18576,0
2.0519e+05,0.11776,5.586,0.18123,0
2.0781e+05,0.11319,5.5643,0.1768,0
2.1046e+05,0.10879,5.5424,0.17249,0
2.1314e+05,0.10458,5.5206,0.16827,0
2.1586e+05,0.10053,5.4987,0.16416,0
2.1861e+05,0.096642,5.4768,0.16015,0
2.214e+05,0.092909,5.4548,0.15623,0
2.2422e+05,0.089325,5.4328,0.1524,0
2.2708e+05,0.085884,5.4108,0.14867,0
2.2997e+05,0.08258,5.3887,0.14503,0
2.329e+05,0.079407,5.3667,0.14148,0
2.3587e+05,0.076361,5.3445,0.13801,0
2.3888e+05,0.073435,5.3224,0.13462,0
2.4193e+05,0.070625,5.3003,0.13132,0
2.4501e+05,0.067927,5.2781,0.12809,0
2.4813e+05,0.065336,5.2559,0.12495,0
2.513e+05,0.062847,5.2337,0.12188,0
2.545e+05,0.060456,5.2114,0.11888,0
2.5775e+05,0.05816,5.1892,0.11596,0
2.6103e+05,0.055955,5.1669,0.1131,0
2.6436e+05,0.053837,5.1446,0.11032,0
2.6773e+05,0.051802,5.1223,0.1076,0
2.7114e+05,0.049847,5.1,0.10495,0
2.746e+05,0.047969,5.0777,0.10237,0
2.781e+05,0.046165,5.0554,0.099845,0
2.8165e+05,0.044432,5.0331,0.097384,0
2.8524e+05,0.042767,5.0108,0.094982,0
2.8887e+05,0.041167,4.9885,0.092639,0
2.9255e+05,0.039629,4.9661,0.090353,0
2.9628e+05,0.038152,4.9438,0.088123,0
3.0006e+05,0.036733,4.9215,0.085947,0
3.0389e+05,0.035369,4.8992,0.083825,0
3.0776e+05,0.034058,4.8769,0.081754,0
3.1169e+05,0.032798,4.8546,0.079735,0
3.1566e+05,0.031588,4.8323,0.077764,0
3.1968e+05,0.030424,4.81,0.075842,0
3.2376e+05,0.029306,4.7877,0.073967,0
3.2789e+05,0.028231,4.7655,0.072138,0
3.3207e+05,0.027198,4.7432,0.070353,0
3.363e+05,0.026205,4.721,0.068612,0
3.4059e+05,0.025251,4.6988,0.066914,0
3.4493e+05,0.024333,4.6766,0.065257,0
3.4933e+05,0.023451,4.6544,0.063642,0
3.5378e+05,0.022603,4.6322,0.062065,0
3.5829e+05,0.021788,4.6101,0.060528,0
3.6286e+05,0.021004,4.588,0.059028,0
3.6748e+05,0.02025,4.5659,0.057565,0
3.7217e+05,0.019526,4.5439,0.056138,0
3.7691e+05,0.018829,4.5218,0.054746,0
3.8172e+05,0.018159,4.4998,0.053388,0
3.8659e+05,0.017514,4.4779,0.052064,0
3.9151e+05,0.016894,4.4559,0.050772,0
3.9651e+05,0.016298,4.434,0.049512,0
4.0156e+05,0.015725,4.4122,0.048283,0
4.0668e+05,0.015174,4.3904,0.047085,0
4.1186e+05,0.014643,4.3686,0.045916,0
4.1711e+05,0.014133,4.3468,0.044776,0
4.2243e+05,0.013642,4.3251,0.043664,0
4.2782e+05,0.01317,4.3034,0.042579,0
4.3327e+05,0.012716,4.2818,0.041521,0
4.388e+05,0.012279,4.2602,0.040489,0
4.4439e+05,0.011858,4.2386,0.039483,0
4.5006e+05,0.011453,4.2171,0.038502,0
4.5579e+05,0.011063,4.1956,0.037544,0
4.616e+05,0.010688,4.1742,0.036611,0
4.6749e+05,0.010327,4.1528,0.0357,0
4.7345e+05,0.0099797,4.1314,0.034812,0
4.7948e+05,0.0096451,4.1101,0.033946,0
4.856e+05,0.009323,4.0889,0.033102,0
4.9179e+05,0.0090128,4.0677,0.032278,0
4.9806e+05,0.0087142,4.0465,0.031475,0
5.0441e+05,0.0084598,4.0252,0.030688,0
5.1084e+05,0.0082273,4.004,0.029921,0
5.1735e+05,0.0080011,3.9828,0.029172,0
5.2395e+05,0.0077812,3.9617,0.028442,0
5.3063e+05,0.0075674,3.9406,0.027731,0
5.3739e+05,0.0073594,3.9195,0.027037,0
5.4424e+05,0.0071571,3.8985,0.02636,0
5.5118e+05,0.0069604,3.8776,0.025701,0
5.5821e+05,0.0067691,3.8567,0.025058,0
5.6532e+05,0.006583,3.8358,0.024431,0
5.7253e+05,0.0064021,3.815,0.02382,0
5.7983e+05,0.0062261,3.7943,0.023224,0
5.8722e+05,0.006055,3.7736,0.022643,0
5.9471e+05,0.0058886,3.7529,0.022076,0
6.0229e+05,0.0057267,3.7324,0.021524,0
6.0997e+05,0.0055693,3.7118,0.020986,0
6.1774e+05,0.0054163,3.6913,0.020461,0
6.2562e+05,0.0052674,3.6709,0.019949,0
6.336e+05,0.0051226,3.6505,0.01945,0
6.4167e+05,0.0049818,3.6302,0.018963,0
6.4985e+05,0.0048449,3.6099,0.018489,0
6.5814e+05,0.0047117,3.5897,0.018026,0
6.6653e+05,0.0045822,3.5695,0.017575,0
6.7503e+05,0.0044563,3.5494,0.017135,0
6.8363e+05,0.0043338,3.5294,0.016707,0
6.9235e+05,0.0042147,3.5094,0.016289,0
7.0117e+05,0.0040988,3.4894,0.015881,0
7.1011e+05,0.0039862,3.4696,0.015484,0
7.1917e+05,0.0038766,3.4497,0.015097,0
7.2833e+05,0.0037701,3.4299,0.014719,0
7.3762e+05,0.0036665,3.4102,0.014351,0
7.4702e+05,0.0035657,3.3906,0.013992,0
7.5655e+05,0.0034677,3.371,0.013642,0
7.6619e+05,0.0033724,3.3514,0.0133,0
7.7596e+05,0.0032797,3.3319,0.012968,0
7.8585e+05,0.0031895,3.3125,0.012643,0
7.9587e+05,0.0031019,3.2931,0.012327,0
8.0602e+05,0.0030166,3.2738,0.012018,0
8.1629e+05,0.0029337,3.2545,0.011718,0
8.267e+05,0.0028531,3.2353,0.011425,0
8.3724e+05,0.0027746,3.2162,0.011139,0
8.4791e+05,0.0026984,3.1971,0.01086,0
8.5872e+05,0.0026242,3.178,0.010588,0
8.6967e+05,0.0025521,3.1591,0.010323,0
8.8076e+05,0.0024819,3.1402,0.010065,0
8.9199e+05,0.0024137,3.1213,0.0098134,0
9.0336e+05,0.0023474,3.1025,0.0095679,0
9.1488e+05,0.0022829,3.0838,0.0093285,0
9.2654e+05,0.0022201,3.0651,0.0090951,0
9.3835e+05,0.0021591,3.0465,0.0088676,0
9.5031e+05,0.0020998,3.0279,0.0086457,0
9.6243e+05,0.0020421,3.0094,0.0084294,0
9.747e+05,0.0019859,2.991,0.0082186,0
9.8713e+05,0.0019313,2.9726,0.0080129,0
9.9971e+05,0.0018783,2.9543,0.0078125,0
1.0125e+06,0.0018368,2.936,0.007617,0
1.0254e+06,0.0017966,2.9178,0.0074265,4.3321e-07
1.0384e+06,0.0017572,2.8997,0.0072407,1.0339e-05
1.0517e+06,0.0017186,2.8816,0.0070595,3.37e-05
1.0651e+06,0.001681,2.8636,0.0068829,7.103e-05
1.0787e+06,0.0016441,2.8457,0.0067107,0.00012286
1.0924e+06,0.0016081,2.8278,0.0065428,0.00018973
1.1063e+06,0.0015728,2.8099,0.0063791,0.0002722
1.1204e+06,0.0015383,2.7922,0.0062195,0.00037086
1.1347e+06,0.0015046,2.7745,0.0060639,0.00048629
1.1492e+06,0.0014716,2.7568,0.0059122,0.00061911
1.1638e+06,0.0014393,2.7392,0.0057643,0.00076995
1.1787e+06,0.0014078,2.7217,0.0056201,0.00093945
1.1937e+06,0.0013769,2.7043,0.0054795,0.0011283
1.2089e+06,0.0013467,2.6869,0.0053424,0.0013371
1.2243e+06,0.0013172,2.6695,0.0052088,0.0015667
1.2399e+06,0.0012883,2.6523,0.0050784,0.0018178
1.2558e+06,0.0012601,2.6351,0.0049514,0.002091
1.2718e+06,0.0012324,2.6179,0.0048275,0.0023872
1.288e+06,0.0012054,2.6008,0.0047067,0.0027072
1.3044e+06,0.001179,2.5838,0.004589,0.0030518
1.321e+06,0.0011531,2.5669,0.0044742,0.0034218
1.3379e+06,0.0011279,2.55,0.0043622,0.0038181
1.3549e+06,0.0011031,2.5332,0.0042531,0.0042416
1.3722e+06,0.0010789,2.5164,0.0041467,0.0046931
1.3897e+06,0.0010553,2.4997,0.004043,0.0051737
1.4074e+06,0.0010321,2.4831,0.0039418,0.0056843
1.4254e+06,0.0010095,2.4665,0.0038432,0.0062259
1.4435e+06,0.00098738,2.45,0.003747,0.0067995
1.4619e+06,0.00096574,2.4336,0.0036533,0.0074062
1.4806e+06,0.00094456,2.4172,0.0035619,0.008047
1.4994e+06,0.00092385,2.4009,0.0034728,0.0087231
1.5186e+06,0.0009036,2.3847,0.0033859,0.0093854
1.5379e+06,0.00088378,2.3685,0.0033012,0.010089
1.5575e+06,0.00086441,2.3524,0.0032186,0.010836
1.5774e+06,0.00084545,2.3363,0.0031381,0.011625
1.5975e+06,0.00082692,2.3203,0.0030596,0.012457
1.6179e+06,0.00080879,2.3044,0.002983,0.013331
1.6385e+06,0.00079105,2.2886,0.0029084,0.014246
1.6594e+06,0.00077371,2.2728,0.0028356,0.015202
1.6805e+06,0.00075675,2.2571,0.0027647,0.0162
1.7019e+06,0.00074015,2.2414,0.0026955,0.017238
1.7236e+06,0.00072393,2.2259,0.0026281,0.018317
1.7456e+06,0.00070805,2.2103,0.0025623,0.019435
1.7679e+06,0.00069253,2.1949,0.0024982,0.020593
1.7904e+06,0.00067735,2.1795,0.0024357,0.021791
1.8132e+06,0.00066249,2.1642,0.0023748,0.023028
1.8364e+06,0.00064797,2.149,0.0023154,0.024304
1.8598e+06,0.00063376,2.1338,0.0022575,0.025618
1.8835e+06,0.00061987,2.1187,0.002201,0.02697
1.9075e+06,0.00060628,2.1036,0.0021459,0.02836
1.9318e+06,0.00059298,2.0886,0.0020922,0.029788
1.9564e+06,0.00057998,2.0737,0.0020399,0.031253
1.9814e+06,0.00056727,2.0589,0.0019889,0.032755
2.0066e+06,0.00055483,2.0441,0.0019391,0.034294
2.0322e+06,0.00054266,2.0294,0.0018906,0.035869
2.0581e+06,0.00053077,2.0148,0.0018433,0.037481
2.0844e+06,0.00051913,2.0002,0.0017972,0.039128
2.1109e+06,0.00050775,1.9857,0.0017522,0.04081
2.1378e+06,0.00049661,1.9713,0.0017084,0.042528
2.1651e+06,0.00048572,1.9569,0.0016656,0.044281
2.1927e+06,0.00047508,1.9426,0.001624,0.046068
2.2207e+06,0.00046466,1.9284,0.0015833,0.04789
2.249e+06,0.00045447,1.9142,0.0015437,0.049745
2.2776e+06,0.00044451,1.9001,0.0015051,0.051635
2.3067e+06,0.00043476,1.8861,0.0014674,0.053558
2.3361e+06,0.00042523,1.8721,0.0014307,0.055514
2.3659e+06,0.00041591,1.8583,0.0013949,0.057503
2.396e+06,0.00040679,1.8444,0.00136,0.059524
2.4266e+06,0.00039787,1.8307,0.001326,0.061578
2.4575e+06,0.00038914,1.817,0.0012928,0.063664
2.4888e+06,0.00038061,1.8034,0.0012605,0.065782
2.5206e+06,0.00037227,1.7899,0.001229,0.067931
2.5527e+06,0.0003641,1.7764,0.0011982,0.070111
2.5853e+06,0.00035612,1.763,0.0011682,0.072323
2.6182e+06,0.00034831,1.7496,0.001139,0.074565
2.6516e+06,0.00034068,1.7364,0.0011105,0.076837
2.6854e+06,0.00033321,1.7232,0.0010827,0.079139
2.7196e+06,0.0003259,1.7101,0.0010556,0.081472
2.7543e+06,0.00031876,1.697,0.0010292,0.083833
2.7894e+06,0.00031177,1.684,0.0010035,0.086224
2.825e+06,0.00030493,1.6711,0.00097838,0.088644
2.861e+06,0.00029825,1.6582,0.0009539,0.091093
2.8975e+06,0.00029171,1.6455,0.00093004,0.09357
2.9344e+06,0.00028531,1.6327,0.00090677,0.096076
2.9718e+06,0.00027906,1.6201,0.00088408,0.098609
3.0097e+06,0.00027245,1.6075,0.00086197,0.10117
3.0481e+06,0.00026463,1.595,0.0008404,0.10376
3.0869e+06,0.00025703,1.5826,0.00081938,0.10637
3.1263e+06,0.00024965,1.5702,0.00079888,0.10902
3.1661e+06,0.00024248,1.5579,0.00077889,0.11169
3.2065e+06,0.00023552,1.5457,0.0007594,0.11438
3.2474e+06,0.00022875,1.5335,0.00074041,0.1171
3.2888e+06,0.00022218,1.5214,0.00072188,0.11985
3.3307e+06,0.0002158,1.5094,0.00070382,0.12262
3.3732e+06,0.00020961,1.4975,0.00068621,0.12542
3.4162e+06,0.00020359,1.4856,0.00066905,0.12824
3.4597e+06,0.00019774,1.4738,0.00065231,0.13109
3.5038e+06,0.00019206,1.462,0.00063599,0.13396
3.5485e+06,0.00018655,1.4503,0.00062008,0.13686
3.5937e+06,0.00018119,1.4387,0.00060456,0.13978
3.6396e+06,0.00017599,1.4272,0.00058944,0.14273
3.686e+06,0.00017093,1.4157,0.00057469,0.1457
3.733e+06,0.00016603,1.4043,0.00056031,0.14869
3.7805e+06,0.00016126,1.393,0.0005463,0.1517
3.8287e+06,0.00015663,1.3817,0.00053263,0.15474
3.8776e+06,0.00015213,1.3705,0.0005193,0.1578
3.927e+06,0.00014776,1.3594,0.00050631,0.16088
3.9771e+06,0.00014352,1.3483,0.00049364,0.16399
4.0278e+06,0.0001394,1.3373,0.00048129,0.16711
4.0791e+06,0.00013539,1.3264,0.00046925,0.17026
4.1311e+06,0.00013151,1.3155,0.00045751,0.17343
4.1838e+06,0.00012773,1.3047,0.00044607,0.17662
4.2371e+06,0.00012406,1.294,0.00043491,0.17983
4.2911e+06,0.0001205,1.2833,0.00042403,0.18307
4.3458e+06,0.00011704,1.2727,0.00041342,0.18632
4.4012e+06,0.00011368,1.2622,0.00040308,0.18959
4.4573e+06,0.00011041,1.2517,0.00039299,0.19288
4.5142e+06,0.00010724,1.2413,0.00038316,0.1962
4.5717e+06,0.00010416,1.231,0.00037357,0.19953
4.63e+06,0.00010117,1.2207,0.00036423,0.20288
4.689e+06,9.8266e-05,1.2105,0.00035512,0.20625
4.7488e+06,9.5444e-05,1.2004,0.00034623,0.20964
4.8094e+06,9.2703e-05,1.1904,0.00033757,0.21304
4.8707e+06,9.0041e-05,1.1804,0.00032912,0.21647
4.9328e+06,8.7455e-05,1.1704,0.00032089,0.21991
4.9957e+06,8.4944e-05,1.1606,0.00031286,0.22338
5.0593e+06,8.2505e-05,1.1507,0.00030503,0.22685
5.1238e+06,8.0136e-05,1.141,0.0002974,0.23035
5.1892e+06,7.7834e-05,1.1313,0.00028996,0.23387
5.2553e+06,7.5599e-05,1.1217,0.00028271,0.2374
5.3223e+06,7.3428e-05,1.1122,0.00027564,0.24094
5.3902e+06,7.132e-05,1.1027,0.00026874,0.24451
5.4589e+06,6.9272e-05,1.0933,0.00026202,0.24809
5.5285e+06,6.7282e-05,1.0839,0.00025546,0.25169
5.599e+06,6.535e-05,1.0746,0.00024907,0.2553
5.6703e+06,6.3474e-05,1.0654,0.00024284,0.25893
5.7426e+06,6.1651e-05,1.0563,0.00023676,0.26257
5.8158e+06,5.9881e-05,1.0472,0.00023084,0.26623
5.89e+06,5.8161e-05,1.0381,0.00022507,0.2699
5.9651e+06,5.6491e-05,1.0292,0.00021943,0.27359
6.0411e+06,5.4869e-05,1.0202,0.00021394,0.2773
6.1181e+06,5.3293e-05,1.0114,0.00020859,0.28101
6.1961e+06,5.1763e-05,1.0026,0.00020337,0.28475
6.2751e+06,5.0276e-05,0.99388,0.00019829,0.28849
6.3551e+06,4.8832e-05,0.98522,0.00019332,0.29225
6.4362e+06,4.743e-05,0.97662,0.00018849,0.29603
6.5182e+06,4.6068e-05,0.96808,0.00018377,0.29981
6.6013e+06,4.4745e-05,0.9596,0.00017917,0.30361
6.6855e+06,4.346e-05,0.95118,0.00017469,0.30743
6.7707e+06,4.2212e-05,0.94282,0.00017032,0.31125
6.857e+06,4.1e-05,0.93452,0.00016606,0.31509
6.9444e+06,3.9823e-05,0.92628,0.00016191,0.31894
7.033e+06,3.8679e-05,0.91811,0.00015786,0.32281
7.1226e+06,3.7568e-05,0.90999,0.00015391,0.32668
7.2134e+06,3.649e-05,0.90193,0.00015006,0.33057
7.3054e+06,3.5442e-05,0.89393,0.0001463,0.33447
7.3985e+06,3.4424e-05,0.88598,0.00014264,0.33838
7.4928e+06,3.3435e-05,0.8781,0.00013907,0.3423
7.5884e+06,3.2475e-05,0.87028,0.00013559,0.34623
7.6851e+06,3.1543e-05,0.86251,0.0001322,0.35017
7.7831e+06,3.0637e-05,0.8548,0.00012889,0.35412
7.8823e+06,2.9757e-05,0.84715,0.00012567,0.35809
7.9828e+06,2.8903e-05,0.83955,0.00012253,0.36206
8.0846e+06,2.8073e-05,0.83201,0.00011946,0.36605
8.1876e+06,2.7266e-05,0.82453,0.00011647,0.37004
8.292e+06,2.6483e-05,0.81711,0.00011356,0.37404
8.3977e+06,2.5723e-05,0.80974,0.00011072,0.37806
8.5048e+06,2.4984e-05,0.80243,0.00010795,0.38208
8.6132e+06,2.4267e-05,0.79517,0.00010525,0.38611
8.723e+06,2.357e-05,0.78797,0.00010261,0.39015
8.8342e+06,2.2893e-05,0.78083,0.00010005,0.3942
8.9469e+06,2.2236e-05,0.77374,9.7543e-05,0.39826
9.0609e+06,2.1597e-05,0.7667,9.5102e-05,0.40232
9.1764e+06,2.0977e-05,0.75972,9.2723e-05,0.4064
9.2934e+06,2.0375e-05,0.75279,9.0403e-05,0.41048
9.4119e+06,1.979e-05,0.74592,8.8142e-05,0.41457
9.5319e+06,1.9221e-05,0.7391,8.5936e-05,0.41867
9.6534e+06,1.8669e-05,0.73233,8.3787e-05,0.42277
9.7765e+06,1.8133e-05,0.72561,8.169e-05,0.42689
9.9011e+06,1.7612e-05,0.71895,7.9647e-05,0.43101
1.0027e+07,1.7107e-05,0.71234,7.7654e-05,0.43513
1.0155e+07,1.6615e-05,0.70579,7.5711e-05,0.43927
1.0285e+07,1.6138e-05,0.69928,7.3817e-05,0.44341
1.0416e+07,1.5675e-05,0.69283,7.197e-05,0.44755
1.0549e+07,1.5225e-05,0.68643,7.017e-05,0.45171
1.0683e+07,1.4788e-05,0.68008,6.8414e-05,0.45587
1.0819e+07,1.4363e-05,0.67378,6.6703e-05,0.46003
1.0957e+07,1.395e-05,0.66753,6.5034e-05,0.4642
1.1097e+07,1.355e-05,0.66133,6.3407e-05,0.46838
1.1238e+07,1.3161e-05,0.65518,6.1821e-05,0.47256
1.1382e+07,1.2783e-05,0.64908,6.0274e-05,0.47675
1.1527e+07,1.2416e-05,0.64303,5.8766e-05,0.48094
1.1674e+07,1.2059e-05,0.63703,5.7296e-05,0.48514
1.1822e+07,1.1713e-05,0.63107,5.5862e-05,0.48934
1.1973e+07,1.1377e-05,0.62517,5.4465e-05,0.49354
1.2126e+07,1.105e-05,0.61931,5.3102e-05,0.49775
1.228e+07,1.0733e-05,0.61351,5.1774e-05,0.50197
1.2437e+07,1.0424e-05,0.60775,5.0478e-05,0.50619
1.2596e+07,1.0125e-05,0.60203,4.9216e-05,0.51041
1.2756e+07,9.8342e-06,0.59637,4.7984e-05,0.51464
1.2919e+07,9.5518e-06,0.59075,4.6784e-05,0.51887
1.3083e+07,9.2775e-06,0.58518,4.5613e-05,0.52311
1.325e+07,9.0111e-06,0.57965,4.4472e-05,0.52734
1.3419e+07,8.7524e-06,0.57417,4.336e-05,0.53158
1.359e+07,8.501e-06,0.56874,4.2275e-05,0.53583
1.3764e+07,8.2569e-06,0.56335,4.1217e-05,0.54008
1.3939e+07,8.0198e-06,0.558,4.0186e-05,0.54433
1.4117e+07,7.7895e-06,0.5527,3.9181e-05,0.54858
1.4297e+07,7.5658e-06,0.54745,3.82e-05,0.55283
1.4479e+07,7.3485e-06,0.54224,3.7245e-05,0.55709
1.4664e+07,7.1375e-06,0.53707,3.6313e-05,0.56135
1.485e+07,6.9326e-06,0.53195,3.5404e-05,0.56561
1.504e+07,6.7335e-06,0.52687,3.4519e-05,0.56987
1.5232e+07,6.5401e-06,0.52184,3.3655e-05,0.57414
1.5426e+07,6.3523e-06,0.51684,3.2813e-05,0.5784
1.5622e+07,6.1699e-06,0.51189,3.1992e-05,0.58267
1.5822e+07,5.9927e-06,0.50699,3.1192e-05,0.58694
1.6023e+07,5.8206e-06,0.50212,3.0411e-05,0.59121
1.6228e+07,5.6535e-06,0.49729,2.9651e-05,0.59548
1.6434e+07,5.4911e-06,0.49251,2.8909e-05,0.59976
1.6644e+07,5.3334e-06,0.48777,2.8186e-05,0.60403
1.6856e+07,5.1803e-06,0.48307,2.748e-05,0.6083
1.7071e+07,5.0315e-06,0.47841,2.6793e-05,0.61258
1.7289e+07,4.887e-06,0.47379,2.6123e-05,0.61685
1.7509e+07,4.7467e-06,0.46921,2.5469e-05,0.62112
1.7732e+07,4.6104e-06,0.46467,2.4832e-05,0.6254
1.7958e+07,4.478e-06,0.46017,2.4211e-05,0.62967
1.8187e+07,4.3494e-06,0.45571,2.3605e-05,0.63395
1.8419e+07,4.2245e-06,0.45129,2.3014e-05,0.63822
1.8654e+07,4.1032e-06,0.4469,2.2439e-05,0.6425
1.8892e+07,3.9854e-06,0.44256,2.1877e-05,0.64677
1.9133e+07,3.8709e-06,0.43825,2.133e-05,0.65104
1.9377e+07,3.7598e-06,0.43398,2.0796e-05,0.65531
1.9624e+07,3.6518e-06,0.42975,2.0276e-05,0.65958
1.9874e+07,3.5469e-06,0.42556,1.9769e-05,0.66385
