# 1DMC-N photon cross sections for W (Z=74), barn/atom
#grid 600 10000 2e+07
#Z 74
#atomic_weight 183.84000
E_eV,photo,incoh,coh,pair
10064,27746,14.694,1349.7,0
10192,26843,14.823,1333.4,0
10322,67845,14.952,1317.2,0
10453,65593,15.082,1301,0
10587,63416,15.212,1284.9,0
10722,61311,15.342,1268.8,0
10858,59277,15.473,1252.9,0
10997,57310,15.604,1237,0
11137,55409,15.736,1221.2,0
11279,53571,15.868,1205.5,0
11423,51794,16,1189.9,0
11568,69033,16.132,1174.4,0
11716,66945,16.265,1159,0
11865,64920,16.398,1143.6,0
12016,62956,16.532,1128.4,0
12170,70532,16.666,1113.3,0
12325,68302,16.8,1098.3,0
12482,66142,16.934,1083.5,0
12641,64050,17.069,1068.7,0
12802,62025,17.204,1054,0
12965,60064,17.339,1039.5,0
13131,58164,17.475,1025.1,0
13298,56325,17.611,1010.8,0
13468,54544,17.747,996.58,0
13639,52819,17.884,982.52,0
13813,51149,18.021,968.59,0
13989,49531,18.158,954.78,0
14168,47965,18.296,941.1,0
14348,46448,18.433,927.55,0
14531,44979,18.571,914.13,0
14716,43557,18.71,900.83,0
14904,42179,18.849,887.67,0
15094,40819,18.988,874.65,0
15286,39477,19.127,861.75,0
15481,38179,19.267,848.99,0
15679,36923,19.406,836.37,0
15879,35709,19.546,823.88,0
16081,34534,19.687,811.54,0
16286,33399,19.827,799.33,0
16494,32300,19.968,787.27,0
16704,31238,20.109,775.35,0
16917,30211,20.25,763.57,0
17133,29217,20.391,751.93,0
17351,28256,20.533,740.44,0
17572,27327,20.674,729.09,0
17796,26428,20.815,717.89,0
18023,25559,20.957,706.83,0
18253,24719,21.098,695.92,0
18486,23906,21.24,685.15,0
18721,23119,21.382,674.53,0
18960,22359,21.523,664.05,0
19202,21624,21.665,653.72,0
19446,20913,21.806,643.53,0
19694,20225,21.947,633.48,0
19945,19560,22.088,623.58,0
20200,18908,22.229,613.83,0
20457,18277,22.37,604.21,0
20718,17666,22.511,594.74,0
20982,17076,22.651,585.39,0
21250,16506,22.791,576.18,0
21521,15954,22.931,567.1,0
21795,15421,23.071,558.14,0
22073,14906,23.21,549.31,0
22354,14408,23.348,540.6,0
22639,13927,23.487,532.01,0
22928,13462,23.625,523.53,0
23220,13012,23.762,515.17,0
23516,12577,23.899,506.92,0
23816,12157,24.036,498.78,0
24120,11751,24.171,490.75,0
24427,11358,24.307,482.82,0
24738,10979,24.441,474.99,0
25054,10612,24.575,467.27,0
25373,10258,24.708,459.65,0
25697,9915,24.841,452.12,0
26024,9583.7,24.973,444.7,0
26356,9263.6,25.104,437.36,0
26692,8954.1,25.234,430.12,0
27032,8655,25.363,422.98,0
27377,8365.9,25.491,415.92,0
27726,8086.4,25.619,408.95,0
28080,7816.3,25.745,402.07,0
28438,7555.1,25.871,395.27,0
28800,7302.8,25.995,388.56,0
29167,7058.8,26.118,381.94,0
29539,6823,26.24,375.39,0
29916,6595.1,26.361,368.93,0
30297,6371.8,26.481,362.54,0
30683,6155.3,26.6,356.24,0
31074,5946.2,26.717,350.02,0
31471,5744.2,26.833,343.87,0
31872,5549,26.948,337.81,0
32278,5360.5,27.062,331.82,0
32690,5178.3,27.174,325.91,0
33106,5002.4,27.285,320.09,0
33528,4832.4,27.395,314.34,0
33956,4668.3,27.503,308.67,0
34389,4509.6,27.61,303.08,0
34827,4356.4,27.716,297.57,0
35271,4208.4,27.82,292.13,0
35721,4065.4,27.923,286.77,0
36176,3927.3,28.025,281.49,0
36638,3793.9,28.125,276.29,0
37105,3665,28.223,271.16,0
37578,3540.4,28.321,266.1,0
38057,3420.1,28.416,261.13,0
38542,3303.9,28.511,256.22,0
39033,3191.7,28.604,251.39,0
39531,3083.2,28.695,246.64,0
40035,2978.4,28.785,241.95,0
40545,2876.3,28.873,237.35,0
41062,2777.7,28.96,232.81,0
41586,2682.5,29.045,228.35,0
42116,2590.5,29.129,223.96,0
42653,2501.7,29.211,219.64,0
43196,2416,29.292,215.39,0
43747,2333.1,29.371,211.21,0
44305,2253.1,29.448,207.1,0
44870,2175.9,29.524,203.07,0
45442,2101.3,29.599,199.1,0
46021,2029.3,29.671,195.21,0
46608,1959.7,29.743,191.38,0
47202,1892.5,29.812,187.63,0
47804,1827.6,29.88,183.94,0
48413,1765,29.946,180.32,0
49030,1704.5,30.011,176.76,0
49655,1646.1,30.074,173.27,0
50289,1589.5,30.136,169.85,0
50930,1534.6,30.196,166.49,0
51579,1481.6,30.254,163.2,0
52236,1430.5,30.311,159.96,0
52902,1381.1,30.366,156.79,0
53577,1333.4,30.419,153.68,0
54260,1287.4,30.471,150.63,0
54952,1243,30.522,147.64,0
55652,1200.1,30.57,144.7,0
56362,1158.6,30.618,141.82,0
57080,1118.7,30.663,139,0
57808,1080,30.708,136.23,0
58545,1042.8,30.75,133.51,0
59291,1006.8,30.791,130.85,0
60047,972.01,30.831,128.23,0
60813,938.33,30.869,125.67,0
61588,905.82,30.906,123.16,0
62373,874.43,30.941,120.69,0
63168,844.13,30.974,118.27,0
63974,814.88,31.006,115.9,0
64789,786.65,31.037,113.57,0
65615,759.39,31.066,111.29,0
66452,733.08,31.093,109.05,0
67299,707.68,31.119,106.85,0
68157,683.16,31.144,104.7,0
69026,659.49,31.166,102.58,0
69906,3248.9,31.188,100.51,0
70797,3141.1,31.208,98.468,0
71700,3036.9,31.226,96.469,0
72614,2936.3,31.242,94.507,0
73539,2839,31.257,92.582,0
74477,2745.1,31.271,90.692,0
75426,2654.3,31.283,88.837,0
76388,2566.7,31.293,87.017,0
77362,2482.1,31.302,85.23,0
78348,2400.4,31.31,83.476,0
79347,2321.5,31.315,81.755,0
80359,2245.4,31.319,80.065,0
81383,2171.9,31.322,78.406,0
82421,2100.9,31.323,76.777,0
83471,2032.4,31.323,75.179,0
84536,1966.2,31.32,73.611,0
85613,1902.3,31.317,72.071,0
86705,1840.4,31.312,70.56,0
87810,1780.6,31.305,69.078,0
88930,1722.8,31.297,67.624,0
90063,1666.9,31.287,66.196,0
91211,1612.7,31.275,64.796,0
92374,1560.4,31.263,63.422,0
93552,1509.6,31.248,62.074,0
94745,1460.5,31.232,60.752,0
95953,1413,31.215,59.455,0
97176,1366.9,31.196,58.183,0
98415,1322.2,31.176,56.935,0
99669,1278.9,31.154,55.711,0
1.0094e+05,1237,31.131,54.511,0
1.0223e+05,1196.3,31.106,53.334,0
1.0353e+05,1157,31.08,52.18,0
1.0485e+05,1118.8,31.052,51.048,0
1.0619e+05,1081.8,31.023,49.939,0
1.0754e+05,1046,30.993,48.852,0
1.0891e+05,1011.3,30.961,47.786,0
1.103e+05,977.67,30.928,46.742,0
1.1171e+05,945.13,30.893,45.719,0
1.1313e+05,913.63,30.857,44.716,0
1.1457e+05,883.13,30.82,43.734,0
1.1603e+05,853.61,30.781,42.772,0
1.1751e+05,825.04,30.741,41.829,0
1.1901e+05,797.39,30.7,40.906,0
1.2053e+05,770.64,30.657,40.002,0
1.2206e+05,744.76,30.613,39.117,0
1.2362e+05,719.72,30.568,38.251,0
1.252e+05,695.5,30.522,37.402,0
1.2679e+05,672.07,30.474,36.571,0
1.2841e+05,649.42,30.425,35.758,0
1.3005e+05,627.51,30.375,34.963,0
1.317e+05,606.33,30.323,34.184,0
1.3338e+05,585.86,30.271,33.422,0
1.3508e+05,566.06,30.217,32.676,0
1.3681e+05,546.93,30.162,31.946,0
1.3855e+05,528.43,30.106,31.232,0
1.4032e+05,510.56,30.049,30.534,0
1.4211e+05,493.29,29.99,29.85,0
1.4392e+05,476.6,29.931,29.182,0
1.4575e+05,460.47,29.87,28.529,0
1.4761e+05,444.89,29.808,27.889,0
1.4949e+05,429.83,29.745,27.264,0
1.514e+05,415.29,29.681,26.653,0
1.5333e+05,401.24,29.617,26.055,0
1.5528e+05,387.67,29.551,25.47,0
1.5726e+05,374.57,29.484,24.899,0
1.5927e+05,361.9,29.416,24.34,0
1.613e+05,349.67,29.347,23.793,0
1.6335e+05,337.85,29.277,23.259,0
1.6544e+05,326.44,29.206,22.736,0
1.6755e+05,315.41,29.134,22.224,0
1.6968e+05,304.76,29.061,21.724,0
1.7184e+05,294.47,28.987,21.235,0
1.7404e+05,284.53,28.913,20.757,0
1.7625e+05,274.93,28.837,20.289,0
1.785e+05,265.65,28.761,19.832,0
1.8078e+05,256.69,28.684,19.385,0
1.8308e+05,248.04,28.605,18.947,0
1.8542e+05,239.68,28.527,18.519,0
1.8778e+05,231.6,28.447,18.101,0
1.9017e+05,223.8,28.366,17.691,0
1.926e+05,216.26,28.285,17.291,0
1.9505e+05,208.98,28.203,16.899,0
1.9754e+05,201.95,28.12,16.516,0
2.0006e+05,195.15,28.037,16.141,0
2.0261e+05,188.59,27.952,15.775,0
2.0519e+05,182.24,27.867,15.417,0
2.0781e+05,176.12,27.782,15.066,0
2.1046e+05,170.2,27.695,14.723,0
2.1314e+05,164.48,27.608,14.388,0
2.1586e+05,158.96,27.521,14.06,0
2.1861e+05,153.63,27.433,13.739,0
2.214e+05,148.48,27.344,13.425,0
2.2422e+05,143.5,27.254,13.118,0
2.2708e+05,138.69,27.164,12.818,0
2.2997e+05,134.05,27.074,12.525,0
2.329e+05,129.57,26.982,12.238,0
2.3587e+05,125.24,26.891,11.957,0
2.3888e+05,121.06,26.799,11.683,0
2.4193e+05,117.02,26.706,11.415,0
2.4501e+05,113.12,26.613,11.152,0
2.4813e+05,109.35,26.519,10.895,0
2.513e+05,105.71,26.425,10.645,0
2.545e+05,102.19,26.33,10.399,0
2.5775e+05,98.8,26.235,10.159,0
2.6103e+05,95.522,26.14,9.9246,0
2.6436e+05,92.356,26.044,9.6952,0
2.6773e+05,89.297,25.948,9.4709,0
2.7114e+05,86.344,25.851,9.2516,0
2.746e+05,83.491,25.754,9.0371,0
2.781e+05,80.736,25.657,8.8275,0
2.8165e+05,78.076,25.559,8.6225,0
2.8524e+05,75.506,25.461,8.422,0
2.8887e+05,73.023,25.363,8.2261,0
2.9255e+05,70.626,25.265,8.0345,0
2.9628e+05,68.311,25.166,7.8472,0
3.0006e+05,66.074,25.067,7.6641,0
3.0389e+05,63.914,24.967,7.4851,0
3.0776e+05,61.828,24.868,7.3101,0
3.1169e+05,59.814,24.768,7.1391,0
3.1566e+05,57.867,24.668,6.9719,0
3.1968e+05,55.988,24.568,6.8085,0
3.2376e+05,54.172,24.467,6.6487,0
3.2789e+05,52.418,24.367,6.4926,0
3.3207e+05,50.723,24.266,6.3399,0
3.363e+05,49.086,24.165,6.1908,0
3.4059e+05,47.505,24.064,6.045,0
3.4493e+05,45.978,23.963,5.9025,0
3.4933e+05,44.502,23.861,5.7633,0
3.5378e+05,43.076,23.759,5.6273,0
3.5829e+05,41.699,23.658,5.4943,0
3.6286e+05,40.368,23.556,5.3644,0
3.6748e+05,39.083,23.454,5.2374,0
3.7217e+05,37.84,23.352,5.1134,0
3.7691e+05,36.64,23.249,4.9922,0
3.8172e+05,35.481,23.147,4.8738,0
3.8659e+05,34.36,23.045,4.7581,0
3.9151e+05,33.277,22.942,4.645,0
3.9651e+05,32.231,22.84,4.5346,0
4.0156e+05,31.22,22.737,4.4267,0
4.0668e+05,30.243,22.634,4.3214,0
4.1186e+05,29.299,22.532,4.2184,0
4.1711e+05,28.386,22.429,4.1179,0
4.2243e+05,27.504,22.326,4.0196,0
4.2782e+05,26.651,22.223,3.9237,0
4.3327e+05,25.827,22.12,3.83,0
4.388e+05,25.03,22.018,3.7384,0
4.4439e+05,24.259,21.915,3.649,0
4.5006e+05,23.514,21.812,3.5617,0
4.5579e+05,22.794,21.709,3.4764,0
4.616e+05,22.097,21.606,3.3932,0
4.6749e+05,21.424,21.504,3.3118,0
4.7345e+05,20.772,21.401,3.2324,0
4.7948e+05,20.142,21.298,3.1548,0
4.856e+05,19.532,21.196,3.0791,0
4.9179e+05,18.943,21.093,3.0051,0
4.9806e+05,18.372,20.991,2.9329,0
5.0441e+05,17.853,20.886,2.8604,0
5.1084e+05,17.362,20.781,2.7888,0
5.1735e+05,16.885,20.676,2.7191,0
5.2395e+05,16.421,20.57,2.651,0
5.3063e+05,15.969,20.466,2.5847,0
5.3739e+05,15.53,20.361,2.52,0
5.4424e+05,15.104,20.256,2.457,0
5.5118e+05,14.688,20.152,2.3955,0
5.5821e+05,14.285,20.047,2.3356,0
5.6532e+05,13.892,19.943,2.2772,0
5.7253e+05,13.51,19.839,2.2202,0
5.7983e+05,13.139,19.736,2.1646,0
5.8722e+05,12.778,19.632,2.1105,0
5.9471e+05,12.427,19.528,2.0577,0
6.0229e+05,12.085,19.425,2.0062,0
6.0997e+05,11.753,19.322,1.956,0
6.1774e+05,11.43,19.219,1.9071,0
6.2562e+05,11.116,19.116,1.8594,0
6.336e+05,10.81,19.014,1.8129,0
6.4167e+05,10.513,18.912,1.7675,0
6.4985e+05,10.224,18.809,1.7233,0
6.5814e+05,9.9431,18.708,1.6802,0
6.6653e+05,9.6698,18.606,1.6381,0
6.7503e+05,9.404,18.504,1.5972,0
6.8363e+05,9.1456,18.403,1.5572,0
6.9235e+05,8.8942,18.302,1.5182,0
7.0117e+05,8.6497,18.201,1.4803,0
7.1011e+05,8.412,18.1,1.4432,0
7.1917e+05,8.1808,18,1.4071,0
7.2833e+05,7.956,17.9,1.3719,0
7.3762e+05,7.7373,17.8,1.3376,0
7.4702e+05,7.5246,17.7,1.3041,0
7.5655e+05,7.3178,17.6,1.2715,0
7.6619e+05,7.1167,17.501,1.2397,0
7.7596e+05,6.9211,17.402,1.2087,0
7.8585e+05,6.7308,17.303,1.1784,0
7.9587e+05,6.5458,17.204,1.1489,0
8.0602e+05,6.3659,17.106,1.1202,0
8.1629e+05,6.191,17.008,1.0922,0
8.267e+05,6.0208,16.91,1.0649,0
8.3724e+05,5.8553,16.812,1.0382,0
8.4791e+05,5.6944,16.715,1.0122,0
8.5872e+05,5.5379,16.617,0.98692,0
8.6967e+05,5.3857,16.52,0.96223,0
8.8076e+05,5.2376,16.424,0.93815,0
8.9199e+05,5.0937,16.327,0.91468,0
9.0336e+05,4.9537,16.231,0.8918,0
9.1488e+05,4.8175,16.135,0.86949,0
9.2654e+05,4.6851,16.04,0.84773,0
9.3835e+05,4.5563,15.944,0.82653,0
9.5031e+05,4.4311,15.849,0.80585,0
9.6243e+05,4.3093,15.754,0.78569,0
9.747e+05,4.1909,15.66,0.76603,0
9.8713e+05,4.0757,15.565,0.74687,0
9.9971e+05,3.9637,15.471,0.72818,0
1.0125e+06,3.8763,15.377,0.70996,0
1.0254e+06,3.7913,15.284,0.6922,2.2672e-05
1.0384e+06,3.7081,15.191,0.67488,0.00054106
1.0517e+06,3.6268,15.098,0.658,0.0017636
1.0651e+06,3.5473,15.005,0.64154,0.0037173
1.0787e+06,3.4695,14.912,0.62549,0.0064296
1.0924e+06,3.3935,14.82,0.60984,0.0099293
1.1063e+06,3.3191,14.728,0.59458,0.014246
1.1204e+06,3.2463,14.637,0.57971,0.019409
1.1347e+06,3.1751,14.546,0.5652,0.02545
1.1492e+06,3.1055,14.455,0.55106,0.0324
1.1638e+06,3.0374,14.364,0.53728,0.040294
1.1787e+06,2.9708,14.273,0.52384,0.049165
1.1937e+06,2.9057,14.183,0.51073,0.059048
1.2089e+06,2.842,14.093,0.49795,0.069978
1.2243e+06,2.7797,14.004,0.48549,0.081993
1.2399e+06,2.7187,13.915,0.47335,0.095131
1.2558e+06,2.6591,13.826,0.46151,0.10943
1.2718e+06,2.6008,13.737,0.44996,0.12493
1.288e+06,2.5438,13.649,0.4387,0.14168
1.3044e+06,2.488,13.561,0.42773,0.15971
1.321e+06,2.4335,13.473,0.41703,0.17908
1.3379e+06,2.3801,13.385,0.40659,0.19982
1.3549e+06,2.3279,13.298,0.39642,0.22198
1.3722e+06,2.2769,13.211,0.3865,0.24561
1.3897e+06,2.227,13.125,0.37683,0.27076
1.4074e+06,2.1781,13.039,0.36741,0.29748
1.4254e+06,2.1304,12.953,0.35821,0.32583
1.4435e+06,2.0837,12.867,0.34925,0.35584
1.4619e+06,2.038,12.782,0.34052,0.38759
1.4806e+06,1.9933,12.697,0.332,0.42113
1.4994e+06,1.9496,12.612,0.32369,0.45651
1.5186e+06,1.9069,12.528,0.31559,0.4913
1.5379e+06,1.865,12.444,0.3077,0.52672
1.5575e+06,1.8242,12.36,0.3,0.56281
1.5774e+06,1.7842,12.277,0.29249,0.59957
1.5975e+06,1.745,12.194,0.28518,0.637
1.6179e+06,1.7068,12.111,0.27804,0.67509
1.6385e+06,1.6694,12.029,0.27108,0.71384
1.6594e+06,1.6328,11.947,0.2643,0.75324
1.6805e+06,1.597,11.865,0.25769,0.79328
1.7019e+06,1.5619,11.783,0.25124,0.83397
1.7236e+06,1.5277,11.702,0.24496,0.87529
1.7456e+06,1.4942,11.621,0.23883,0.91724
1.7679e+06,1.4614,11.541,0.23285,0.95982
1.7904e+06,1.4294,11.461,0.22703,1.003
1.8132e+06,1.3981,11.381,0.22135,1.0468
1.8364e+06,1.3674,11.302,0.21581,1.0913
1.8598e+06,1.3374,11.223,0.21041,1.1363
1.8835e+06,1.3081,11.144,0.20515,1.1819
1.9075e+06,1.2794,11.065,0.20002,1.2281
1.9318e+06,1.2514,10.987,0.19501,1.275
1.9564e+06,1.2239,10.909,0.19013,1.3224
1.9814e+06,1.1971,10.832,0.18538,1.3703
2.0066e+06,1.1708,10.755,0.18074,1.4189
2.0322e+06,1.1452,10.678,0.17622,1.468
2.0581e+06,1.1201,10.602,0.17181,1.5177
2.0844e+06,1.0955,10.526,0.16751,1.568
2.1109e+06,1.0715,10.45,0.16332,1.6188
2.1378e+06,1.048,10.375,0.15923,1.6702
2.1651e+06,1.025,10.299,0.15525,1.7221
2.1927e+06,1.0025,10.225,0.15137,1.7745
2.2207e+06,0.98057,10.15,0.14758,1.8275
2.249e+06,0.95907,10.076,0.14389,1.881
2.2776e+06,0.93804,10.003,0.14029,1.9351
2.3067e+06,0.91747,9.9294,0.13678,1.9897
2.3361e+06,0.89736,9.8565,0.13335,2.0448
2.3659e+06,0.87768,9.7838,0.13002,2.1004
2.396e+06,0.85844,9.7116,0.12677,2.1565
2.4266e+06,0.83962,9.6396,0.12359,2.2131
2.4575e+06,0.82121,9.5681,0.1205,2.2702
2.4888e+06,0.8032,9.4969,0.11749,2.3278
2.5206e+06,0.78559,9.426,0.11455,2.3859
2.5527e+06,0.76837,9.3555,0.11168,2.4445
2.5853e+06,0.75152,9.2853,0.10889,2.5036
2.6182e+06,0.73504,9.2155,0.10616,2.5631
2.6516e+06,0.71893,9.146,0.10351,2.6232
2.6854e+06,0.70316,9.0769,0.10092,2.6836
2.7196e+06,0.68775,9.0082,0.098394,2.7446
2.7543e+06,0.67267,8.9398,0.095932,2.806
2.7894e+06,0.65792,8.8717,0.093532,2.8679
2.825e+06,0.64349,8.804,0.091192,2.9302
2.861e+06,0.62939,8.7367,0.088911,2.9929
2.8975e+06,0.61559,8.6697,0.086686,3.0561
2.9344e+06,0.60209,8.6031,0.084518,3.1198
2.9718e+06,0.58889,8.5368,0.082403,3.1839
3.0097e+06,0.57495,8.4708,0.080342,3.2484
3.0481e+06,0.55844,8.4053,0.078332,3.3133
3.0869e+06,0.54241,8.3401,0.076372,3.3786
3.1263e+06,0.52683,8.2752,0.074461,3.4444
3.1661e+06,0.5117,8.2107,0.072598,3.5105
3.2065e+06,0.49701,8.1465,0.070782,3.5771
3.2474e+06,0.48274,8.0828,0.069011,3.6441
3.2888e+06,0.46887,8.0193,0.067285,3.7114
3.3307e+06,0.45541,7.9562,0.065601,3.7792
3.3732e+06,0.44233,7.8935,0.06396,3.8474
3.4162e+06,0.42963,7.8311,0.06236,3.9159
3.4597e+06,0.41729,7.7691,0.0608,3.9848
3.5038e+06,0.40531,7.7074,0.059279,4.0541
3.5485e+06,0.39367,7.6461,0.057796,4.1238
3.5937e+06,0.38237,7.5851,0.05635,4.1938
3.6396e+06,0.37138,7.5245,0.05494,4.2642
3.686e+06,0.36072,7.4643,0.053566,4.335
3.733e+06,0.35036,7.4044,0.052225,4.4061
3.7805e+06,0.3403,7.3448,0.050919,4.4775
3.8287e+06,0.33053,7.2856,0.049645,4.5494
3.8776e+06,0.32104,7.2268,0.048403,4.6215
3.927e+06,0.31182,7.1683,0.047192,4.694
3.9771e+06,0.30286,7.1101,0.046011,4.7669
4.0278e+06,0.29417,7.0524,0.04486,4.84
4.0791e+06,0.28572,6.9949,0.043738,4.9135
4.1311e+06,0.27751,6.9378,0.042644,4.9873
4.1838e+06,0.26954,6.8811,0.041577,5.0615
4.2371e+06,0.2618,6.8247,0.040537,5.1359
4.2911e+06,0.25429,6.7686,0.039523,5.2107
4.3458e+06,0.24698,6.7129,0.038534,5.2857
4.4012e+06,0.23989,6.6576,0.03757,5.3611
4.4573e+06,0.233,6.6026,0.03663,5.4368
4.5142e+06,0.22631,6.5479,0.035713,5.5128
4.5717e+06,0.21981,6.4936,0.03482,5.589
4.63e+06,0.2135,6.4396,0.033949,5.6656
4.689e+06,0.20737,6.386,0.033099,5.7424
4.7488e+06,0.20141,6.3327,0.032271,5.8195
4.8094e+06,0.19563,6.2798,0.031464,5.8969
4.8707e+06,0.19001,6.2272,0.030677,5.9746
4.9328e+06,0.18456,6.1749,0.029909,6.0525
4.9957e+06,0.17926,6.123,0.029161,6.1307
5.0593e+06,0.17411,6.0714,0.028432,6.2092
5.1238e+06,0.16911,6.0202,0.02772,6.2879
5.1892e+06,0.16425,5.9693,0.027027,6.3669
5.2553e+06,0.15954,5.9187,0.026351,6.4461
5.3223e+06,0.15496,5.8685,0.025691,6.5256
5.3902e+06,0.15051,5.8186,0.025049,6.6053
5.4589e+06,0.14618,5.769,0.024422,6.6853
5.5285e+06,0.14199,5.7198,0.023811,6.7655
5.599e+06,0.13791,5.6709,0.023215,6.8459
5.6703e+06,0.13395,5.6223,0.022634,6.9266
5.7426e+06,0.1301,5.5741,0.022068,7.0075
5.8158e+06,0.12637,5.5262,0.021516,7.0886
5.89e+06,0.12274,5.4786,0.020978,7.1699
5.9651e+06,0.11921,5.4314,0.020453,7.2514
6.0411e+06,0.11579,5.3845,0.019941,7.3332
6.1181e+06,0.11246,5.3379,0.019442,7.4151
6.1961e+06,0.10923,5.2916,0.018956,7.4973
6.2751e+06,0.1061,5.2457,0.018482,7.5797
6.3551e+06,0.10305,5.2,0.018019,7.6622
6.4362e+06,0.10009,5.1547,0.017568,7.745
6.5182e+06,0.097217,5.1097,0.017129,7.8279
6.6013e+06,0.094425,5.0651,0.0167,7.9111
6.6855e+06,0.091714,5.0207,0.016283,7.9944
6.7707e+06,0.08908,4.9767,0.015875,8.0779
6.857e+06,0.086522,4.933,0.015478,8.1615
6.9444e+06,0.084037,4.8896,0.015091,8.2454
7.033e+06,0.081624,4.8465,0.014713,8.3294
7.1226e+06,0.07928,4.8037,0.014345,8.4136
7.2134e+06,0.077004,4.7612,0.013986,8.4979
7.3054e+06,0.074792,4.7191,0.013636,8.5824
7.3985e+06,0.072645,4.6772,0.013295,8.6671
7.4928e+06,0.070558,4.6357,0.012963,8.7519
7.5884e+06,0.068532,4.5944,0.012638,8.8369
7.6851e+06,0.066564,4.5535,0.012322,8.922
7.7831e+06,0.064653,4.5129,0.012014,9.0073
7.8823e+06,0.062796,4.4725,0.011713,9.0927
7.9828e+06,0.060993,4.4325,0.01142,9.1782
8.0846e+06,0.059241,4.3928,0.011135,9.2639
8.1876e+06,0.05754,4.3533,0.010856,9.3497
8.292e+06,0.055888,4.3142,0.010584,9.4356
8.3977e+06,0.054283,4.2754,0.01032,9.5217
8.5048e+06,0.052724,4.2368,0.010061,9.6079
8.6132e+06,0.05121,4.1986,0.0098097,9.6942
8.723e+06,0.04974,4.1606,0.0095643,9.7806
8.8342e+06,0.048311,4.1229,0.009325,9.8671
8.9469e+06,0.046924,4.0855,0.0090917,9.9538
9.0609e+06,0.045576,4.0484,0.0088642,10.041
9.1764e+06,0.044268,4.0116,0.0086425,10.127
9.2934e+06,0.042996,3.9751,0.0084263,10.214
9.4119e+06,0.041762,3.9388,0.0082155,10.301
9.5319e+06,0.040562,3.9029,0.0080099,10.389
9.6534e+06,0.039398,3.8672,0.0078095,10.476
9.7765e+06,0.038266,3.8318,0.0076141,10.563
9.9011e+06,0.037167,3.7966,0.0074237,10.65
1.0027e+07,0.0361,3.7618,0.0072379,10.738
1.0155e+07,0.035063,3.7272,0.0070569,10.826
1.0285e+07,0.034057,3.6929,0.0068803,10.913
1.0416e+07,0.033079,3.6588,0.0067082,11.001
1.0549e+07,0.032129,3.6251,0.0065403,11.089
1.0683e+07,0.031206,3.5916,0.0063767,11.177
1.0819e+07,0.03031,3.5583,0.0062172,11.264
1.0957e+07,0.02944,3.5254,0.0060616,11.352
1.1097e+07,0.028594,3.4927,0.00591,11.441
1.1238e+07,0.027773,3.4602,0.0057621,11.529
1.1382e+07,0.026975,3.4281,0.005618,11.617
1.1527e+07,0.026201,3.3961,0.0054774,11.705
1.1674e+07,0.025448,3.3645,0.0053404,11.793
1.1822e+07,0.024718,3.3331,0.0052068,11.882
1.1973e+07,0.024008,3.3019,0.0050765,11.97
1.2126e+07,0.023318,3.271,0.0049495,12.058
1.228e+07,0.022649,3.2404,0.0048257,12.147
1.2437e+07,0.021998,3.21,0.004705,12.235
1.2596e+07,0.021367,3.1798,0.0045873,12.324
1.2756e+07,0.020753,3.1499,0.0044725,12.412
1.2919e+07,0.020157,3.1203,0.0043606,12.501
1.3083e+07,0.019578,3.0909,0.0042515,12.589
1.325e+07,0.019016,3.0617,0.0041451,12.678
1.3419e+07,0.01847,3.0328,0.0040414,12.766
1.359e+07,0.01794,3.0041,0.0039403,12.855
1.3764e+07,0.017424,2.9757,0.0038417,12.944
1.3939e+07,0.016924,2.9475,0.0037456,13.032
1.4117e+07,0.016438,2.9195,0.0036519,13.121
1.4297e+07,0.015966,2.8918,0.0035606,13.21
1.4479e+07,0.015508,2.8643,0.0034715,13.298
1.4664e+07,0.015062,2.837,0.0033846,13.387
1.485e+07,0.01463,2.81,0.0033,13.476
1.504e+07,0.01421,2.7832,0.0032174,13.564
1.5232e+07,0.013802,2.7566,0.0031369,13.653
1.5426e+07,0.013405,2.7303,0.0030584,13.742
1.5622e+07,0.01302,2.7041,0.0029819,13.83
1.5822e+07,0.012646,2.6782,0.0029073,13.919
1.6023e+07,0.012283,2.6525,0.0028346,14.008
1.6228e+07,0.01193,2.6271,0.0027637,14.096
1.6434e+07,0.011588,2.6018,0.0026945,14.185
1.6644e+07,0.011255,2.5768,0.0026271,14.273
1.6856e+07,0.010932,2.552,0.0025614,14.362
1.7071e+07,0.010618,2.5274,0.0024973,14.45
1.7289e+07,0.010313,2.503,0.0024348,14.539
1.7509e+07,0.010017,2.4788,0.0023739,14.627
1.7732e+07,0.0097293,2.4548,0.0023145,14.716
1.7958e+07,0.0094499,2.4311,0.0022566,14.804
1.8187e+07,0.0091785,2.4075,0.0022002,14.892
1.8419e+07,0.0089149,2.3842,0.0021451,14.98
1.8654e+07,0.0086589,2.361,0.0020914,15.069
1.8892e+07,0.0084103,2.3381,0.0020391,15.157
1.9133e+07,0.0081688,2.3154,0.0019881,15.245
1.9377e+07,0.0079342,2.2928,0.0019384,15.333
1.9624e+07,0.0077064,2.2705,0.0018899,15.421
1.9874e+07,0.0074851,2.2483,0.0018426,15.509
